data;horario;n_da_ocorrencia;tipo_de_ocorrencia;km;trecho;sentido;tipo_de_acidente;caminhao;ilesos;levemente_feridos;moderadamente_feridos;gravemente_feridos;mortos;3
13/08/2010;18:46:00;1708;com vítima;109;BR-040/RJ;Norte;Colisão Traseira;1;1;1;;;;1
13/08/2010;20:20:00;1719;sem vítima;113;BR-040/RJ;Norte;Colisão Traseira;1;2;;;;;1
13/08/2010;08:09:00;1634;sem vítima;124;BR-040/RJ;Sul;Colisão Lateral;1;2;;;;;1
16/08/2010;23:13:00;2139;com vítima;803;BR-040/MG;Norte;Colisão Traseira;2;1;1;1;;;2
16/08/2010;16:34:00;2103;com vítima;124;BR-040/RJ;Norte;Engavetamento;2;0;5;;1;;2
17/08/2010;13:15:00;2202;sem vítima;122;BR-040/RJ;Norte;Colisão Lateral;1;2;;;;;1
17/08/2010;09:43:00;2174;sem vítima;123;BR-040/RJ;Sul;Colisão Lateral;1;2;;;;;1
18/08/2010;06:08:00;2279;sem vítima;122;BR-040/RJ;Sul;Colisão Transversal;1;2;;;;;1
18/08/2010;14:29:00;2344;sem vítima;124;BR-040/RJ;Norte;Colisão Traseira;1;2;;;;;1
18/08/2010;20:30:00;2392;sem vítima;124;BR-040/RJ;Norte;Colisão Lateral;1;2;;;;;1
19/08/2010;03:08:00;2414;com vítima;76;BR-040/RJ;Sul;Derrapagem;1;0;1;;;;1
20/08/2010;20:17:00;2684;sem vítima;74;BR-040/RJ;Norte;Colisão Traseira;1;2;;;;;1
20/08/2010;23:43:00;2706;com vítima;793;BR-040/MG;Sul;Tombamento;1;0;;;1;;2
20/08/2010;06:12:00;2568;sem vítima;815;BR-040/MG;Sul;Colisão Lateral;1;2;;;;;1
20/08/2010;17:53:00;2662;sem vítima;94;BR-040/RJ;Norte;Colisão Traseira;1;2;;;;;1
20/08/2010;12:57:00;2616;sem vítima;119;BR-040/RJ;Sul;Tombamento;1;3;;;;;1
21/08/2010;16:48:00;2785;com vítima;104;BR-040/RJ;Sul;Engavetamento;1;2;2;;;;1
21/08/2010;05:54:00;2722;com vítima;117;BR-040/RJ;Norte;Colisão Traseira;1;1;;2;2;;2
23/08/2010;06:44:00;2978;sem vítima;45;BR-040/RJ;Sul;Colisão Lateral;1;2;;;;;1
23/08/2010;05:40:00;2972;com vítima;115;BR-040/RJ;Sul;Engavetamento;1;2;5;;;;1
23/08/2010;09:26:00;2992;sem vítima;122;BR-040/RJ;Sul;Colisão Lateral;1;2;;;;;1
23/08/2010;06:00:00;2975;sem vítima;123;BR-040/RJ;Norte;Colisão Lateral;1;2;;;;;1
24/08/2010;16:09:00;3169;sem vítima;38;BR-040/RJ;Sul;Colisão Lateral;1;2;;;;;1
24/08/2010;19:15:00;3189;sem vítima;90;BR-040/RJ;Norte;Colisão Lateral;2;2;;;;;1
24/08/2010;10:50:00;3129;sem vítima;104;BR-040/RJ;Norte;Colisão Lateral;2;2;;;;;1
24/08/2010;15:17:00;3163;com vítima;109;BR-040/RJ;Sul;Colisão Lateral;2;1;2;;1;;2
24/08/2010;17:55:00;3175;sem vítima;122;BR-040/RJ;Norte;Choque - Objeto Fixo;1;1;;;;;1
24/08/2010;22:05:00;3204;sem vítima;124;BR-040/RJ;Norte;Choque - Objeto Fixo;1;2;;;;;1
25/08/2010;10:11:00;3247;com vítima;78;BR-040/RJ;Sul;Tombamento;1;0;1;;;;1
26/08/2010;23:20:00;3492;com vítima;122;BR-040/RJ;Norte;Colisão Traseira;1;1;1;;;;1
27/08/2010;08:35:00;3532;sem vítima;122;BR-040/RJ;Sul;Colisão Traseira;1;2;;;;;1
27/08/2010;08:50:00;3533;sem vítima;122;BR-040/RJ;Sul;Colisão Traseira;2;2;;;;;1
28/08/2010;08:26:00;3673;com vítima;66;BR-040/RJ;Sul;Tombamento;1;0;;3;;;2
31/08/2010;14:57:00;4100;sem vítima;62;BR-040/RJ;Sul;Tombamento;1;1;;;;;1
31/08/2010;07:12:00;4049;com vítima;787;BR-040/MG;Norte;Derrapagem;1;0;1;1;;;2
31/08/2010;16:01:00;4110;sem vítima;122;BR-040/RJ;Norte;Colisão Lateral;1;2;;;;;1
31/08/2010;06:36:00;4046;sem vítima;123;BR-040/RJ;Sul;Colisão Lateral;1;2;;;;;1
01/09/2010;12:29:00;56;sem vítima;114;BR-040/RJ;Norte;Tombamento;1;1;;;;;1
01/09/2010;16:09:00;76;sem vítima;114;BR-040/RJ;Norte;Colisão Lateral;1;2;;;;;1
01/09/2010;11:48:00;52;com vítima;122;BR-040/RJ;Sul;Engavetamento;1;2;1;;;;1
02/09/2010;10:27:00;175;sem vítima;122;BR-040/RJ;Sul;Colisão Traseira;1;2;;;;;1
02/09/2010;19:35:00;247;sem vítima;123;BR-040/RJ;Sul;Colisão Traseira;1;2;;;;;1
03/09/2010;02:38:00;278;sem vítima;95;BR-040/RJ;Sul;Derrapagem;1;1;;;;;1
03/09/2010;21:45:00;439;sem vítima;114;BR-040/RJ;Sul;Colisão Lateral;1;3;;;;;1
03/09/2010;09:25:00;310;sem vítima;118;BR-040/RJ;Sul;Colisão Lateral;1;2;;;;;1
03/09/2010;08:02:00;298;sem vítima;120;BR-040/RJ;Sul;Colisão Lateral;1;2;;;;;1
03/09/2010;06:43:00;292;sem vítima;123;BR-040/RJ;Norte;Engavetamento;1;3;;;;;1
06/09/2010;15:47:00;805;sem vítima;85;BR-040/RJ;Norte;Colisão Lateral;1;2;;;;;1
06/09/2010;05:36:00;758;com vítima;90;BR-040/RJ;Sul;Tombamento;1;0;1;;;;1
06/09/2010;15:40:00;807;sem vítima;112;BR-040/RJ;Norte;Colisão Lateral;1;2;;;;;1
06/09/2010;15:48:00;806;sem vítima;118;BR-040/RJ;Sul;Choque - Objeto Fixo;1;1;;;;;1
07/09/2010;17:37:00;945;com vítima;786;BR-040/MG;Norte;Tombamento;1;0;1;;;;1
07/09/2010;07:23:00;881;sem vítima;88;BR-040/RJ;Norte;Colisão Lateral;1;2;;;;;1
07/09/2010;10:08:00;889;sem vítima;89;BR-040/RJ;Sul;Derrapagem;1;1;;;;;1
07/09/2010;23:40:00;988;com vítima;124;BR-040/RJ;Norte;Tombamento;1;0;;1;;;2
09/09/2010;19:35:00;1195;sem vítima;794;BR-040/MG;Norte;Colisão Traseira;1;2;;;;;1
09/09/2010;05:21:00;1113;com vítima;107;BR-040/RJ;Sul;Engavetamento;2;2;3;4;;;2
10/09/2010;13:25:00;1260;sem vítima;104;BR-040/RJ;Sul;Colisão Traseira;1;2;;;;;1
10/09/2010;20:20:00;1303;sem vítima;104;BR-040/RJ;Sul;Colisão Traseira;1;2;;;;;1
10/09/2010;16:20:00;1277;com vítima;115;BR-040/RJ;Norte;Colisão Traseira;1;1;1;;;;1
11/09/2010;10:55:00;1366;sem vítima;124;BR-040/RJ;Norte;Colisão Lateral;1;3;;;;;1
13/09/2010;08:07:00;1605;com vítima;32;BR-040/RJ;Sul;Tombamento;1;0;1;;;;1
13/09/2010;07:50:00;1603;sem vítima;109;BR-040/RJ;Norte;Colisão Lateral;1;2;;;;;1
13/09/2010;11:03:00;1635;sem vítima;120;BR-040/RJ;Sul;Colisão Lateral;1;2;;;;;1
13/09/2010;08:36:00;1608;sem vítima;121;BR-040/RJ;Sul;Colisão Traseira;1;2;;;;;1
13/09/2010;17:20:00;1690;sem vítima;121;BR-040/RJ;Norte;Colisão Lateral;1;2;;;;;1
14/09/2010;10:41:00;1773;sem vítima;105;BR-040/RJ;Sul;Colisão Traseira;1;2;;;;;1
14/09/2010;13:07:00;1794;sem vítima;113;BR-040/RJ;Norte;Colisão Transversal;1;2;;;;;1
14/09/2010;17:27:00;1820;sem vítima;123;BR-040/RJ;Norte;Colisão Lateral;1;2;;;;;1
15/09/2010;05:07:00;1868;sem vítima;39;BR-040/RJ;Norte;Choque - Objeto Fixo;1;1;;;;;1
15/09/2010;17:54:00;1965;sem vítima;85;BR-040/RJ;Norte;Choque - Objeto Fixo;1;1;;;;;1
15/09/2010;14:58:00;1951;sem vítima;113;BR-040/RJ;Sul;Colisão Lateral;2;2;;;;;1
16/09/2010;11:16:00;2042;sem vítima;78;BR-040/RJ;Norte;Colisão Traseira;1;2;;;;;1
16/09/2010;17:41:00;2076;sem vítima;109;BR-040/RJ;Norte;Colisão Lateral;1;3;;;;;1
16/09/2010;17:18:00;2071;sem vítima;119;BR-040/RJ;Norte;Colisão Traseira;1;2;;;;;1
17/09/2010;09:59:00;2145;sem vítima;21;BR-040/RJ;Sul;Choque - Objeto Fixo;1;1;;;;;1
17/09/2010;21:40:00;2234;sem vítima;775;BR-040/MG;Norte;Atropelamento - Animal;1;1;;;;;1
17/09/2010;06:58:00;2123;sem vítima;122;BR-040/RJ;Sul;Colisão Traseira;1;2;;;;;1
17/09/2010;14:28:00;2179;sem vítima;125;BR-040/RJ;Sul;Tombamento;1;1;;;;;1
18/09/2010;20:24:00;2345;com vítima;47;BR-040/RJ;Norte;Tombamento;1;0;1;;;;1
18/09/2010;05:42:00;2259;sem vítima;101;BR-040/RJ;Norte;Derrapagem;1;2;;;;;1
18/09/2010;11:57:00;2301;sem vítima;102;BR-040/RJ;Norte;Choque - Objeto Fixo;1;1;;;;;1
20/09/2010;07:15:00;2505;sem vítima;123;BR-040/RJ;Sul;Colisão Traseira;1;2;;;;;1
21/09/2010;16:07:00;2676;sem vítima;73;BR-040/RJ;Norte;Colisão Traseira;1;2;;;;;1
21/09/2010;11:10:00;2638;sem vítima;104;BR-040/RJ;Sul;Colisão Traseira;1;2;;;;;1
21/09/2010;09:13:00;2624;sem vítima;122;BR-040/RJ;Sul;Colisão Traseira;1;2;;;;;1
21/09/2010;07:33:00;2615;sem vítima;123;BR-040/RJ;Sul;Colisão Lateral;1;2;;;;;1
21/09/2010;09:25:00;2625;sem vítima;123;BR-040/RJ;Sul;Colisão Lateral;1;2;;;;;1
22/09/2010;13:25:00;2776;com vítima;73;BR-040/RJ;Norte;Choque - Objeto Fixo;1;0;2;1;;;2
22/09/2010;16:31:00;2796;sem vítima;124;BR-040/RJ;Norte;Colisão Lateral;1;2;;;;;1
23/09/2010;05:52:00;2861;com vítima;794;BR-040/MG;Norte;Tombamento;1;0;1;;;;1
24/09/2010;19:10:00;3107;com vítima;43;BR-040/RJ;Norte;Tombamento;1;0;;2;;;2
24/09/2010;06:24:00;3006;sem vítima;58;BR-040/RJ;Sul;Choque - Objeto Fixo;1;1;;;;;1
24/09/2010;13:36:00;3068;sem vítima;99;BR-040/RJ;Norte;Colisão Traseira;1;2;;;;;1
24/09/2010;23:51:00;3125;com vítima;112;BR-040/RJ;Norte;Colisão Traseira;1;1;;2;;;2
25/09/2010;14:11:00;3206;sem vítima;787;BR-040/MG;Norte;Colisão Lateral;1;2;;;;;1
26/09/2010;19:00:00;3342;com vítima;123;BR-040/RJ;Sul;Engavetamento;1;3;2;1;;;2
27/09/2010;09:10:00;3409;sem vítima;114;BR-040/RJ;Norte;Tombamento;1;1;;;;;1
27/09/2010;11:09:00;3417;sem vítima;122;BR-040/RJ;Sul;Colisão Lateral;1;2;;;;;1
27/09/2010;08:43:00;3401;sem vítima;123;BR-040/RJ;Sul;Colisão Lateral;1;2;;;;;1
28/09/2010;23:00:00;3613;com vítima;22;BR-040/RJ;Sul;Tombamento;1;0;;2;;;2
28/09/2010;09:33:00;3535;sem vítima;123;BR-040/RJ;Sul;Colisão Lateral;1;2;;;;;1
29/09/2010;04:34:00;3621;sem vítima;93;BR-040/RJ;Sul;Derrapagem;1;1;;;;;1
29/09/2010;08:30:00;3636;sem vítima;124;BR-040/RJ;Sul;Colisão Lateral;1;2;;;;;1
29/09/2010;08:25:00;3637;sem vítima;124;BR-040/RJ;Sul;Colisão Lateral;2;2;;;;;1
29/09/2010;10:40:00;3653;sem vítima;124;BR-040/RJ;Sul;Engavetamento;2;3;;;;;1
30/09/2010;07:37:00;3746;sem vítima;104;BR-040/RJ;Sul;Colisão Traseira;1;2;;;;;1
30/09/2010;08:36:00;3753;sem vítima;124;BR-040/RJ;Sul;Colisão Lateral;1;2;;;;;1
30/09/2010;15:12:00;3796;sem vítima;124;BR-040/RJ;Norte;Colisão Lateral;1;3;;;;;1
01/10/2010;13:00:00;70;com vítima;32;BR-040/RJ;Norte;Tombamento;1;0;;1;;;2
01/10/2010;17:53:00;108;com vítima;84;BR-040/RJ;Sul;Engavetamento;1;3;;1;;;2
01/10/2010;21:25:00;137;sem vítima;93;BR-040/RJ;Norte;Choque - Objeto Fixo;1;1;;;;;1
01/10/2010;17:37:00;105;sem vítima;110;BR-040/RJ;Sul;Colisão Lateral;2;2;;;;;1
02/10/2010;16:14:00;214;sem vítima;105;BR-040/RJ;Sul;Colisão Lateral;1;2;;;;;1
02/10/2010;09:34:00;178;sem vítima;112;BR-040/RJ;Norte;Colisão Traseira;1;2;;;;;1
04/10/2010;07:40:00;394;sem vítima;123;BR-040/RJ;Sul;Colisão Traseira;1;2;;;;;1
05/10/2010;10:57:00;526;sem vítima;22;BR-040/RJ;Sul;Tombamento;1;1;;;;;1
05/10/2010;17:25:00;580;sem vítima;79;BR-040/RJ;Norte;Choque - Objeto Fixo;1;1;;;;;1
05/10/2010;07:03:00;503;sem vítima;105;BR-040/RJ;Norte;Colisão Traseira;1;2;;;;;1
05/10/2010;14:05:00;558;com vítima;122;BR-040/RJ;Sul;Colisão Traseira;1;1;1;;;;1
06/10/2010;19:19:00;715;sem vítima;71;BR-040/RJ;Sul;Colisão Traseira;1;2;;;;;1
06/10/2010;00:08:00;618;sem vítima;92;BR-040/RJ;Sul;Derrapagem;1;1;;;;;1
06/10/2010;16:43:00;691;sem vítima;109;BR-040/RJ;Norte;Colisão Traseira;1;2;;;;;1
06/10/2010;07:33:00;644;sem vítima;122;BR-040/RJ;Sul;Colisão Traseira;1;2;;;;;1
07/10/2010;10:20:00;779;com vítima;808;BR-040/MG;Norte;Tombamento;1;1;1;;;;1
07/10/2010;00:04:00;738;sem vítima;813;BR-040/MG;Norte;Atropelamento - Animal;1;1;;;;;1
07/10/2010;11:39:00;789;sem vítima;119;BR-040/RJ;Sul;Colisão Lateral;1;2;;;;;1
07/10/2010;18:31:00;839;sem vítima;121;BR-040/RJ;Sul;Colisão Lateral;1;2;;;;;1
08/10/2010;01:44:00;863;sem vítima;13;BR-040/RJ;Norte;Choque - Objeto Fixo;1;1;;;;;1
08/10/2010;03:52:00;868;sem vítima;817;BR-040/MG;Norte;Choque - Objeto Fixo;1;1;;;;;1
08/10/2010;13:55:00;921;sem vítima;828;BR-040/MG;Sul;Colisão Lateral;1;2;;;;;1
08/10/2010;07:58:00;881;sem vítima;123;BR-040/RJ;Sul;Colisão Traseira;1;2;;;;;1
09/10/2010;15:32:00;1110;sem vítima;101;BR-040/RJ;Sul;Colisão Traseira;1;2;;;;;1
11/10/2010;08:30:00;1312;sem vítima;4;BR-040/RJ;Sul;Tombamento;1;1;;;;;1
12/10/2010;12:15:00;1471;sem vítima;4;BR-040/RJ;Sul;Colisão Lateral;1;2;;;;;1
12/10/2010;00:00:00;1418;sem vítima;77;BR-040/RJ;Sul;Choque - Objeto Fixo;1;1;;;;;1
12/10/2010;19:55:00;1518;sem vítima;811;BR-040/MG;Sul;Colisão Traseira;1;2;;;;;1
13/10/2010;17:32:00;1645;sem vítima;97;BR-040/RJ;Norte;Tombamento;1;1;;;;;1
13/10/2010;13:44:00;1603;sem vítima;114;BR-040/RJ;Sul;Tombamento;1;1;;;;;1
13/10/2010;15:00:00;1621;sem vítima;120;BR-040/RJ;Norte;Colisão Lateral;1;2;;;;;1
14/10/2010;17:00:00;1767;sem vítima;6;BR-040/RJ;Sul;Colisão Traseira;1;2;;;;;1
15/10/2010;02:39:00;1801;com vítima;4;BR-040/RJ;Norte;Choque - Objeto Fixo;1;1;1;;;;1
15/10/2010;10:09:00;1832;com vítima;32;BR-040/RJ;Sul;Tombamento;1;0;;1;;;2
15/10/2010;09:48:00;1829;com vítima;784;BR-040/MG;Norte;Tombamento;1;0;1;;;;1
15/10/2010;04:42:00;1806;sem vítima;96;BR-040/RJ;Norte;Choque - Objeto Fixo;1;1;;;;;1
15/10/2010;13:37:00;1855;sem vítima;122;BR-040/RJ;Norte;Colisão Lateral;1;2;;;;;1
15/10/2010;17:55:00;1901;sem vítima;122;BR-040/RJ;Norte;Colisão Lateral;1;2;;;;;1
16/10/2010;18:45:00;2043;sem vítima;105;BR-040/RJ;Norte;Colisão Traseira;1;2;;;;;1
16/10/2010;12:26:00;1990;com vítima;123;BR-040/RJ;Norte;Colisão Traseira;1;0;3;;;;1
17/10/2010;22:06:00;2174;sem vítima;22;BR-040/RJ;Norte;Choque - Objeto Fixo;1;2;;;;;1
18/10/2010;14:39:00;2232;com vítima;823;BR-040/MG;Sul;Colisão Traseira;1;1;4;1;;;2
18/10/2010;15:50:00;2248;com vítima;110;BR-040/RJ;Norte;Colisão Traseira;2;1;1;;;;1
18/10/2010;15:39:00;2240;sem vítima;124;BR-040/RJ;Sul;Colisão Lateral;1;2;;;;;1
19/10/2010;14:35:00;2345;sem vítima;115;BR-040/RJ;Sul;Colisão Traseira;1;2;;;;;1
19/10/2010;16:26:00;2357;sem vítima;123;BR-040/RJ;Sul;Colisão Lateral;1;2;;;;;1
20/10/2010;02:55:00;2404;sem vítima;88;BR-040/RJ;Sul;Choque - Objeto Fixo;1;1;;;;;1
20/10/2010;15:55:00;2465;sem vítima;110;BR-040/RJ;Norte;Colisão Traseira;1;2;;;;;1
20/10/2010;18:11:00;2486;sem vítima;110;BR-040/RJ;Norte;Colisão Lateral;1;2;;;;;1
21/10/2010;12:21:00;2565;com vítima;97;BR-040/RJ;Sul;Choque - Objeto Fixo;1;0;;1;;;2
21/10/2010;08:09:00;2532;com vítima;116;BR-040/RJ;Sul;Atropelamento - Pedestre;1;1;;;;1;3
21/10/2010;08:09:00;2539;sem vítima;116;BR-040/RJ;Sul;Colisão Lateral;1;3;;;;;1
21/10/2010;17:57:00;2605;sem vítima;124;BR-040/RJ;Sul;Colisão Traseira;1;2;;;;;1
22/10/2010;06:27:00;2656;com vítima;34;BR-040/RJ;Norte;Tombamento;1;0;1;;;;1
23/10/2010;10:40:00;2836;com vítima;109;BR-040/RJ;Sul;Capotamento;1;0;;11;;;2
23/10/2010;12:31:00;2844;sem vítima;109;BR-040/RJ;Norte;Colisão Traseira;1;2;;;;;1
24/10/2010;05:02:00;2936;com vítima;32;BR-040/RJ;Sul;Derrapagem;1;0;1;;;;1
25/10/2010;19:58:00;3105;sem vítima;782;BR-040/MG;Norte;Choque - Objeto Fixo;1;1;;;;;1
25/10/2010;17:28:00;3087;sem vítima;109;BR-040/RJ;Norte;Colisão Lateral;1;2;;;;;1
26/10/2010;08:43:00;3158;com vítima;22;BR-040/RJ;Norte;Tombamento;1;0;1;;;;1
26/10/2010;18:15:00;3215;com vítima;34;BR-040/RJ;Sul;Colisão Traseira;1;2;;1;;;2
26/10/2010;21:38:00;3231;sem vítima;97;BR-040/RJ;Sul;Derrapagem;1;1;;;;;1
26/10/2010;21:15:00;3228;sem vítima;116;BR-040/RJ;Sul;Colisão Traseira;1;2;;;;;1
26/10/2010;08:25:00;3154;sem vítima;120;BR-040/RJ;Sul;Colisão Transversal;1;2;;;;;1
26/10/2010;06:30:00;3147;sem vítima;121;BR-040/RJ;Sul;Colisão Traseira;1;2;;;;;1
26/10/2010;11:00:00;3176;com vítima;123;BR-040/RJ;Norte;Engavetamento;2;2;;;;1;3
27/10/2010;09:25:00;3269;sem vítima;124;BR-040/RJ;Sul;Colisão Lateral;1;2;;;;;1
28/10/2010;16:52:00;3436;sem vítima;112;BR-040/RJ;Sul;Colisão Traseira;2;2;;;;;1
28/10/2010;16:03:00;3428;sem vítima;120;BR-040/RJ;Norte;Colisão Lateral;1;2;;;;;1
29/10/2010;06:45:00;3488;sem vítima;114;BR-040/RJ;Sul;Colisão Traseira;1;3;;;;;1
29/10/2010;13:31:00;3534;sem vítima;115;BR-040/RJ;Norte;Colisão Lateral;1;2;;;;;1
30/10/2010;23:09:00;3803;sem vítima;85;BR-040/RJ;Norte;Colisão Lateral;2;2;;;;;1
01/11/2010;12:06:00;56;com vítima;24;BR-040/RJ;Norte;Colisão Lateral;1;1;1;1;;;2
01/11/2010;17:52:00;92;sem vítima;108;BR-040/RJ;Norte;Derrapagem;1;1;;;;;1
01/11/2010;16:25:00;82;com vítima;115;BR-040/RJ;Norte;Engavetamento;1;2;2;;;;1
02/11/2010;22:17:00;230;com vítima;68;BR-040/RJ;Norte;Tombamento;1;2;;1;;;2
02/11/2010;13:02:00;173;com vítima;119;BR-040/RJ;Sul;Tombamento;1;0;1;;;;1
03/11/2010;17:58:00;325;sem vítima;107;BR-040/RJ;Sul;Colisão Traseira;1;2;;;;;1
03/11/2010;06:31:00;253;sem vítima;109;BR-040/RJ;Norte;Colisão Traseira;2;2;;;;;1
03/11/2010;17:47:00;321;sem vítima;119;BR-040/RJ;Norte;Colisão Lateral;1;2;;;;;1
03/11/2010;07:48:00;263;sem vítima;121;BR-040/RJ;Sul;Colisão Traseira;2;2;;;;;1
03/11/2010;14:52:00;306;sem vítima;121;BR-040/RJ;Norte;Colisão Traseira;2;2;;;;;1
03/11/2010;11:13:00;286;sem vítima;122;BR-040/RJ;Sul;Colisão Traseira;1;2;;;;;1
04/11/2010;06:45:00;372;sem vítima;72;BR-040/RJ;Sul;Derrapagem;1;2;;;;;1
04/11/2010;17:53:00;432;sem vítima;124;BR-040/RJ;Norte;Choque - Objeto Fixo;1;2;;;;;1
05/11/2010;06:28:00;473;sem vítima;25;BR-040/RJ;Norte;Colisão Lateral;1;2;;;;;1
05/11/2010;21:37:00;614;com vítima;34;BR-040/RJ;Norte;Tombamento;1;0;;1;;;2
05/11/2010;13:45:00;539;sem vítima;119;BR-040/RJ;Sul;Colisão Traseira;1;2;;;;;1
05/11/2010;06:57:00;477;com vítima;121;BR-040/RJ;Sul;Colisão Traseira;1;1;1;;;;1
05/11/2010;07:51:00;484;sem vítima;123;BR-040/RJ;Sul;Colisão Lateral;1;2;;;;;1
05/11/2010;16:34:00;566;sem vítima;123;BR-040/RJ;Sul;Colisão Lateral;1;2;;;;;1
06/11/2010;04:40:00;635;com vítima;119;BR-040/RJ;Norte;Choque - Objeto Fixo;1;0;;1;;;2
06/11/2010;09:14:00;657;com vítima;119;BR-040/RJ;Norte;Choque - Objeto Fixo;1;1;1;;;;1
08/11/2010;18:37:00;991;sem vítima;45;BR-040/RJ;Norte;Colisão Lateral;1;2;;;;;1
08/11/2010;07:37:00;913;sem vítima;123;BR-040/RJ;Sul;Colisão Traseira;1;2;;;;;1
09/11/2010;23:15:00;1139;sem vítima;8;BR-040/RJ;Sul;Outros;1;1;;;;;1
09/11/2010;06:03:00;1029;sem vítima;822;BR-040/MG;Sul;Colisão Traseira;2;2;;;;;1
09/11/2010;19:19:00;1118;sem vítima;109;BR-040/RJ;Norte;Colisão Lateral;1;2;;;;;1
09/11/2010;06:40:00;1031;com vítima;114;BR-040/RJ;Norte;Tombamento;1;0;1;;;;1
09/11/2010;11:27:00;1060;sem vítima;124;BR-040/RJ;Sul;Engavetamento;2;3;;;;;1
10/11/2010;18:00:00;1224;sem vítima;45;BR-040/RJ;Norte;Colisão Traseira;1;2;;;;;1
10/11/2010;08:08:00;1159;com vítima;80;BR-040/RJ;Norte;Tombamento;1;0;;;;1;3
10/11/2010;13:30:00;1195;sem vítima;784;BR-040/MG;Norte;Choque - Objeto Fixo;1;1;;;;;1
10/11/2010;15:58:00;1210;sem vítima;104;BR-040/RJ;Norte;Colisão Traseira;2;2;;;;;1
11/11/2010;10:24:00;1285;sem vítima;124;BR-040/RJ;Sul;Colisão Traseira;1;2;;;;;1
12/11/2010;13:47:00;1433;sem vítima;24;BR-040/RJ;Norte;Choque - Objeto Fixo;1;0;;;;;1
12/11/2010;16:39:00;1456;sem vítima;823;BR-040/MG;Norte;Colisão Lateral;1;0;;;;;1
12/11/2010;11:49:00;1421;com vítima;92;BR-040/RJ;Sul;Tombamento;1;2;;2;;;2
12/11/2010;13:50:00;1434;sem vítima;119;BR-040/RJ;Sul;Colisão Traseira;1;0;;;;;1
12/11/2010;20:10:00;1486;sem vítima;123;BR-040/RJ;Sul;Colisão Lateral;1;0;;;;;1
13/11/2010;13:01:00;1599;sem vítima;84;BR-040/RJ;Sul;Colisão Lateral;1;0;;;;;1
15/11/2010;16:30:00;1866;sem vítima;45;BR-040/RJ;Sul;Colisão Lateral;1;0;;;;;1
16/11/2010;08:26:00;1970;com vítima;118;BR-040/RJ;Sul;Colisão Traseira;1;0;2;;;;1
16/11/2010;20:28:00;2066;sem vítima;124;BR-040/RJ;Sul;Choque - Objeto Fixo;1;1;;;;;1
17/11/2010;08:54:00;2118;sem vítima;104;BR-040/RJ;Norte;Colisão Lateral;1;2;;;;;1
17/11/2010;12:15:00;2145;sem vítima;109;BR-040/RJ;Norte;Colisão Lateral;1;2;;;;;1
17/11/2010;12:42:00;2146;sem vítima;120;BR-040/RJ;Sul;Colisão Lateral;1;2;;;;;1
17/11/2010;17:01:00;2175;sem vítima;122;BR-040/RJ;Norte;Colisão Lateral;1;2;;;;;1
17/11/2010;21:18:00;2203;sem vítima;123;BR-040/RJ;Sul;Colisão Lateral;1;2;;;;;1
17/11/2010;11:24:00;2137;sem vítima;124;BR-040/RJ;Norte;Colisão Lateral;1;2;;;;;1
17/11/2010;14:42:00;2158;sem vítima;124;BR-040/RJ;Sul;Colisão Lateral;1;2;;;;;1
17/11/2010;21:19:00;2204;sem vítima;124;BR-040/RJ;Sul;Colisão Lateral;1;2;;;;;1
18/11/2010;13:48:00;2276;sem vítima;113;BR-040/RJ;Sul;Colisão Lateral;1;2;;;;;1
19/11/2010;15:18:00;2429;sem vítima;24;BR-040/RJ;Sul;Colisão Lateral;2;2;;;;;1
19/11/2010;09:21:00;2388;com vítima;52;BR-040/RJ;Norte;Tombamento;1;0;;1;;;2
19/11/2010;11:55:00;2406;sem vítima;124;BR-040/RJ;Sul;Colisão Traseira;2;2;;;;;1
19/11/2010;18:44:00;2464;sem vítima;124;BR-040/RJ;Sul;Colisão Lateral;1;2;;;;;1
19/11/2010;14:09:00;2418;sem vítima;125;BR-040/RJ;Sul;Colisão Lateral;1;2;;;;;1
20/11/2010;08:07:00;2523;com vítima;73;BR-040/RJ;Sul;Colisão Traseira;1;1;4;1;;;2
20/11/2010;12:09:00;2563;com vítima;104;BR-040/RJ;Norte;Colisão Traseira;1;1;1;;;;1
21/11/2010;17:09:00;2738;com vítima;21;BR-040/RJ;Norte;Tombamento;1;0;1;;;;1
21/11/2010;16:55:00;2737;com vítima;783;BR-040/MG;Norte;Choque - Objeto Fixo;1;0;1;;;;1
22/11/2010;13:01:00;2844;sem vítima;60;BR-040/RJ;Sul;Colisão Lateral;1;2;;;;;1
22/11/2010;05:45:00;2800;com vítima;122;BR-040/RJ;Sul;Colisão Traseira;1;1;;1;1;;2
22/11/2010;08:38:00;2816;sem vítima;124;BR-040/RJ;Sul;Colisão Lateral;1;2;;;;;1
23/11/2010;08:56:00;2943;sem vítima;6;BR-040/RJ;Sul;Colisão Lateral;2;2;;;;;1
23/11/2010;01:38:00;2914;sem vítima;44;BR-040/RJ;Sul;Colisão Traseira;2;2;;;;;1
23/11/2010;20:30:00;3034;sem vítima;95;BR-040/RJ;Norte;Colisão Traseira;1;2;;;;;1
23/11/2010;11:02:00;2958;com vítima;100;BR-040/RJ;Norte;Tombamento;1;0;;3;;;2
23/11/2010;08:10:00;2936;sem vítima;123;BR-040/RJ;Sul;Colisão Lateral;1;2;;;;;1