data;horario;n_da_ocorrencia;tipo_de_ocorrencia;km;trecho;sentido;tipo_de_acidente;caminhao;ilesos;levemente_feridos;moderadamente_feridos;gravemente_feridos;mortos;3
24/11/2010;03:10:00;3053;com vítima;92;BR-040/RJ;Sul;Tombamento;1;0;;;;1;3
24/11/2010;06:23:00;3058;sem vítima;110;BR-040/RJ;Sul;Colisão Traseira;2;2;;;;;1
24/11/2010;14:27:00;3111;com vítima;121;BR-040/RJ;Sul;Derrapagem;1;0;1;1;;;2
25/11/2010;17:38:00;3253;sem vítima;96;BR-040/RJ;Norte;Colisão Lateral;1;2;;;;;1
25/11/2010;19:05:00;3264;sem vítima;123;BR-040/RJ;Norte;Colisão Lateral;1;2;;;;;1
25/11/2010;01:32:00;3162;sem vítima;124;BR-040/RJ;Sul;Tombamento;1;1;;;;;1
27/11/2010;13:15:00;3481;com vítima;109;BR-040/RJ;Norte;Tombamento;1;0;1;;;;1
27/11/2010;17:46:00;3517;sem vítima;123;BR-040/RJ;Norte;Colisão Traseira;1;2;;;;;1
29/11/2010;16:22:00;3769;com vítima;96;BR-040/RJ;Norte;Tombamento;1;0;;1;;;2
29/11/2010;14:31:00;3753;sem vítima;109;BR-040/RJ;Norte;Tombamento;1;2;;;;;1
30/11/2010;15:08:00;3904;com vítima;39;BR-040/RJ;Sul;Colisão Lateral;1;3;1;;;;1
30/11/2010;18:19:00;3936;sem vítima;787;BR-040/MG;Sul;Choque - Objeto Fixo;1;1;;;;;1
01/12/2010;00:39:00;3;com vítima;800;BR-040/MG;Sul;Choque - Objeto Fixo;1;1;1;;;;1
01/12/2010;19:35:00;104;sem vítima;89;BR-040/RJ;Sul;Colisão Traseira;1;3;;;;;1
01/12/2010;15:24:00;75;sem vítima;97;BR-040/RJ;Sul;Choque - Objeto Fixo;1;1;;;;;1
01/12/2010;09:13:00;31;com vítima;114;BR-040/RJ;Sul;Colisão Lateral;1;1;;;1;;2
01/12/2010;20:03:00;107;sem vítima;119;BR-040/RJ;Sul;Colisão Lateral;1;2;;;;;1
01/12/2010;16:53:00;86;com vítima;120;BR-040/RJ;Sul;Choque - Objeto Fixo;1;0;1;;;;1
01/12/2010;20:48:00;114;sem vítima;123;BR-040/RJ;Norte;Colisão Traseira;1;2;;;;;1
02/12/2010;00:48:00;132;sem vítima;16;BR-040/RJ;Norte;Atropelamento - Animal;1;1;;;;;1
02/12/2010;07:03:00;145;sem vítima;80;BR-040/RJ;Norte;Colisão Lateral;1;2;;;;;1
02/12/2010;19:28:00;239;com vítima;118;BR-040/RJ;Sul;Tombamento;1;0;;2;1;;2
02/12/2010;13:20:00;198;sem vítima;119;BR-040/RJ;Sul;Colisão Lateral;1;2;;;;;1
02/12/2010;09:52:00;168;sem vítima;121;BR-040/RJ;Norte;Colisão Lateral;1;2;;;;;1
02/12/2010;11:16:00;183;sem vítima;123;BR-040/RJ;Norte;Colisão Lateral;1;2;;;;;1
03/12/2010;08:59:00;298;sem vítima;22;BR-040/RJ;Sul;Colisão Traseira;1;2;;;;;1
03/12/2010;08:20:00;295;sem vítima;72;BR-040/RJ;Sul;Choque - Objeto Fixo;1;1;;;;;1
03/12/2010;21:46:00;428;com vítima;804;BR-040/MG;Norte;Colisão Traseira;1;0;3;1;1;;2
03/12/2010;17:46:00;383;sem vítima;111;BR-040/RJ;Norte;Colisão Lateral;1;2;;;;;1
03/12/2010;05:38:00;277;sem vítima;113;BR-040/RJ;Sul;Colisão Traseira;1;2;;;;;1
03/12/2010;15:18:00;357;sem vítima;118;BR-040/RJ;Sul;Colisão Lateral;1;2;;;;;1
03/12/2010;17:37:00;381;sem vítima;121;BR-040/RJ;Norte;Colisão Lateral;1;2;;;;;1
03/12/2010;16:04:00;365;sem vítima;123;BR-040/RJ;Sul;Colisão Lateral;1;2;;;;;1
03/12/2010;13:48:00;345;sem vítima;125;BR-040/RJ;Norte;Colisão Transversal;2;4;;;;;1
04/12/2010;04:42:00;451;sem vítima;96;BR-040/RJ;Norte;Choque - Objeto Fixo;1;1;;;;;1
04/12/2010;11:13:00;518;com vítima;109;BR-040/RJ;Sul;Colisão Lateral;1;1;;;1;;2
05/12/2010;20:07:00;738;sem vítima;121;BR-040/RJ;Norte;Colisão Traseira;1;2;;;;;1
05/12/2010;14:37:00;682;sem vítima;125;BR-040/RJ;Sul;Colisão Lateral;1;2;;;;;1
08/12/2010;16:27:00;1165;sem vítima;117;BR-040/RJ;Norte;Colisão Traseira;1;2;;;;;1
08/12/2010;03:02:00;1087;com vítima;122;BR-040/RJ;Norte;Colisão Frontal;1;1;;;;1;3
08/12/2010;08:06:00;1098;sem vítima;124;BR-040/RJ;Sul;Colisão Lateral;1;2;;;;;1
09/12/2010;23:06:00;1389;sem vítima;822;BR-040/MG;Norte;Colisão Traseira;1;2;;;;;1
09/12/2010;05:52:00;1251;com vítima;95;BR-040/RJ;Sul;Tombamento;1;0;1;;;;1
09/12/2010;08:37:00;1264;sem vítima;122;BR-040/RJ;Sul;Colisão Lateral;1;2;;;;;1
09/12/2010;10:29:00;1284;sem vítima;122;BR-040/RJ;Sul;Colisão Lateral;1;2;;;;;1
10/12/2010;16:07:00;1477;sem vítima;85;BR-040/RJ;Sul;Choque - Objeto Fixo;1;1;;;;;1
10/12/2010;07:19:00;1411;sem vítima;86;BR-040/RJ;Sul;Choque - Objeto Fixo;1;1;;;;;1
11/12/2010;03:11:00;1562;sem vítima;810;BR-040/MG;Norte;Choque - Objeto Fixo;1;1;;;;;1
12/12/2010;10:40:00;1765;com vítima;122;BR-040/RJ;Sul;Engavetamento;2;2;1;1;;;2
13/12/2010;22:00:00;2032;com vítima;107;BR-040/RJ;Norte;Colisão Traseira;1;1;1;;;;1
13/12/2010;14:50:00;1967;sem vítima;124;BR-040/RJ;Norte;Colisão Lateral;1;2;;;;;1
14/12/2010;17:20:00;2135;sem vítima;94;BR-040/RJ;Sul;Choque - Objeto Fixo;1;1;;;;;1
14/12/2010;14:48:00;2112;sem vítima;104;BR-040/RJ;Sul;Colisão Traseira;1;2;;;;;1
14/12/2010;17:25:00;2136;com vítima;109;BR-040/RJ;Norte;Colisão Lateral;1;1;1;;;;1
15/12/2010;19:32:00;2288;sem vítima;82;BR-040/RJ;Norte;Colisão Lateral;1;2;;;;;1
15/12/2010;06:26:00;2176;sem vítima;84;BR-040/RJ;Sul;Colisão Traseira;1;2;;;;;1
15/12/2010;18:32:00;2275;com vítima;783;BR-040/MG;Norte;Tombamento;1;0;1;;;;1
15/12/2010;17:25:00;2266;sem vítima;104;BR-040/RJ;Norte;Colisão Traseira;1;2;;;;;1
15/12/2010;04:51:00;2173;sem vítima;120;BR-040/RJ;Sul;Colisão Traseira;1;2;;;;;1
15/12/2010;18:36:00;2276;sem vítima;121;BR-040/RJ;Sul;Colisão Lateral;1;2;;;;;1
15/12/2010;05:50:00;2171;sem vítima;123;BR-040/RJ;Sul;Colisão Lateral;1;2;;;;;1
15/12/2010;07:06:00;2179;com vítima;123;BR-040/RJ;Sul;Colisão Lateral;1;1;;1;;;2
15/12/2010;17:19:00;2260;com vítima;125;BR-040/RJ;Sul;Colisão Traseira;1;0;1;;;;1
16/12/2010;15:23:00;2398;com vítima;43;BR-040/RJ;Sul;Colisão Lateral;1;1;1;;;;1
16/12/2010;12:05:00;2371;sem vítima;88;BR-040/RJ;Sul;Colisão Traseira;2;2;;;;;1
16/12/2010;15:24:00;2399;com vítima;112;BR-040/RJ;Norte;Engavetamento;3;2;;;1;;2
16/12/2010;17:32:00;2420;sem vítima;114;BR-040/RJ;Sul;Colisão Traseira;1;2;;;;;1
16/12/2010;07:47:00;2332;sem vítima;120;BR-040/RJ;Sul;Colisão Traseira;2;2;;;;;1
17/12/2010;23:17:00;2652;sem vítima;0;BR-040/RJ;Sul;Choque - Objeto Fixo;1;1;;;;;1
17/12/2010;14:33:00;2551;com vítima;95;BR-040/RJ;Sul;Colisão Lateral;1;1;;1;;;2
17/12/2010;09:38:00;2509;sem vítima;117;BR-040/RJ;Norte;Colisão Lateral;2;2;;;;;1
17/12/2010;08:10:00;2497;sem vítima;122;BR-040/RJ;Sul;Colisão Traseira;1;1;;;;;1
17/12/2010;23:42:00;2658;sem vítima;122;BR-040/RJ;Norte;Colisão Traseira;2;2;;;;;1
17/12/2010;18:04:00;2595;sem vítima;123;BR-040/RJ;Sul;Colisão Lateral;1;2;;;;;1
18/12/2010;17:25:00;2794;sem vítima;78;BR-040/RJ;Norte;Choque - Objeto Fixo;1;1;;;;;1
18/12/2010;17:17:00;2785;sem vítima;80;BR-040/RJ;Norte;Choque - Objeto Fixo;1;1;;;;;1
18/12/2010;17:35:00;2787;sem vítima;787;BR-040/MG;Norte;Tombamento;1;2;;;;;1
18/12/2010;14:30:00;2761;sem vítima;104;BR-040/RJ;Norte;Colisão Traseira;1;3;;;;;1
18/12/2010;20:11:00;2806;com vítima;110;BR-040/RJ;Sul;Engavetamento;1;2;4;;;;1
20/12/2010;13:37:00;3058;sem vítima;798;BR-040/MG;Norte;Colisão Lateral;2;2;;;;;1
20/12/2010;09:26:00;3025;sem vítima;123;BR-040/RJ;Sul;Colisão Traseira;1;2;;;;;1
21/12/2010;17:34:00;3268;com vítima;117;BR-040/RJ;Norte;Colisão Lateral;1;1;2;;;;1
21/12/2010;21:07:00;3305;sem vítima;124;BR-040/RJ;Sul;Colisão Lateral;1;2;;;;;1
21/12/2010;21:10:00;3306;sem vítima;124;BR-040/RJ;Sul;Colisão Lateral;1;2;;;;;1
21/12/2010;20:20:00;3301;sem vítima;125;BR-040/RJ;Sul;Tombamento;1;1;;;;;1
22/12/2010;20:25:00;3473;com vítima;117;BR-040/RJ;Sul;Choque - Objeto Fixo;1;0;1;;;;1
22/12/2010;10:07:00;3374;sem vítima;124;BR-040/RJ;Sul;Colisão Lateral;1;2;;;;;1
22/12/2010;10:24:00;3377;sem vítima;124;BR-040/RJ;Sul;Colisão Lateral;1;2;;;;;1
23/12/2010;06:05:00;3520;sem vítima;71;BR-040/RJ;Sul;Colisão Traseira;1;2;;;;;1
23/12/2010;21:21:00;3666;com vítima;92;BR-040/RJ;Sul;Tombamento;1;0;1;;;;1
24/12/2010;10:25:00;3738;sem vítima;93;BR-040/RJ;Norte;Colisão Lateral;1;2;;;;;1
24/12/2010;08:26:00;3723;sem vítima;115;BR-040/RJ;Norte;Colisão Lateral;1;2;;;;;1
24/12/2010;16:47:00;3805;sem vítima;119;BR-040/RJ;Norte;Colisão Traseira;1;2;;;;;1
24/12/2010;08:12:00;3721;sem vítima;124;BR-040/RJ;Sul;Choque - Objeto Fixo;1;1;;;;;1
26/12/2010;21:53:00;4125;sem vítima;104;BR-040/RJ;Sul;Colisão Lateral;1;2;;;;;1
27/12/2010;16:33:00;4239;sem vítima;801;BR-040/MG;Sul;Colisão Lateral;1;2;;;;;1
27/12/2010;00:32:00;4136;com vítima;94;BR-040/RJ;Sul;Tombamento;1;0;;1;1;;2
27/12/2010;23:30:00;4296;sem vítima;120;BR-040/RJ;Sul;Tombamento;1;1;;;;;1
28/12/2010;20:09:00;4418;sem vítima;124;BR-040/RJ;Sul;Choque - Objeto Fixo;1;1;;;;;1
29/12/2010;12:22:00;4496;sem vítima;87;BR-040/RJ;Norte;Choque - Objeto Fixo;1;1;;;;;1
30/12/2010;17:28:00;4700;sem vítima;109;BR-040/RJ;Norte;Colisão Lateral;1;2;;;;;1
30/12/2010;15:54:00;4682;sem vítima;122;BR-040/RJ;Norte;Colisão Lateral;1;2;;;;;1
31/12/2010;09:50:00;803;sem vítima;803;BR-040/MG;Sul;Colisão Lateral;1;2;;;;;1
31/12/2010;21:20:00;93;com vítima;93;BR-040/RJ;Sul;Tombamento;1;0;2;1;;;2
02/01/2011;17:13:00;224;sem vítima;778;BR-040/MG;Sul;Colisão Lateral;1;2;;;;;1
02/01/2011;23:52:00;283;sem vítima;124;BR-040/RJ;Norte;Colisão Lateral;1;4;;;;;1
03/01/2011;18:02:00;417;com vítima;783;BR-040/MG;Norte;Choque - Objeto Fixo;1;0;1;;;;1
03/01/2011;05:05:00;296;sem vítima;122;BR-040/RJ;Sul;Colisão Traseira;1;2;;;;;1
04/01/2011;15:31:00;551;sem vítima;124;BR-040/RJ;Sul;Colisão Traseira;1;2;;;;;1
05/01/2011;06:30:00;627;sem vítima;794;BR-040/MG;Sul;Choque - Objeto Fixo;1;1;;;;;1
05/01/2011;10:33:00;652;sem vítima;114;BR-040/RJ;Sul;Colisão Traseira;1;2;;;;;1
05/01/2011;12:10:00;663;sem vítima;115;BR-040/RJ;Norte;Colisão Lateral;1;2;;;;;1
06/01/2011;14:30:00;819;sem vítima;94;BR-040/RJ;Sul;Tombamento;1;1;;;;;1
06/01/2011;14:55:00;825;com vítima;101;BR-040/RJ;Norte;Tombamento;1;0;;1;;;2
06/01/2011;15:08:00;828;sem vítima;112;BR-040/RJ;Sul;Colisão Lateral;1;2;;;;;1
07/01/2011;19:14:00;1025;sem vítima;82;BR-040/RJ;Norte;Colisão Lateral;1;2;;;;;1
07/01/2011;07:54:00;913;sem vítima;121;BR-040/RJ;Sul;Colisão Lateral;1;2;;;;;1
09/01/2011;23:32:00;1373;com vítima;96;BR-040/RJ;Sul;Choque - Objeto Fixo;1;0;;;1;;2
10/01/2011;07:34:00;1395;sem vítima;85;BR-040/RJ;Sul;Colisão Traseira;1;1;;;;;1
10/01/2011;18:30:00;1491;sem vítima;121;BR-040/RJ;Norte;Colisão Lateral;1;2;;;;;1
11/01/2011;08:39:00;1543;sem vítima;123;BR-040/RJ;Sul;Colisão Traseira;1;2;;;;;1
11/01/2011;23:38:00;1667;sem vítima;125;BR-040/RJ;Sul;Colisão Lateral;1;2;;;;;1
12/01/2011;12:23:00;1746;com vítima;822;BR-040/MG;Sul;Colisão Lateral;1;3;2;;;;1
12/01/2011;15:05:00;1760;sem vítima;121;BR-040/RJ;Norte;Colisão Lateral;1;2;;;;;1
13/01/2011;10:06:00;1872;com vítima;109;BR-040/RJ;Norte;Tombamento;1;0;;1;1;;2
13/01/2011;05:32:00;1845;sem vítima;114;BR-040/RJ;Sul;Objeto lançado contra veículo;1;2;;;;;1
13/01/2011;09:30:00;1864;sem vítima;124;BR-040/RJ;Sul;Colisão Lateral;1;2;;;;;1
15/01/2011;14:13:00;2187;com vítima;82;BR-040/RJ;Norte;Colisão Lateral;1;1;;;1;;2
15/01/2011;11:22:00;2170;sem vítima;91;BR-040/RJ;Norte;Colisão Lateral;1;2;;;;;1
15/01/2011;09:03:00;2157;sem vítima;124;BR-040/RJ;Norte;Colisão Lateral;1;2;;;;;1
16/01/2011;15:15:00;2350;sem vítima;84;BR-040/RJ;Sul;Derrapagem;1;1;;;;;1
16/01/2011;14:26:00;2342;com vítima;90;BR-040/RJ;Sul;Tombamento;1;0;1;;;;1
17/01/2011;12:22:00;2460;sem vítima;113;BR-040/RJ;Norte;Colisão Traseira;1;3;;;;;1
18/01/2011;22:06:00;2698;sem vítima;122;BR-040/RJ;Norte;Colisão Lateral;1;2;;;;;1
18/01/2011;18:08:00;2673;sem vítima;123;BR-040/RJ;Sul;Colisão Traseira;1;2;;;;;1
19/01/2011;03:10:00;2715;sem vítima;45;BR-040/RJ;Sul;Colisão Traseira;2;2;;;;;1
19/01/2011;05:48:00;2720;sem vítima;786;BR-040/MG;Sul;Choque - Objeto Fixo;1;1;;;;;1
19/01/2011;01:30:00;2711;sem vítima;122;BR-040/RJ;Sul;Choque - Objeto Fixo;1;1;;;;;1
20/01/2011;18:12:00;2991;com vítima;784;BR-040/MG;Norte;Tombamento;1;0;1;;;;1
21/01/2011;07:51:00;3054;sem vítima;105;BR-040/RJ;Norte;Colisão Traseira;1;2;;;;;1
23/01/2011;17:51:00;3442;sem vítima;794;BR-040/MG;Norte;Colisão Lateral;1;2;;;;;1
24/01/2011;09:20:00;3528;sem vítima;96;BR-040/RJ;Sul;Colisão Lateral;1;2;;;;;1
24/01/2011;15:48:00;3576;sem vítima;123;BR-040/RJ;Norte;Colisão Lateral;2;2;;;;;1
26/01/2011;07:26:00;3762;sem vítima;43;BR-040/RJ;Sul;Colisão Lateral;1;2;;;;;1
26/01/2011;01:01:00;3752;sem vítima;85;BR-040/RJ;Norte;Choque - Objeto Fixo;1;1;;;;;1
26/01/2011;14:37:00;3807;com vítima;111;BR-040/RJ;Sul;Colisão Traseira;1;1;;1;;;2
26/01/2011;19:24:00;3855;sem vítima;112;BR-040/RJ;Sul;Colisão Traseira;1;2;;;;;1
26/01/2011;20:22:00;3874;sem vítima;118;BR-040/RJ;Norte;Colisão Traseira;1;2;;;;;1
26/01/2011;21:44:00;3877;sem vítima;123;BR-040/RJ;Norte;Colisão Lateral;1;2;;;;;1
26/01/2011;06:58:00;3761;sem vítima;125;BR-040/RJ;Sul;Colisão Traseira;1;2;;;;;1
27/01/2011;19:17:00;4015;com vítima;94;BR-040/RJ;Sul;Derrapagem;1;0;;2;;;2
27/01/2011;10:51:00;3936;sem vítima;101;BR-040/RJ;Norte;Colisão Traseira;1;2;;;;;1
27/01/2011;20:30:00;4027;sem vítima;102;BR-040/RJ;Norte;Colisão Traseira;2;2;;;;;1
27/01/2011;18:59:00;4012;sem vítima;119;BR-040/RJ;Sul;Colisão Lateral;1;2;;;;;1
28/01/2011;06:48:00;4059;sem vítima;43;BR-040/RJ;Sul;Colisão Lateral;1;3;;;;;1
28/01/2011;00:25:00;4041;sem vítima;44;BR-040/RJ;Sul;Colisão Traseira;2;2;;;;;1
28/01/2011;09:08:00;4074;com vítima;784;BR-040/MG;Norte;Tombamento;1;0;1;;;;1
28/01/2011;12:46:00;4101;sem vítima;124;BR-040/RJ;Norte;Engavetamento;1;5;;;;;1
29/01/2011;01:14:00;4224;sem vítima;792;BR-040/MG;Sul;Colisão Lateral;1;2;;;;;1
29/01/2011;14:17:00;4297;com vítima;94;BR-040/RJ;Sul;Tombamento;1;0;1;;;;1
29/01/2011;21:22:00;4365;com vítima;115;BR-040/RJ;Norte;Colisão Traseira;1;2;1;1;;;2
29/01/2011;12:45:00;4280;com vítima;123;BR-040/RJ;Norte;Choque - Objeto Fixo;1;0;1;;;;1
30/01/2011;15:45:00;4473;sem vítima;816;BR-040/MG;Norte;Engavetamento;1;3;;;;;1
30/01/2011;02:53:00;4384;com vítima;122;BR-040/RJ;Norte;Colisão Traseira;1;1;1;;;;1
30/01/2011;10:50:00;4429;sem vítima;123;BR-040/RJ;Norte;Colisão Lateral;1;2;;;;;1
30/01/2011;12:00:00;4443;sem vítima;123;BR-040/RJ;Norte;Colisão Lateral;1;2;;;;;1
31/01/2011;14:16:00;4627;sem vítima;122;BR-040/RJ;Sul;Colisão Lateral;1;2;;;;;1
31/01/2011;07:55:00;4567;sem vítima;123;BR-040/RJ;Sul;Colisão Lateral;1;2;;;;;1
01/02/2011;13:24:00;60;sem vítima;43;BR-040/RJ;Norte;Colisão Traseira;1;2;;;;;1
01/02/2011;13:58:00;64;sem vítima;84;BR-040/RJ;Norte;Derrapagem;1;1;;;;;1
01/02/2011;13:28:00;62;sem vítima;124;BR-040/RJ;Norte;Colisão Lateral;1;2;;;;;1
02/02/2011;07:07:00;147;com vítima;24;BR-040/RJ;Norte;Tombamento;1;0;1;;;;1
02/02/2011;15:52:00;214;sem vítima;124;BR-040/RJ;Sul;Colisão Traseira;1;2;;;;;1
02/02/2011;15:52:00;215;sem vítima;124;BR-040/RJ;Sul;Colisão Traseira;1;2;;;;;1
03/02/2011;11:56:00;308;com vítima;0;BR-040/RJ;Norte;Derrapagem;1;0;1;;;;1
03/02/2011;06:18:00;285;sem vítima;110;BR-040/RJ;Sul;Colisão Traseira;1;2;;;;;1
03/02/2011;07:25:00;290;com vítima;123;BR-040/RJ;Sul;Colisão Lateral;1;1;;1;;;2
04/02/2011;16:36:00;474;com vítima;65;BR-040/RJ;Sul;Colisão Transversal;1;1;;1;;;2
04/02/2011;17:17:00;491;sem vítima;65;BR-040/RJ;Sul;Colisão Lateral;1;2;;;;;1
04/02/2011;13:28:00;451;sem vítima;114;BR-040/RJ;Norte;Engavetamento;1;3;;;;;1
04/02/2011;20:28:00;511;sem vítima;117;BR-040/RJ;Norte;Colisão Traseira;1;2;;;;;1
04/02/2011;08:15:00;419;sem vítima;122;BR-040/RJ;Sul;Colisão Traseira;1;2;;;;;1
05/02/2011;09:45:00;571;sem vítima;76;BR-040/RJ;Sul;Derrapagem;1;1;;;;;1
05/02/2011;21:13:00;676;sem vítima;816;BR-040/MG;Norte;Colisão Traseira;1;2;;;;;1
05/02/2011;02:35:00;547;sem vítima;124;BR-040/RJ;Norte;Colisão Lateral;1;2;;;;;1
07/02/2011;10:43:00;899;sem vítima;75;BR-040/RJ;Norte;Colisão Lateral;1;2;;;;;1
07/02/2011;07:15:00;875;sem vítima;123;BR-040/RJ;Sul;Colisão Lateral;1;2;;;;;1
07/02/2011;09:49:00;894;sem vítima;124;BR-040/RJ;Sul;Colisão Traseira;1;2;;;;;1
08/02/2011;07:31:00;1019;sem vítima;121;BR-040/RJ;Norte;Colisão Lateral;1;2;;;;;1
08/02/2011;12:05:00;1057;sem vítima;121;BR-040/RJ;Norte;Colisão Lateral;1;2;;;;;1
09/02/2011;17:44:00;1243;sem vítima;123;BR-040/RJ;Sul;Colisão Lateral;1;2;;;;;1
09/02/2011;15:41:00;1223;sem vítima;124;BR-040/RJ;Sul;Colisão Lateral;1;2;;;;;1
10/02/2011;03:41:00;1297;sem vítima;88;BR-040/RJ;Sul;Colisão Traseira;2;2;;;;;1
11/02/2011;13:27:00;1510;sem vítima;104;BR-040/RJ;Norte;Choque - Objeto Fixo;1;1;;;;;1
11/02/2011;15:42:00;1527;sem vítima;115;BR-040/RJ;Norte;Colisão Traseira;2;2;;;;;1
11/02/2011;20:43:00;1586;sem vítima;115;BR-040/RJ;Norte;Colisão Traseira;1;2;;;;;1
11/02/2011;23:12:00;1605;com vítima;124;BR-040/RJ;Sul;Colisão Lateral;1;1;;;;1;3
12/02/2011;15:43:00;1706;sem vítima;96;BR-040/RJ;Norte;Colisão Traseira;1;2;;;;;1
12/02/2011;06:00:00;1639;com vítima;112;BR-040/RJ;Norte;Engavetamento;1;1;;1;;1;3
14/02/2011;11:20:00;1947;sem vítima;58;BR-040/RJ;Sul;Colisão Traseira;1;2;;;;;1
14/02/2011;13:18:00;1968;com vítima;110;BR-040/RJ;Norte;Colisão Lateral;1;1;;1;;;2
14/02/2011;12:50:00;1962;sem vítima;123;BR-040/RJ;Sul;Colisão Traseira;1;2;;;;;1
14/02/2011;11:48:00;1954;sem vítima;125;BR-040/RJ;Norte;Colisão Traseira;1;2;;;;;1
15/02/2011;16:46:00;2129;sem vítima;22;BR-040/RJ;Sul;Colisão Lateral;1;2;;;;;1
15/02/2011;23:15:00;2167;sem vítima;111;BR-040/RJ;Norte;Colisão Lateral;1;2;;;;;1
15/02/2011;09:28:00;2073;sem vítima;124;BR-040/RJ;Sul;Colisão Lateral;1;2;;;;;1
16/02/2011;07:41:00;2197;sem vítima;50;BR-040/RJ;Sul;Colisão Lateral;1;2;;;;;1
16/02/2011;06:37:00;2193;com vítima;90;BR-040/RJ;Sul;Tombamento;1;0;;;1;;2
17/02/2011;00:03:00;2308;sem vítima;806;BR-040/MG;Sul;Choque - Objeto Fixo;1;1;;;;;1
17/02/2011;01:07:00;2310;sem vítima;821;BR-040/MG;Norte;Colisão Traseira;2;2;;;;;1
17/02/2011;10:04:00;2344;sem vítima;123;BR-040/RJ;Sul;Colisão Lateral;1;2;;;;;1
17/02/2011;10:33:00;2346;sem vítima;124;BR-040/RJ;Sul;Colisão Lateral;1;2;;;;;1
17/02/2011;10:34:00;2353;sem vítima;124;BR-040/RJ;Sul;Colisão Lateral;1;2;;;;;1
18/02/2011;01:48:00;2443;sem vítima;39;BR-040/RJ;Sul;Colisão Traseira;2;2;;;;;1
18/02/2011;00:16:00;2440;sem vítima;61;BR-040/RJ;Sul;Colisão Traseira;2;2;;;;;1
18/02/2011;14:25:00;2509;sem vítima;784;BR-040/MG;Norte;Derrapagem;1;1;;;;;1
18/02/2011;21:40:00;2574;sem vítima;820;BR-040/MG;Norte;Colisão Traseira;1;2;;;;;1
18/02/2011;09:23:00;2471;sem vítima;124;BR-040/RJ;Sul;Colisão Lateral;1;2;;;;;1
19/02/2011;14:02:00;2653;sem vítima;117;BR-040/RJ;Sul;Derrapagem;1;1;;;;;1
19/02/2011;14:35:00;2663;sem vítima;117;BR-040/RJ;Sul;Colisão Lateral;1;2;;;;;1
20/02/2011;17:08:00;2824;sem vítima;104;BR-040/RJ;Sul;Colisão Lateral;1;2;;;;;1
21/02/2011;18:15:00;2971;com vítima;87;BR-040/RJ;Sul;Choque - Objeto Fixo;1;0;1;1;;;2
21/02/2011;16:10:00;2965;com vítima;100;BR-040/RJ;Norte;Tombamento;1;0;1;;;;1
21/02/2011;10:22:00;2921;sem vítima;122;BR-040/RJ;Sul;Colisão Traseira;2;2;;;;;1
21/02/2011;15:02:00;2955;sem vítima;124;BR-040/RJ;Sul;Colisão Traseira;1;2;;;;;1
22/02/2011;23:07:00;3134;sem vítima;86;BR-040/RJ;Norte;Choque - Objeto Fixo;1;1;;;;;1
22/02/2011;16:54:00;3103;sem vítima;92;BR-040/RJ;Norte;Colisão Lateral;1;2;;;;;1
22/02/2011;12:46:00;3059;sem vítima;124;BR-040/RJ;Sul;Engavetamento;1;3;;;;;1
23/02/2011;15:54:00;3212;sem vítima;109;BR-040/RJ;Norte;Engavetamento;2;3;;;;;1
23/02/2011;19:08:00;3244;sem vítima;117;BR-040/RJ;Norte;Colisão Lateral;1;2;;;;;1
23/02/2011;03:08:00;3143;sem vítima;123;BR-040/RJ;Sul;Choque - Objeto Fixo;1;1;;;;;1
23/02/2011;07:58:00;3152;sem vítima;123;BR-040/RJ;Sul;Colisão Lateral;1;2;;;;;1
23/02/2011;08:26:00;3155;sem vítima;124;BR-040/RJ;Sul;Colisão Lateral;1;2;;;;;1
23/02/2011;14:08:00;3199;sem vítima;125;BR-040/RJ;Sul;Colisão Traseira;1;2;;;;;1
24/02/2011;10:01:00;3338;sem vítima;123;BR-040/RJ;Sul;Colisão Lateral;1;2;;;;;1
24/02/2011;12:21:00;3348;sem vítima;123;BR-040/RJ;Sul;Colisão Traseira;1;2;;;;;1
24/02/2011;13:30:00;3358;sem vítima;124;BR-040/RJ;Sul;Colisão Lateral;1;2;;;;;1
25/02/2011;16:17:00;3488;sem vítima;39;BR-040/RJ;Norte;Tombamento;1;1;;;;;1
25/02/2011;16:37:00;3492;sem vítima;117;BR-040/RJ;Norte;Engavetamento;2;3;;;;;1
27/02/2011;19:49:00;3786;sem vítima;114;BR-040/RJ;Norte;Colisão Lateral;1;2;;;;;1
27/02/2011;20:49:00;3794;sem vítima;124;BR-040/RJ;Sul;Choque - Objeto Fixo;1;2;;;;;1
28/02/2011;19:45:00;3945;com vítima;96;BR-040/RJ;Norte;Derrapagem;1;0;1;;;;1
28/02/2011;18:08:00;3935;sem vítima;109;BR-040/RJ;Norte;Colisão Lateral;1;2;;;;;1
28/02/2011;07:56:00;3844;sem vítima;114;BR-040/RJ;Sul;Colisão Traseira;2;2;;;;;1
28/02/2011;09:02:00;3854;sem vítima;123;BR-040/RJ;Sul;Colisão Lateral;1;2;;;;;1
01/03/2011;17:47:00;92;sem vítima;109;BR-040/RJ;Norte;Colisão Lateral;1;2;;;;;1
01/03/2011;10:47:00;32;sem vítima;115;BR-040/RJ;Norte;Colisão Traseira;1;2;;;;;1