data;horario;n_da_ocorrencia;tipo_de_ocorrencia;km;trecho;sentido;tipo_de_acidente;caminhao;ilesos;levemente_feridos;moderadamente_feridos;gravemente_feridos;mortos;3
01/03/2011;14:02:00;57;sem vítima;125;BR-040/RJ;Sul;Colisão Lateral;1;2;;;;;1
01/03/2011;14:02:00;65;sem vítima;125;BR-040/RJ;Sul;Colisão Lateral;1;2;;;;;1
02/03/2011;16:36:00;244;sem vítima;783;BR-040/MG;Norte;Choque - Objeto Fixo;1;1;;;;;1
02/03/2011;14:43:00;230;sem vítima;92;BR-040/RJ;Sul;Colisão Traseira;1;2;;;;;1
02/03/2011;13:35:00;216;sem vítima;123;BR-040/RJ;Sul;Colisão Lateral;1;2;;;;;1
03/03/2011;15:44:00;363;sem vítima;56;BR-040/RJ;Sul;Colisão Traseira;2;2;;;;;1
03/03/2011;17:44:00;391;sem vítima;105;BR-040/RJ;Norte;Colisão Traseira;1;2;;;;;1
03/03/2011;06:58:00;307;com vítima;113;BR-040/RJ;Sul;Engavetamento;1;1;10;;2;;2
03/03/2011;06:55:00;306;sem vítima;123;BR-040/RJ;Sul;Colisão Traseira;1;2;;;;;1
03/03/2011;15:18:00;360;sem vítima;123;BR-040/RJ;Sul;Colisão Lateral;1;2;;;;;1
03/03/2011;15:18:00;361;sem vítima;123;BR-040/RJ;Sul;Colisão Lateral;1;2;;;;;1
04/03/2011;04:39:00;460;com vítima;88;BR-040/RJ;Sul;Colisão Traseira;1;1;19;;1;;2
04/03/2011;08:46:00;479;sem vítima;123;BR-040/RJ;Sul;Colisão Lateral;1;2;;;;;1
05/03/2011;02:20:00;631;com vítima;77;BR-040/RJ;Sul;Colisão Traseira;1;2;3;;;;1
05/03/2011;08:23:00;667;sem vítima;816;BR-040/MG;Sul;Colisão Traseira;1;2;;;;;1
05/03/2011;11:11:00;717;sem vítima;100;BR-040/RJ;Norte;Colisão Traseira;1;2;;;;;1
07/03/2011;02:08:00;938;sem vítima;8;BR-040/RJ;Sul;Choque - Objeto Fixo;1;1;;;;;1
09/03/2011;23:38:00;1309;sem vítima;32;BR-040/RJ;Sul;Tombamento;1;1;;;;;1
09/03/2011;20:48:00;1294;sem vítima;800;BR-040/MG;Norte;Colisão Lateral;1;2;;;;;1
09/03/2011;13:39:00;1229;com vítima;117;BR-040/RJ;Sul;Colisão Traseira;1;1;1;;1;;2
10/03/2011;09:44:00;1361;sem vítima;87;BR-040/RJ;Norte;Colisão traseira;1;2;;;;;1
10/03/2011;15:10:00;1406;com vítima;91;BR-040/RJ;Sul;Engavetamento;3;7;13;2;1;1;3
10/03/2011;12:59:00;1391;com vítima;95;BR-040/RJ;Sul;Tombamento;1;0;;;;1;3
10/03/2011;11:04:00;1368;sem vítima;124;BR-040/RJ;Sul;Colisão Lateral;1;2;;;;;1
11/03/2011;19:05:00;1576;com vítima;96;BR-040/RJ;Norte;Tombamento;1;0;2;;;;1
11/03/2011;08:37:00;1488;sem vítima;109;BR-040/RJ;Sul;Colisão Lateral;1;2;;;;;1
12/03/2011;21:20:00;1715;sem vítima;113;BR-040/RJ;Norte;Colisão Lateral;1;2;;;;;1
12/03/2011;20:03:00;1710;com vítima;124;BR-040/RJ;Norte;Colisão Traseira;1;3;12;;;;1
14/03/2011;14:58:00;1930;com vítima;30;BR-040/RJ;Sul;Choque - Objeto Fixo;1;0;;3;;;2
14/03/2011;03:57:00;1854;sem vítima;87;BR-040/RJ;Sul;Derrapagem;1;1;;;;;1
14/03/2011;16:36:00;1941;com vítima;87;BR-040/RJ;Sul;Derrapagem;1;0;;1;;;2
14/03/2011;16:53:00;1943;com vítima;109;BR-040/RJ;Norte;Colisão Lateral;1;1;;2;;;2
14/03/2011;14:09:00;1923;com vítima;113;BR-040/RJ;Norte;Engavetamento;1;3;1;;;;1
15/03/2011;09:25:00;2020;sem vítima;21;BR-040/RJ;Norte;Tombamento;1;1;;;;;1
16/03/2011;13:20:00;2199;sem vítima;121;BR-040/RJ;Sul;Colisão Lateral;1;2;;;;;1
16/03/2011;20:30:00;2254;sem vítima;122;BR-040/RJ;Sul;Colisão Lateral;1;2;;;;;1
16/03/2011;15:39:00;2217;sem vítima;123;BR-040/RJ;Sul;Colisão Lateral;1;2;;;;;1
17/03/2011;06:34:00;2283;sem vítima;109;BR-040/RJ;Sul;Colisão Traseira;1;2;;;;;1
17/03/2011;21:05:00;2398;sem vítima;122;BR-040/RJ;Sul;Colisão Lateral;1;2;;;;;1
17/03/2011;16:55:00;2355;sem vítima;124;BR-040/RJ;Sul;Colisão Lateral;1;2;;;;;1
17/03/2011;16:55:00;2364;sem vítima;124;BR-040/RJ;Sul;Colisão Traseira;1;2;;;;;1
17/03/2011;17:55:00;2371;sem vítima;124;BR-040/RJ;Norte;Colisão Lateral;1;2;;;;;1
18/03/2011;15:34:00;2497;com vítima;90;BR-040/RJ;Sul;Derrapagem;1;0;;1;;;2
18/03/2011;06:34:00;2428;sem vítima;121;BR-040/RJ;Sul;Colisão Lateral;2;2;;;;;1
18/03/2011;06:07:00;2426;sem vítima;123;BR-040/RJ;Sul;Colisão Lateral;1;2;;;;;1
18/03/2011;17:13:00;2520;sem vítima;123;BR-040/RJ;Sul;Colisão Lateral;1;2;;;;;1
18/03/2011;07:14:00;2434;sem vítima;124;BR-040/RJ;Sul;Colisão Lateral;1;2;;;;;1
18/03/2011;15:39:00;2499;sem vítima;124;BR-040/RJ;Sul;Colisão Lateral;1;2;;;;;1
18/03/2011;16:23:00;2510;sem vítima;124;BR-040/RJ;Sul;Colisão Lateral;1;2;;;;;1
19/03/2011;20:24:00;2698;sem vítima;116;BR-040/RJ;Norte;Colisão Traseira;1;2;;;;;1
20/03/2011;00:41:00;2729;sem vítima;25;BR-040/RJ;Norte;Colisão Traseira;1;2;;;;;1
21/03/2011;20:31:00;2938;sem vítima;85;BR-040/RJ;Sul;Colisão Lateral;1;2;;;;;1
21/03/2011;05:11:00;2834;sem vítima;124;BR-040/RJ;Sul;Colisão Lateral;1;2;;;;;1
22/03/2011;07:58:00;2980;sem vítima;123;BR-040/RJ;Sul;Colisão Lateral;1;2;;;;;1
22/03/2011;09:05:00;2992;sem vítima;123;BR-040/RJ;Norte;Colisão Traseira;1;2;;;;;1
22/03/2011;11:39:00;3006;sem vítima;124;BR-040/RJ;Sul;Colisão Lateral;1;2;;;;;1
23/03/2011;20:34:00;3217;com vítima;69;BR-040/RJ;Sul;Tombamento;1;2;;1;;;2
23/03/2011;13:40:00;3156;sem vítima;81;BR-040/RJ;Sul;Colisão Traseira;3;3;;;;;1
23/03/2011;22:05:00;3226;sem vítima;787;BR-040/MG;Sul;Colisão Lateral;1;2;;;;;1
23/03/2011;20:23:00;3216;sem vítima;98;BR-040/RJ;Norte;Colisão Lateral;1;2;;;;;1
23/03/2011;06:05:00;3102;sem vítima;121;BR-040/RJ;Sul;Colisão Traseira;1;2;;;;;1
24/03/2011;17:49:00;3324;com vítima;96;BR-040/RJ;Norte;Tombamento;1;0;;1;;;2
24/03/2011;17:06:00;3319;sem vítima;99;BR-040/RJ;Norte;Colisão Lateral;1;2;;;;;1
24/03/2011;17:25:00;3320;sem vítima;124;BR-040/RJ;Sul;Colisão Lateral;1;2;;;;;1
25/03/2011;15:20:00;3428;sem vítima;60;BR-040/RJ;Norte;Engavetamento;1;3;;;;;1
25/03/2011;04:57:00;3363;com vítima;118;BR-040/RJ;Norte;Colisão Lateral;1;1;2;;;;1
25/03/2011;08:58:00;3380;sem vítima;123;BR-040/RJ;Sul;Colisão Lateral;1;2;;;;;1
26/03/2011;14:06:00;3585;com vítima;74;BR-040/RJ;Norte;Tombamento;1;0;;1;;;2
26/03/2011;20:35:00;3645;sem vítima;81;BR-040/RJ;Norte;Colisão Lateral;1;2;;;;;1
26/03/2011;08:07:00;3538;sem vítima;106;BR-040/RJ;Sul;Colisão Traseira;1;2;;;;;1
26/03/2011;11:30:00;3572;com vítima;107;BR-040/RJ;Norte;Atropelamento - Pedestre;1;1;;;;1;3
28/03/2011;07:32:00;3822;com vítima;78;BR-040/RJ;Sul;Tombamento;1;0;1;;;;1
28/03/2011;11:58:00;3868;sem vítima;110;BR-040/RJ;Sul;Colisão Traseira;1;2;;;;;1
28/03/2011;10:31:00;3853;sem vítima;124;BR-040/RJ;Sul;Engavetamento;1;3;;;;;1
29/03/2011;15:32:00;4037;sem vítima;783;BR-040/MG;Sul;Choque - Objeto Fixo;1;1;;;;;1
29/03/2011;15:47:00;4043;sem vítima;783;BR-040/MG;Sul;Colisão Traseira;1;2;;;;;1
29/03/2011;08:12:00;3981;com vítima;823;BR-040/MG;Sul;Colisão Traseira;1;1;;1;;;2
29/03/2011;13:58:00;4029;com vítima;93;BR-040/RJ;Sul;Choque - Objeto Fixo;1;0;;2;;;2
29/03/2011;11:40:00;4006;sem vítima;120;BR-040/RJ;Sul;Colisão Lateral;1;2;;;;;1
29/03/2011;08:27:00;3983;sem vítima;124;BR-040/RJ;Sul;Colisão Lateral;1;2;;;;;1
29/03/2011;08:53:00;3987;sem vítima;124;BR-040/RJ;Sul;Colisão Lateral;1;2;;;;;1
30/03/2011;12:46:00;4138;sem vítima;81;BR-040/RJ;Sul;Tombamento;1;1;;;;;1
30/03/2011;09:05:00;4119;sem vítima;109;BR-040/RJ;Norte;Colisão Lateral;1;2;;;;;1
30/03/2011;19:08:00;4177;com vítima;123;BR-040/RJ;Norte;Colisão Traseira;1;1;1;1;;;2
01/04/2011;09:37:00;46;sem vítima;109;BR-040/RJ;Norte;Colisão Traseira;1;2;;;;;1
01/04/2011;10:06:00;51;sem vítima;114;BR-040/RJ;Norte;Colisão Lateral;2;2;;;;;1
01/04/2011;03:01:00;6;com vítima;118;BR-040/RJ;Sul;Colisão Transversal;1;0;3;1;;;2
01/04/2011;07:20:00;26;sem vítima;123;BR-040/RJ;Sul;Colisão Lateral;1;2;;;;;1
02/04/2011;16:40:00;251;sem vítima;82;BR-040/RJ;Norte;Colisão Lateral;1;2;;;;;1
03/04/2011;00:48:00;300;com vítima;94;BR-040/RJ;Sul;Derrapagem;1;2;1;;;;1
03/04/2011;10:00:00;360;sem vítima;122;BR-040/RJ;Norte;Colisão Lateral;1;2;;;;;1
04/04/2011;06:58:00;492;sem vítima;783;BR-040/MG;Norte;Choque - Objeto Fixo;1;2;;;;;1
04/04/2011;15:34:00;558;sem vítima;94;BR-040/RJ;Sul;Derrapagem;1;1;;;;;1
04/04/2011;21:14:00;600;sem vítima;117;BR-040/RJ;Sul;Colisão Traseira;1;2;;;;;1
04/04/2011;04:40:00;484;sem vítima;120;BR-040/RJ;Sul;Choque - Objeto Fixo;1;1;;;;;1
05/04/2011;13:42:00;690;com vítima;85;BR-040/RJ;Sul;Derrapagem;1;1;2;;;;1
05/04/2011;05:31:00;623;sem vítima;98;BR-040/RJ;Sul;Atropelamento - Animal;1;1;;;;;1
06/04/2011;13:03:00;822;sem vítima;93;BR-040/RJ;Norte;Colisão Lateral;1;2;;;;;1
06/04/2011;18:29:00;878;sem vítima;122;BR-040/RJ;Norte;Colisão Lateral;1;2;;;;;1
07/04/2011;17:25:00;1009;sem vítima;115;BR-040/RJ;Norte;Engavetamento;1;3;;;;;1
07/04/2011;12:39:00;970;sem vítima;117;BR-040/RJ;Sul;Colisão Lateral;1;2;;;;;1
07/04/2011;11:20:00;963;com vítima;118;BR-040/RJ;Sul;Engavetamento;2;1;2;;;;1
07/04/2011;09:45:00;955;sem vítima;119;BR-040/RJ;Sul;Colisão Lateral;1;2;;;;;1
07/04/2011;08:13:00;937;sem vítima;125;BR-040/RJ;Sul;Colisão Traseira;1;2;;;;;1
08/04/2011;22:14:00;1213;sem vítima;92;BR-040/RJ;Norte;Colisão Traseira;1;2;;;;;1
08/04/2011;03:35:00;1062;sem vítima;96;BR-040/RJ;Sul;Choque - Objeto Fixo;1;1;;;;;1
08/04/2011;06:43:00;1079;sem vítima;113;BR-040/RJ;Norte;Colisão Lateral;1;7;;;;;1
08/04/2011;12:42:00;1130;sem vítima;123;BR-040/RJ;Sul;Colisão Traseira;1;2;;;;;1
10/04/2011;03:33:00;1402;sem vítima;123;BR-040/RJ;Sul;Objeto lançado contra veículo;1;1;;;;;1
11/04/2011;18:12:00;1639;sem vítima;100;BR-040/RJ;Norte;Colisão Lateral;1;2;;;;;1
12/04/2011;09:47:00;1719;sem vítima;773;BR-040/MG;Sul;Tombamento;1;2;;;;;1
12/04/2011;06:47:00;1699;sem vítima;104;BR-040/RJ;Sul;Colisão Traseira;1;3;;;;;1
12/04/2011;10:17:00;1726;sem vítima;123;BR-040/RJ;Sul;Colisão Traseira;1;1;;;;;1
13/04/2011;14:31:00;1895;com vítima;109;BR-040/RJ;Norte;Engavetamento;1;18;3;;;;1
13/04/2011;17:36:00;1930;sem vítima;123;BR-040/RJ;Norte;Colisão Lateral;1;2;;;;;1
14/04/2011;10:14:00;2005;com vítima;89;BR-040/RJ;Sul;Colisão Traseira;2;2;2;;;;1
14/04/2011;11:16:00;2011;com vítima;111;BR-040/RJ;Sul;Engavetamento;1;4;;1;;;2
14/04/2011;12:10:00;2019;sem vítima;122;BR-040/RJ;Sul;Engavetamento;2;3;;;;;1
15/04/2011;03:00:00;2134;sem vítima;823;BR-040/MG;Norte;Colisão Traseira;2;2;;;;;1
15/04/2011;10:07:00;2173;sem vítima;119;BR-040/RJ;Sul;Colisão Lateral;1;2;;;;;1
15/04/2011;06:36:00;2142;sem vítima;123;BR-040/RJ;Sul;Colisão Lateral;1;2;;;;;1
15/04/2011;18:07:00;2253;sem vítima;123;BR-040/RJ;Sul;Colisão Lateral;1;2;;;;;1
18/04/2011;04:28:00;2601;sem vítima;88;BR-040/RJ;Sul;Colisão Traseira;1;2;;;;;1
18/04/2011;06:57:00;2610;sem vítima;121;BR-040/RJ;Sul;Colisão Traseira;2;2;;;;;1
19/04/2011;14:26:00;2852;com vítima;786;BR-040/MG;Sul;Colisão Traseira;1;1;;1;;;2
19/04/2011;10:58:00;2828;com vítima;97;BR-040/RJ;Sul;Tombamento;1;0;1;;2;;2
19/04/2011;13:30:00;2843;sem vítima;97;BR-040/RJ;Sul;Colisão Traseira;1;2;;;;;1
20/04/2011;07:12:00;2946;com vítima;47;BR-040/RJ;Norte;Tombamento;1;2;;;;1;3
20/04/2011;06:31:00;2942;sem vítima;109;BR-040/RJ;Norte;Colisão Lateral;1;2;;;;;1
20/04/2011;17:37:00;3054;sem vítima;123;BR-040/RJ;Sul;Colisão Lateral;1;2;;;;;1
20/04/2011;09:03:00;2962;sem vítima;124;BR-040/RJ;Sul;Colisão Lateral;1;2;;;;;1
21/04/2011;10:10:00;3178;sem vítima;104;BR-040/RJ;Norte;Colisão Lateral;1;2;;;;;1
23/04/2011;13:48:00;3550;com vítima;793;BR-040/MG;Sul;Derrapagem;1;0;1;;;;1
23/04/2011;03:58:00;3471;com vítima;117;BR-040/RJ;Sul;Tombamento;1;0;;1;;;2
24/04/2011;15:12:00;3737;sem vítima;118;BR-040/RJ;Sul;Colisão Traseira;1;3;;;;;1
25/04/2011;00:34:00;3852;com vítima;825;BR-040/MG;Sul;Tombamento;1;0;1;;;;1
25/04/2011;08:05:00;3901;sem vítima;123;BR-040/RJ;Sul;Colisão Lateral;1;2;;;;;1
26/04/2011;07:57:00;4066;sem vítima;787;BR-040/MG;Norte;Choque - Objeto Fixo;1;1;;;;;1
26/04/2011;08:16:00;4069;sem vítima;123;BR-040/RJ;Sul;Colisão Lateral;1;2;;;;;1
27/04/2011;04:33:00;4196;sem vítima;61;BR-040/RJ;Norte;Colisão Traseira;2;2;;;;;1
28/04/2011;08:46:00;4354;com vítima;22;BR-040/RJ;Sul;Tombamento;1;0;;1;;;2
28/04/2011;17:02:00;4413;sem vítima;816;BR-040/MG;Sul;Colisão Lateral;1;2;;;;;1
28/04/2011;11:11:00;4369;sem vítima;104;BR-040/RJ;Sul;Colisão Lateral;1;2;;;;;1
28/04/2011;16:15:00;4405;sem vítima;116;BR-040/RJ;Norte;Colisão Lateral;1;2;;;;;1
28/04/2011;17:08:00;4414;sem vítima;117;BR-040/RJ;Norte;Colisão Traseira;1;2;;;;;1
28/04/2011;18:38:00;4421;sem vítima;117;BR-040/RJ;Norte;Colisão Traseira;1;3;;;;;1
28/04/2011;08:14:00;4352;sem vítima;124;BR-040/RJ;Sul;Colisão Lateral;1;2;;;;;1
28/04/2011;11:31:00;4373;sem vítima;125;BR-040/RJ;Norte;Colisão Lateral;2;2;;;;;1
29/04/2011;10:12:00;4513;com vítima;80;BR-040/RJ;Sul;Tombamento;1;0;;1;;;2
29/04/2011;16:39:00;4554;sem vítima;108;BR-040/RJ;Norte;Colisão Lateral;1;2;;;;;1
29/04/2011;10:55:00;4515;sem vítima;121;BR-040/RJ;Norte;Colisão Lateral;2;2;;;;;1
30/04/2011;08:39:00;4635;sem vítima;112;BR-040/RJ;Norte;Colisão Lateral;1;2;;;;;1
30/04/2011;00:55:00;4609;sem vítima;122;BR-040/RJ;Sul;Colisão Transversal;1;2;;;;;1
02/05/2011;07:33:00;169;com vítima;818;BR-040/MG;Norte;Colisão Traseira;1;1;3;;;;1
02/05/2011;19:53:00;271;com vítima;105;BR-040/RJ;Norte;Colisão Frontal;1;1;1;1;;;2
02/05/2011;16:13:00;240;com vítima;112;BR-040/RJ;Norte;Colisão Traseira;2;1;1;1;;;2
02/05/2011;13:25:00;217;sem vítima;113;BR-040/RJ;Norte;Colisão Lateral;1;2;;;;;1
03/05/2011;08:21:00;332;sem vítima;111;BR-040/RJ;Sul;Colisão Traseira;1;2;;;;;1
03/05/2011;16:48:00;411;sem vítima;121;BR-040/RJ;Sul;Colisão Lateral;1;2;;;;;1
03/05/2011;19:30:00;427;sem vítima;122;BR-040/RJ;Norte;Colisão Lateral;1;2;;;;;1
04/05/2011;14:37:00;528;sem vítima;90;BR-040/RJ;Norte;Colisão Lateral;1;2;;;;;1
04/05/2011;11:05:00;494;com vítima;110;BR-040/RJ;Norte;Atropelamento - Pedestre;2;2;;1;;;2
04/05/2011;16:34:00;549;sem vítima;110;BR-040/RJ;Norte;Colisão Lateral;1;2;;;;;1
04/05/2011;06:40:00;461;sem vítima;113;BR-040/RJ;Sul;Colisão Lateral;1;3;;;;;1
04/05/2011;07:07:00;463;sem vítima;122;BR-040/RJ;Sul;Colisão Traseira;1;2;;;;;1
05/05/2011;02:55:00;624;com vítima;95;BR-040/RJ;Sul;Choque - Objeto Fixo;1;0;1;;;;1
05/05/2011;16:27:00;722;sem vítima;109;BR-040/RJ;Norte;Colisão Lateral;1;2;;;;;1
05/05/2011;17:53:00;739;sem vítima;109;BR-040/RJ;Norte;Colisão Lateral;1;2;;;;;1
05/05/2011;18:15:00;747;sem vítima;124;BR-040/RJ;Sul;Colisão Traseira;1;2;;;;;1
06/05/2011;06:37:00;816;sem vítima;99;BR-040/RJ;Norte;Choque - Objeto Fixo;1;1;;;;;1
06/05/2011;11:50:00;849;com vítima;107;BR-040/RJ;Sul;Colisão Lateral;1;2;1;;;;1
06/05/2011;17:43:00;922;sem vítima;109;BR-040/RJ;Norte;Colisão Lateral;1;2;;;;;1
07/05/2011;06:52:00;1009;com vítima;124;BR-040/RJ;Sul;Colisão Traseira;1;1;;1;;;2
08/05/2011;16:59:00;1268;sem vítima;124;BR-040/RJ;Sul;Colisão Lateral;1;2;;;;;1
09/05/2011;05:00:00;1328;com vítima;22;BR-040/RJ;Sul;Tombamento;1;0;;1;;;2
09/05/2011;16:00:00;1426;sem vítima;117;BR-040/RJ;Norte;Colisão Lateral;2;3;;;;;1
09/05/2011;16:02:00;1429;sem vítima;119;BR-040/RJ;Norte;Colisão Lateral;1;2;;;;;1
10/05/2011;23:19:00;1636;com vítima;5;BR-040/RJ;Sul;Tombamento;1;0;1;;;;1
10/05/2011;12:52:00;1551;sem vítima;21;BR-040/RJ;Norte;Derrapagem;1;1;;;;;1
10/05/2011;07:09:00;1512;sem vítima;780;BR-040/MG;Sul;Atropelamento - Animal;1;1;;;;;1
10/05/2011;14:17:00;1560;com vítima;787;BR-040/MG;Norte;Tombamento;1;0;1;;;;1
10/05/2011;16:00:00;1577;sem vítima;800;BR-040/MG;Norte;Colisão Lateral;1;2;;;;;1
10/05/2011;05:20:00;1502;sem vítima;124;BR-040/RJ;Sul;Colisão Traseira;1;2;;;;;1
11/05/2011;20:25:00;1787;sem vítima;786;BR-040/MG;Norte;Choque - Objeto Fixo;1;1;;;;;1
11/05/2011;05:39:00;1662;sem vítima;787;BR-040/MG;Norte;Choque - Objeto Fixo;1;1;;;;;1
12/05/2011;18:12:00;1946;sem vítima;120;BR-040/RJ;Norte;Colisão Lateral;1;2;;;;;1
13/05/2011;16:37:00;2080;com vítima;84;BR-040/RJ;Sul;Colisão Traseira;2;1;2;;;;1
14/05/2011;10:00:00;2191;sem vítima;45;BR-040/RJ;Sul;Colisão Lateral;1;2;;;;;1
14/05/2011;11:42:00;2204;sem vítima;84;BR-040/RJ;Norte;Colisão Lateral;1;2;;;;;1
14/05/2011;03:22:00;2147;com vítima;118;BR-040/RJ;Norte;Colisão Traseira;1;1;;;2;;2
15/05/2011;17:30:00;2396;com vítima;34;BR-040/RJ;Norte;Tombamento;1;0;;;1;;2
15/05/2011;23:55:00;2437;sem vítima;813;BR-040/MG;Norte;Colisão Lateral;1;2;;;;;1
15/05/2011;01:35:00;2296;sem vítima;120;BR-040/RJ;Norte;Colisão Traseira;1;2;;;;;1
15/05/2011;14:30:00;2369;sem vítima;120;BR-040/RJ;Sul;Colisão Traseira;1;2;;;;;1
15/05/2011;08:28:00;2320;sem vítima;123;BR-040/RJ;Norte;Colisão Lateral;1;2;;;;;1
16/05/2011;05:16:00;2458;sem vítima;109;BR-040/RJ;Sul;Colisão Traseira;1;2;;;;;1
16/05/2011;08:44:00;2480;sem vítima;113;BR-040/RJ;Norte;Colisão Lateral;1;2;;;;;1
16/05/2011;19:53:00;2579;sem vítima;123;BR-040/RJ;Norte;Colisão Lateral;1;2;;;;;1
17/05/2011;17:08:00;2717;sem vítima;94;BR-040/RJ;Sul;Derrapagem;1;1;;;;;1
17/05/2011;16:31:00;2710;com vítima;110;BR-040/RJ;Norte;Colisão Transversal;1;1;1;;;;1
17/05/2011;07:51:00;2634;sem vítima;123;BR-040/RJ;Sul;Colisão Lateral;1;2;;;;;1
18/05/2011;08:57:00;2802;sem vítima;123;BR-040/RJ;Sul;Colisão Lateral;2;2;;;;;1
19/05/2011;15:39:00;3025;sem vítima;109;BR-040/RJ;Norte;Colisão Lateral;1;2;;;;;1
19/05/2011;12:57:00;3000;sem vítima;123;BR-040/RJ;Norte;Colisão Lateral;1;2;;;;;1
20/05/2011;12:21:00;3162;sem vítima;22;BR-040/RJ;Norte;Colisão Lateral;1;2;;;;;1
20/05/2011;18:38:00;3228;com vítima;106;BR-040/RJ;Sul;Atropelamento - Pedestre;1;0;;;1;;2
20/05/2011;11:27:00;3156;sem vítima;114;BR-040/RJ;Norte;Choque - Objeto Fixo;1;2;;;;;1
20/05/2011;07:48:00;3127;com vítima;120;BR-040/RJ;Norte;Atropelamento - Pedestre;1;0;;;;1;3
23/05/2011;07:59:00;3631;com vítima;72;BR-040/RJ;Norte;Tombamento;1;0;;1;;;2
23/05/2011;18:30:00;3741;sem vítima;109;BR-040/RJ;Norte;Colisão Lateral;1;2;;;;;1
24/05/2011;07:18:00;3805;sem vítima;39;BR-040/RJ;Sul;Choque - Objeto Fixo;1;1;;;;;1
24/05/2011;13:39:00;3847;sem vítima;109;BR-040/RJ;Norte;Choque - Objeto Fixo;1;1;;;;;1
24/05/2011;08:08:00;3809;sem vítima;123;BR-040/RJ;Sul;Colisão Lateral;1;2;;;;;1
24/05/2011;16:36:00;3870;sem vítima;124;BR-040/RJ;Sul;Colisão Lateral;1;2;;;;;1
25/05/2011;03:03:00;3928;com vítima;55;BR-040/RJ;Sul;Choque - Objeto Fixo;1;0;1;;;;1
25/05/2011;19:46:00;4058;sem vítima;80;BR-040/RJ;Sul;Derrapagem;1;1;;;;;1
25/05/2011;15:05:00;4011;sem vítima;110;BR-040/RJ;Sul;Derrapagem;1;1;;;;;1
25/05/2011;17:22:00;4039;com vítima;110;BR-040/RJ;Sul;Colisão Lateral;2;0;2;;;;1
25/05/2011;17:22:00;4063;sem vítima;110;BR-040/RJ;Sul;Colisão Lateral;1;2;;;;;1
25/05/2011;10:24:00;3975;sem vítima;119;BR-040/RJ;Norte;Colisão Traseira;1;2;;;;;1
25/05/2011;19:52:00;4059;sem vítima;120;BR-040/RJ;Sul;Colisão Lateral;1;2;;;;;1
25/05/2011;18:03:00;4043;sem vítima;122;BR-040/RJ;Sul;Colisão Lateral;1;2;;;;;1
25/05/2011;11:49:00;3988;sem vítima;123;BR-040/RJ;Sul;Colisão Lateral;1;2;;;;;1
25/05/2011;14:53:00;4009;sem vítima;123;BR-040/RJ;Sul;Colisão Lateral;1;2;;;;;1
25/05/2011;10:50:00;3979;sem vítima;124;BR-040/RJ;Norte;Colisão Lateral;1;2;;;;;1
25/05/2011;12:19:00;3991;com vítima;124;BR-040/RJ;Sul;Colisão Traseira;2;1;;3;;;2
25/05/2011;12:19:00;3997;sem vítima;124;BR-040/RJ;Sul;Colisão Lateral;1;2;;;;;1
26/05/2011;05:28:00;4100;com vítima;31;BR-040/RJ;Norte;Tombamento;1;0;1;;;;1
26/05/2011;17:10:00;4185;sem vítima;800;BR-040/MG;Norte;Colisão Traseira;2;2;;;;;1
26/05/2011;21:40:00;4215;sem vítima;99;BR-040/RJ;Norte;Choque - Objeto Fixo;1;1;;;;;1
26/05/2011;19:55:00;4206;com vítima;124;BR-040/RJ;Norte;Colisão Lateral;1;2;1;;;;1
27/05/2011;16:45:00;4331;com vítima;810;BR-040/MG;Sul;Atropelamento - Pedestre;1;1;;;;1;3
27/05/2011;10:56:00;4276;sem vítima;96;BR-040/RJ;Norte;Derrapagem;1;1;;;;;1
27/05/2011;07:35:00;4254;sem vítima;109;BR-040/RJ;Norte;Colisão Lateral;1;2;;;;;1
27/05/2011;09:15:00;4266;sem vítima;120;BR-040/RJ;Sul;Colisão Lateral;1;2;;;;;1
27/05/2011;16:13:00;4327;sem vítima;124;BR-040/RJ;Norte;Colisão Lateral;1;2;;;;;1
28/05/2011;13:38:00;4481;com vítima;122;BR-040/RJ;Sul;Choque - Objeto Fixo;1;1;4;;;;1
30/05/2011;12:20:00;4804;sem vítima;36;BR-040/RJ;Sul;Colisão Lateral;1;2;;;;;1
30/05/2011;04:17:00;4744;com vítima;79;BR-040/RJ;Norte;Colisão Lateral;1;1;1;;;;1
30/05/2011;16:17:00;4833;sem vítima;84;BR-040/RJ;Norte;Colisão Lateral;1;2;;;;;1
30/05/2011;14:49:00;4823;sem vítima;89;BR-040/RJ;Norte;Colisão Lateral;1;2;;;;;1
31/05/2011;17:05:00;5021;sem vítima;104;BR-040/RJ;Sul;Colisão Lateral;1;2;;;;;1
31/05/2011;09:14:00;4946;sem vítima;111;BR-040/RJ;Norte;Colisão Lateral;1;2;;;;;1
31/05/2011;05:59:00;4918;sem vítima;122;BR-040/RJ;Sul;Engavetamento;1;3;;;;;1
31/05/2011;07:19:00;4923;sem vítima;123;BR-040/RJ;Sul;Colisão Lateral;1;2;;;;;1
01/06/2011;19:50:00;138;sem vítima;121;BR-040/RJ;Norte;Colisão Lateral;1;2;;;;;1
01/06/2011;07:04:00;27;sem vítima;123;BR-040/RJ;Sul;Colisão Lateral;1;2;;;;;1
01/06/2011;07:11:00;31;sem vítima;123;BR-040/RJ;Sul;Colisão Lateral;1;2;;;;;1