data;horario;n_da_ocorrencia;tipo_de_ocorrencia;km;trecho;sentido;tipo_de_acidente;caminhao;ilesos;levemente_feridos;moderadamente_feridos;gravemente_feridos;mortos;3
02/06/2011;14:48:00;245;sem vítima;101;BR-040/RJ;Norte;Colisão Lateral;1;2;;;;;1
03/06/2011;20:16:00;471;com vítima;24;BR-040/RJ;Norte;Tombamento;1;0;1;;;;1
03/06/2011;20:55:00;476;sem vítima;121;BR-040/RJ;Sul;Colisão Lateral;1;2;;;;;1
05/06/2011;14:52:00;738;com vítima;121;BR-040/RJ;Sul;Colisão Traseira;1;1;1;;;;1
06/06/2011;09:49:00;881;sem vítima;120;BR-040/RJ;Sul;Colisão Lateral;1;2;;;;;1
06/06/2011;19:12:00;984;sem vítima;124;BR-040/RJ;Sul;Colisão Lateral;1;2;;;;;1
07/06/2011;23:29:00;1208;sem vítima;96;BR-040/RJ;Sul;Choque - Objeto Fixo;1;1;;;;;1
07/06/2011;12:44:00;1089;sem vítima;113;BR-040/RJ;Norte;Colisão Traseira;1;2;;;;;1
07/06/2011;07:02:00;1036;sem vítima;123;BR-040/RJ;Sul;Colisão Lateral;1;2;;;;;1
08/06/2011;13:57:00;1298;com vítima;34;BR-040/RJ;Sul;Derrapagem;1;1;1;;;;1
08/06/2011;02:55:00;1233;sem vítima;85;BR-040/RJ;Norte;Colisão Frontal;2;2;;;;;1
08/06/2011;10:30:00;1271;com vítima;124;BR-040/RJ;Sul;Colisão Traseira;2;0;2;1;;;2
09/06/2011;12:27:00;1464;com vítima;92;BR-040/RJ;Norte;Derrapagem;1;0;1;;;;1
09/06/2011;11:21:00;1455;sem vítima;97;BR-040/RJ;Sul;Tombamento;2;2;;;;;1
09/06/2011;00:06:00;1392;com vítima;109;BR-040/RJ;Sul;Tombamento;1;0;;2;;;2
09/06/2011;09:52:00;1446;sem vítima;109;BR-040/RJ;Sul;Colisão Traseira;1;2;;;;;1
09/06/2011;07:03:00;1423;sem vítima;123;BR-040/RJ;Sul;Colisão Traseira;1;2;;;;;1
10/06/2011;18:32:00;1684;sem vítima;121;BR-040/RJ;Sul;Colisão Traseira;1;2;;;;;1
10/06/2011;10:33:00;1600;sem vítima;125;BR-040/RJ;Sul;Colisão Lateral;1;2;;;;;1
11/06/2011;13:39:00;1813;com vítima;96;BR-040/RJ;Norte;Tombamento;1;0;;1;;;2
11/06/2011;15:29:00;1829;sem vítima;96;BR-040/RJ;Norte;Colisão Lateral;1;2;;;;;1
13/06/2011;12:11:00;2100;com vítima;24;BR-040/RJ;Norte;Tombamento;1;0;1;;;;1
13/06/2011;19:57:00;2161;sem vítima;93;BR-040/RJ;Sul;Choque - Objeto Fixo;1;1;;;;;1
13/06/2011;15:50:00;2124;sem vítima;110;BR-040/RJ;Norte;Colisão Traseira;1;2;;;;;1
13/06/2011;20:36:00;2167;com vítima;110;BR-040/RJ;Sul;Colisão Frontal;1;1;;1;;;2
14/06/2011;02:36:00;2192;com vítima;32;BR-040/RJ;Sul;Tombamento;1;0;1;;;;1
14/06/2011;18:11:00;2312;com vítima;88;BR-040/RJ;Sul;Colisão Traseira;1;1;1;1;;;2
14/06/2011;22:25:00;2342;com vítima;119;BR-040/RJ;Sul;Choque - Objeto Fixo;1;0;2;;;;1
14/06/2011;06:55:00;2206;sem vítima;123;BR-040/RJ;Sul;Colisão Lateral;1;2;;;;;1
16/06/2011;17:00:00;2607;sem vítima;124;BR-040/RJ;Sul;Colisão Lateral;1;2;;;;;1
17/06/2011;20:46:00;2842;sem vítima;87;BR-040/RJ;Sul;Tombamento;1;1;;;;;1
17/06/2011;17:38:00;2798;sem vítima;118;BR-040/RJ;Norte;Colisão Lateral;1;2;;;;;1
17/06/2011;10:25:00;2723;sem vítima;124;BR-040/RJ;Sul;Engavetamento;1;3;;;;;1
18/06/2011;17:55:00;2985;sem vítima;89;BR-040/RJ;Norte;Colisão Lateral;1;2;;;;;1
18/06/2011;15:45:00;2958;com vítima;93;BR-040/RJ;Sul;Choque - Objeto Fixo;1;0;1;1;;;2
18/06/2011;12:02:00;2929;com vítima;121;BR-040/RJ;Norte;Colisão Lateral;1;3;1;;;;1
18/06/2011;21:08:00;3007;sem vítima;121;BR-040/RJ;Sul;Colisão Lateral;1;2;;;;;1
20/06/2011;19:04:00;3290;sem vítima;780;BR-040/MG;Sul;Colisão Lateral;1;2;;;;;1
20/06/2011;14:21:00;3236;sem vítima;98;BR-040/RJ;Norte;Colisão Lateral;1;2;;;;;1
21/06/2011;18:47:00;3457;sem vítima;43;BR-040/RJ;Sul;Colisão Lateral;1;2;;;;;1
21/06/2011;10:05:00;3371;sem vítima;118;BR-040/RJ;Sul;Choque - Objeto Fixo;1;3;;;;;1
22/06/2011;23:05:00;3678;com vítima;24;BR-040/RJ;Norte;Tombamento;1;1;1;;;;1
22/06/2011;15:28:00;3600;com vítima;804;BR-040/MG;Norte;Colisão Traseira;1;1;2;;;;1
23/06/2011;04:55:00;3699;com vítima;804;BR-040/MG;Norte;Colisão Traseira;1;2;1;;;;1
23/06/2011;02:28:00;3691;sem vítima;85;BR-040/RJ;Norte;Choque - Objeto Fixo;1;1;;;;;1
23/06/2011;15:10:00;3774;sem vítima;111;BR-040/RJ;Norte;Colisão Traseira;1;2;;;;;1
24/06/2011;16:10:00;3950;com vítima;5;BR-040/RJ;Norte;Tombamento;1;1;1;;;;1
24/06/2011;19:26:00;3981;sem vítima;98;BR-040/RJ;Norte;Colisão Lateral;1;2;;;;;1
24/06/2011;11:26:00;3899;sem vítima;123;BR-040/RJ;Norte;Colisão Traseira;1;2;;;;;1
25/06/2011;06:20:00;4032;sem vítima;123;BR-040/RJ;Norte;Colisão Traseira;1;2;;;;;1
28/06/2011;10:41:00;4571;com vítima;39;BR-040/RJ;Norte;Tombamento;1;0;1;;;;1
28/06/2011;12:50:00;4587;com vítima;68;BR-040/RJ;Norte;Colisão Lateral;1;1;2;;;;1
28/06/2011;18:05:00;4634;sem vítima;91;BR-040/RJ;Sul;Colisão Traseira;1;2;;;;;1
28/06/2011;17:35:00;4628;sem vítima;107;BR-040/RJ;Norte;Colisão Lateral;1;2;;;;;1
29/06/2011;09:35:00;4716;sem vítima;816;BR-040/MG;Norte;Engavetamento;1;3;;;;;1
29/06/2011;09:56:00;4718;com vítima;110;BR-040/RJ;Sul;Engavetamento;1;1;7;3;;;2
29/06/2011;18:05:00;4792;sem vítima;123;BR-040/RJ;Sul;Colisão Lateral;1;2;;;;;1
30/06/2011;02:07:00;4819;sem vítima;800;BR-040/MG;Sul;Choque - Objeto Fixo;1;1;;;;;1
30/06/2011;22:02:00;4964;com vítima;116;BR-040/RJ;Norte;Choque - Objeto Fixo;1;1;3;;;;1
01/07/2011;11:20:00;63;com vítima;823;BR-040/MG;Norte;Colisão Traseira;1;1;1;;;;1
01/07/2011;12:50:00;74;sem vítima;86;BR-040/RJ;Norte;Colisão Traseira;1;2;;;;;1
01/07/2011;14:34:00;89;sem vítima;89;BR-040/RJ;Sul;Derrapagem;1;1;;;;;1
01/07/2011;07:27:00;28;sem vítima;105;BR-040/RJ;Sul;Colisão Lateral;1;2;;;;;1
01/07/2011;18:03:00;128;sem vítima;109;BR-040/RJ;Norte;Colisão Lateral;1;2;;;;;1
01/07/2011;20:28:00;142;sem vítima;123;BR-040/RJ;Norte;Colisão Lateral;1;2;;;;;1
01/07/2011;18:51:00;136;com vítima;124;BR-040/RJ;Norte;Engavetamento;1;4;1;;;;1
02/07/2011;15:28:00;249;sem vítima;78;BR-040/RJ;Norte;Colisão Traseira;1;2;;;;;1
04/07/2011;14:18:00;515;com vítima;43;BR-040/RJ;Norte;Atropelamento - Pedestre;1;1;;1;;;2
04/07/2011;16:44:00;544;sem vítima;45;BR-040/RJ;Norte;Colisão Transversal;1;2;;;;;1
04/07/2011;13:54:00;513;com vítima;105;BR-040/RJ;Sul;Colisão Lateral;1;1;1;;;;1
04/07/2011;08:13:00;470;sem vítima;123;BR-040/RJ;Sul;Colisão Lateral;1;2;;;;;1
04/07/2011;14:30:00;518;sem vítima;123;BR-040/RJ;Norte;Colisão Lateral;1;2;;;;;1
05/07/2011;00:26:00;582;com vítima;91;BR-040/RJ;Sul;Colisão Traseira;2;1;1;;;;1
05/07/2011;11:52:00;635;sem vítima;91;BR-040/RJ;Sul;Colisão Traseira;2;3;;;;;1
05/07/2011;18:20:00;695;sem vítima;109;BR-040/RJ;Sul;Colisão Traseira;1;2;;;;;1
05/07/2011;18:40:00;697;sem vítima;122;BR-040/RJ;Norte;Colisão Lateral;2;2;;;;;1
05/07/2011;07:25:00;600;com vítima;123;BR-040/RJ;Sul;Colisão Lateral;1;1;1;;;;1
06/07/2011;15:47:00;839;sem vítima;123;BR-040/RJ;Sul;Engavetamento;1;3;;;;;1
07/07/2011;06:19:00;927;sem vítima;123;BR-040/RJ;Sul;Queda de Moto;1;2;;;;;1
07/07/2011;08:05:00;941;sem vítima;124;BR-040/RJ;Norte;Colisão Lateral;1;2;;;;;1
08/07/2011;03:16:00;1055;sem vítima;810;BR-040/MG;Sul;Atropelamento - Animal;1;1;;;;;1
08/07/2011;16:51:00;1178;sem vítima;123;BR-040/RJ;Sul;Colisão Lateral;1;2;;;;;1
09/07/2011;03:12:00;1250;sem vítima;815;BR-040/MG;Sul;Tombamento;1;1;;;;;1
11/07/2011;11:42:00;1671;sem vítima;93;BR-040/RJ;Norte;Colisão Lateral;2;2;;;;;1
12/07/2011;16:40:00;1905;com vítima;43;BR-040/RJ;Sul;Colisão Lateral;1;1;;;1;;2
12/07/2011;19:06:00;1931;com vítima;804;BR-040/MG;Norte;Colisão Traseira;1;1;;1;;;2
12/07/2011;07:48:00;1809;sem vítima;109;BR-040/RJ;Norte;Colisão Lateral;1;3;;;;;1
12/07/2011;12:39:00;1864;sem vítima;109;BR-040/RJ;Norte;Choque - Objeto Fixo;1;1;;;;;1
12/07/2011;11:52:00;1853;sem vítima;110;BR-040/RJ;Sul;Colisão Lateral;1;2;;;;;1
13/07/2011;23:05:00;2112;sem vítima;14;BR-040/RJ;Norte;Colisão Traseira;2;2;;;;;1
13/07/2011;06:40:00;1970;com vítima;108;BR-040/RJ;Sul;Colisão Traseira;2;0;;3;;;2
13/07/2011;09:18:00;1990;sem vítima;108;BR-040/RJ;Sul;Colisão Traseira;1;2;;;;;1
13/07/2011;17:22:00;2071;sem vítima;110;BR-040/RJ;Norte;Colisão Lateral;1;2;;;;;1
14/07/2011;09:53:00;2181;com vítima;806;BR-040/MG;Sul;Choque - Objeto Fixo;1;0;;;;1;3
14/07/2011;23:42:00;2292;com vítima;822;BR-040/MG;Norte;Colisão Traseira;2;1;;2;;;2
14/07/2011;13:30:00;2213;sem vítima;105;BR-040/RJ;Norte;Colisão Lateral;1;2;;;;;1
14/07/2011;10:33:00;2188;sem vítima;120;BR-040/RJ;Norte;Colisão Lateral;1;2;;;;;1
15/07/2011;08:09:00;2325;sem vítima;805;BR-040/MG;Norte;Colisão Traseira;1;2;;;;;1
15/07/2011;11:48:00;2354;sem vítima;91;BR-040/RJ;Norte;Colisão Lateral;1;2;;;;;1
15/07/2011;08:40:00;2337;sem vítima;109;BR-040/RJ;Sul;Colisão Traseira;1;2;;;;;1
15/07/2011;12:58:00;2369;sem vítima;109;BR-040/RJ;Norte;Colisão Lateral;1;2;;;;;1
15/07/2011;07:02:00;2315;com vítima;110;BR-040/RJ;Norte;Tombamento;1;0;4;;;;1
15/07/2011;15:28:00;2392;sem vítima;117;BR-040/RJ;Norte;Colisão Traseira;1;2;;;;;1
15/07/2011;09:18:00;2345;sem vítima;121;BR-040/RJ;Sul;Colisão Traseira;1;2;;;;;1
16/07/2011;06:46:00;2494;sem vítima;109;BR-040/RJ;Sul;Colisão Traseira;1;2;;;;;1
18/07/2011;00:43:00;2866;sem vítima;21;BR-040/RJ;Sul;Atropelamento - Animal;1;1;;;;;1
18/07/2011;10:20:00;2917;sem vítima;816;BR-040/MG;Norte;Colisão Lateral;1;2;;;;;1
18/07/2011;08:36:00;2907;com vítima;124;BR-040/RJ;Sul;Atropelamento - Pedestre;1;1;1;;;;1
19/07/2011;11:27:00;3127;sem vítima;83;BR-040/RJ;Norte;Colisão Lateral;1;2;;;;;1
19/07/2011;13:41:00;3142;sem vítima;113;BR-040/RJ;Sul;Colisão Lateral;1;2;;;;;1
19/07/2011;06:32:00;3078;sem vítima;120;BR-040/RJ;Sul;Colisão Lateral;1;2;;;;;1
20/07/2011;18:23:00;3387;sem vítima;111;BR-040/RJ;Sul;Colisão Traseira;1;2;;;;;1
21/07/2011;07:37:00;3463;sem vítima;122;BR-040/RJ;Norte;Engavetamento;2;3;;;;;1
21/07/2011;08:01:00;3469;sem vítima;123;BR-040/RJ;Sul;Colisão Traseira;1;2;;;;;1
22/07/2011;07:12:00;3655;com vítima;73;BR-040/RJ;Sul;Tombamento;1;0;1;;;;1
22/07/2011;06:04:00;3648;sem vítima;77;BR-040/RJ;Sul;Colisão Traseira;1;4;;;;;1
23/07/2011;17:42:00;3941;sem vítima;50;BR-040/RJ;Sul;Choque - Objeto Fixo;1;1;;;;;1
23/07/2011;14:01:00;3902;com vítima;73;BR-040/RJ;Sul;Colisão Traseira;1;2;1;;;;1
23/07/2011;09:37:00;3864;com vítima;783;BR-040/MG;Norte;Colisão Traseira;1;1;;1;;;2
23/07/2011;14:34:00;3908;com vítima;102;BR-040/RJ;Norte;Derrapagem;1;0;;1;;;2
23/07/2011;07:18:00;3844;com vítima;117;BR-040/RJ;Sul;Choque - Objeto Fixo;1;0;1;;;;1
25/07/2011;08:21:00;4177;com vítima;21;BR-040/RJ;Norte;Tombamento;1;0;1;;;;1
25/07/2011;10:04:00;4201;sem vítima;75;BR-040/RJ;Norte;Choque - Objeto Fixo;1;1;;;;;1
25/07/2011;14:07:00;4238;sem vítima;104;BR-040/RJ;Norte;Colisão Traseira;1;2;;;;;1
25/07/2011;15:17:00;4254;sem vítima;114;BR-040/RJ;Sul;Colisão Lateral;1;2;;;;;1
26/07/2011;08:09:00;4345;com vítima;70;BR-040/RJ;Norte;Tombamento;1;0;1;;;;1
26/07/2011;16:27:00;4405;com vítima;96;BR-040/RJ;Norte;Tombamento;1;0;;1;;;2
27/07/2011;07:43:00;4482;com vítima;80;BR-040/RJ;Norte;Tombamento;1;1;1;;;;1
27/07/2011;18:45:00;4592;sem vítima;109;BR-040/RJ;Norte;Colisão Lateral;1;2;;;;;1
28/07/2011;06:49:00;4642;com vítima;74;BR-040/RJ;Norte;Tombamento;1;0;;;1;;2
28/07/2011;16:05:00;4735;sem vítima;104;BR-040/RJ;Norte;Colisão Lateral;1;2;;;;;1
28/07/2011;18:34:00;4764;sem vítima;111;BR-040/RJ;Norte;Engavetamento;1;3;;;;;1
29/07/2011;15:42:00;4916;sem vítima;56;BR-040/RJ;Norte;Colisão Traseira;1;2;;;;;1
29/07/2011;06:11:00;4817;sem vítima;122;BR-040/RJ;Sul;Choque - Objeto Fixo;1;1;;;;;1
29/07/2011;09:26:00;4843;sem vítima;123;BR-040/RJ;Norte;Colisão Lateral;1;2;;;;;1
30/07/2011;18:18:00;5147;com vítima;784;BR-040/MG;Norte;Colisão Lateral;1;4;1;;;;1
30/07/2011;08:36:00;5039;sem vítima;805;BR-040/MG;Norte;Colisão Lateral;1;2;;;;;1
30/07/2011;13:10:00;5093;sem vítima;109;BR-040/RJ;Norte;Colisão Lateral;1;2;;;;;1
30/07/2011;17:46:00;5139;sem vítima;121;BR-040/RJ;Norte;Colisão Lateral;1;4;;;;;1
31/07/2011;17:03:00;5350;com vítima;17;BR-040/RJ;Norte;Atropelamento - Pedestre;1;1;1;;;;1
31/07/2011;22:11:00;5400;sem vítima;104;BR-040/RJ;Sul;Choque - Objeto Fixo;1;1;;;;;1
01/08/2011;19:22:00;155;sem vítima;803;BR-040/MG;Norte;Colisão Traseira;1;2;;;;;1
01/08/2011;17:19:00;136;com vítima;96;BR-040/RJ;Norte;Tombamento;1;0;1;;;;1
01/08/2011;13:37:00;98;sem vítima;106;BR-040/RJ;Sul;Colisão Traseira;1;2;;;;;1
02/08/2011;07:16:00;210;sem vítima;123;BR-040/RJ;Sul;Colisão Traseira;1;2;;;;;1
02/08/2011;07:57:00;218;sem vítima;123;BR-040/RJ;Sul;Colisão Lateral;1;2;;;;;1
03/08/2011;18:28:00;489;sem vítima;45;BR-040/RJ;Norte;Colisão Lateral;1;2;;;;;1
03/08/2011;17:32:00;485;sem vítima;108;BR-040/RJ;Sul;Colisão Lateral;1;2;;;;;1
03/08/2011;12:47:00;434;sem vítima;119;BR-040/RJ;Sul;Colisão Traseira;1;2;;;;;1
04/08/2011;07:05:00;544;sem vítima;81;BR-040/RJ;Sul;Colisão Traseira;1;2;;;;;1
04/08/2011;05:31:00;535;sem vítima;798;BR-040/MG;Sul;Choque - Objeto Fixo;1;1;;;;;1
04/08/2011;05:00:00;532;com vítima;84;BR-040/RJ;Sul;Colisão Traseira;3;2;;;1;;2
04/08/2011;00:15:00;521;sem vítima;109;BR-040/RJ;Sul;Choque - Objeto Fixo;1;1;;;;;1
04/08/2011;14:20:00;613;sem vítima;124;BR-040/RJ;Sul;Engavetamento;1;3;;;;;1
05/08/2011;11:42:00;785;com vítima;43;BR-040/RJ;Norte;Colisão Lateral;2;0;4;;;;1
05/08/2011;17:17:00;838;sem vítima;104;BR-040/RJ;Sul;Colisão Lateral;1;2;;;;;1
05/08/2011;19:47:00;869;sem vítima;123;BR-040/RJ;Norte;Colisão Traseira;1;2;;;;;1
06/08/2011;07:21:00;922;sem vítima;102;BR-040/RJ;Norte;Colisão Lateral;1;2;;;;;1
06/08/2011;18:55:00;1049;sem vítima;104;BR-040/RJ;Sul;Colisão Lateral;1;2;;;;;1
07/08/2011;23:42:00;1249;sem vítima;123;BR-040/RJ;Norte;Colisão Lateral;1;2;;;;;1
08/08/2011;04:40:00;1272;sem vítima;27;BR-040/RJ;Sul;Choque - Objeto Fixo;1;1;;;;;1
09/08/2011;07:30:00;1446;sem vítima;821;BR-040/MG;Norte;Choque - Objeto Fixo;1;1;;;;;1
11/08/2011;11:55:00;1826;sem vítima;104;BR-040/RJ;Norte;Colisão Traseira;1;2;;;;;1
12/08/2011;14:33:00;2046;com vítima;34;BR-040/RJ;Norte;Tombamento;1;0;;1;;;2
12/08/2011;23:58:00;2154;sem vítima;37;BR-040/RJ;Norte;Choque - Objeto Fixo;1;1;;;;;1
12/08/2011;09:43:00;1991;sem vítima;43;BR-040/RJ;Norte;Colisão Traseira;1;2;;;;;1
12/08/2011;22:20:00;2143;sem vítima;90;BR-040/RJ;Norte;Colisão Lateral;1;2;;;;;1
12/08/2011;14:31:00;2048;sem vítima;110;BR-040/RJ;Sul;Colisão Traseira;1;2;;;;;1
12/08/2011;22:46:00;2146;com vítima;121;BR-040/RJ;Sul;Colisão Traseira;1;1;2;;;;1
12/08/2011;09:36:00;1990;sem vítima;123;BR-040/RJ;Sul;Colisão Lateral;1;2;;;;;1
13/08/2011;06:50:00;2183;sem vítima;84;BR-040/RJ;Norte;Colisão Traseira;1;2;;;;;1
15/08/2011;08:45:00;2573;sem vítima;109;BR-040/RJ;Norte;Colisão Lateral;1;2;;;;;1
15/08/2011;07:40:00;2562;sem vítima;124;BR-040/RJ;Sul;Engavetamento;1;4;;;;;1
16/08/2011;04:39:00;2718;sem vítima;24;BR-040/RJ;Norte;Tombamento;1;1;;;;;1
16/08/2011;04:08:00;2717;com vítima;79;BR-040/RJ;Sul;Colisão Traseira;2;1;;1;1;;2
16/08/2011;10:01:00;2772;com vítima;111;BR-040/RJ;Sul;Engavetamento;2;3;3;;;;1
16/08/2011;18:43:00;2868;sem vítima;124;BR-040/RJ;Sul;Colisão Traseira;1;2;;;;;1
17/08/2011;18:30:00;3049;com vítima;110;BR-040/RJ;Norte;Engavetamento;1;2;;1;;;2
17/08/2011;13:16:00;2991;sem vítima;113;BR-040/RJ;Sul;Colisão Traseira;1;2;;;;;1
17/08/2011;11:52:00;2980;com vítima;117;BR-040/RJ;Sul;Colisão Lateral;1;1;;;1;;2
17/08/2011;10:02:00;2960;sem vítima;120;BR-040/RJ;Norte;Colisão Lateral;1;2;;;;;1
18/08/2011;11:54:00;3160;sem vítima;83;BR-040/RJ;Norte;Colisão Lateral;2;2;;;;;1
18/08/2011;19:38:00;3247;sem vítima;89;BR-040/RJ;Norte;Colisão Lateral;2;2;;;;;1
18/08/2011;08:20:00;3111;sem vítima;120;BR-040/RJ;Sul;Colisão Traseira;1;2;;;;;1
19/08/2011;07:27:00;3307;com vítima;72;BR-040/RJ;Sul;Colisão Traseira;2;1;;1;;;2
19/08/2011;03:57:00;3291;sem vítima;792;BR-040/MG;Sul;Colisão Traseira;1;2;;;;;1
19/08/2011;15:59:00;3415;com vítima;105;BR-040/RJ;Norte;Colisão Lateral;1;1;;1;;;2
19/08/2011;08:31:00;3320;sem vítima;123;BR-040/RJ;Sul;Colisão Lateral;1;2;;;;;1
19/08/2011;20:07:00;3468;sem vítima;124;BR-040/RJ;Sul;Colisão Lateral;1;2;;;;;1
20/08/2011;04:17:00;3508;com vítima;63;BR-040/RJ;Norte;Choque - Objeto Fixo;1;0;1;;;;1
21/08/2011;02:20:00;3694;sem vítima;109;BR-040/RJ;Sul;Colisão Traseira;1;2;;;;;1
21/08/2011;02:20:00;3695;sem vítima;109;BR-040/RJ;Sul;Colisão Traseira;1;2;;;;;1
22/08/2011;19:50:00;4011;com vítima;96;BR-040/RJ;Norte;Tombamento;1;0;1;;;;1
22/08/2011;09:55:00;3927;com vítima;116;BR-040/RJ;Sul;Colisão Traseira;2;2;1;;;;1
22/08/2011;18:33:00;4001;sem vítima;121;BR-040/RJ;Sul;Engavetamento;2;3;;;;;1
22/08/2011;09:15:00;3915;sem vítima;123;BR-040/RJ;Sul;Colisão Traseira;1;2;;;;;1
23/08/2011;07:16:00;4068;com vítima;821;BR-040/MG;Norte;Colisão Traseira;1;1;;1;;;2
23/08/2011;13:10:00;4134;sem vítima;85;BR-040/RJ;Norte;Choque - Objeto Fixo;1;1;;;;;1
23/08/2011;18:12:00;4182;sem vítima;89;BR-040/RJ;Norte;Colisão Traseira;1;2;;;;;1
23/08/2011;18:37:00;4184;sem vítima;110;BR-040/RJ;Norte;Colisão Traseira;1;2;;;;;1
24/08/2011;11:30:00;4313;sem vítima;104;BR-040/RJ;Norte;Colisão Lateral;1;2;;;;;1
24/08/2011;08:30:00;4268;sem vítima;105;BR-040/RJ;Norte;Atropelamento - Animal;1;1;;;;;1
24/08/2011;11:10:00;4309;sem vítima;118;BR-040/RJ;Sul;Colisão Lateral;1;2;;;;;1
24/08/2011;10:55:00;4301;sem vítima;122;BR-040/RJ;Norte;Colisão Lateral;1;2;;;;;1
24/08/2011;05:35:00;4246;sem vítima;123;BR-040/RJ;Sul;Colisão Traseira;1;2;;;;;1
26/08/2011;01:08:00;4604;sem vítima;85;BR-040/RJ;Norte;Colisão Traseira;1;2;;;;;1
26/08/2011;12:16:00;4669;sem vítima;88;BR-040/RJ;Norte;Choque - Objeto Fixo;1;1;;;;;1
26/08/2011;03:50:00;4607;com vítima;110;BR-040/RJ;Sul;Atropelamento - Pedestre;1;1;;1;;;2
26/08/2011;14:29:00;4690;com vítima;119;BR-040/RJ;Norte;Tombamento;1;0;1;;;;1
26/08/2011;07:15:00;4625;sem vítima;122;BR-040/RJ;Sul;Colisão Traseira;1;2;;;;;1
26/08/2011;12:38:00;4671;sem vítima;124;BR-040/RJ;Sul;Colisão Lateral;1;2;;;;;1
27/08/2011;15:24:00;4873;com vítima;74;BR-040/RJ;Norte;Tombamento;1;0;1;;;;1
28/08/2011;04:40:00;4941;sem vítima;69;BR-040/RJ;Norte;Colisão Lateral;1;2;;;;;1
29/08/2011;17:42:00;5255;com vítima;109;BR-040/RJ;Norte;Colisão Traseira;1;0;2;;;;1
29/08/2011;20:45:00;5286;com vítima;109;BR-040/RJ;Norte;Colisão Traseira;1;1;1;;;;1
29/08/2011;08:30:00;5136;sem vítima;123;BR-040/RJ;Sul;Colisão Lateral;1;3;;;;;1
29/08/2011;11:15:00;5165;sem vítima;124;BR-040/RJ;Sul;Colisão Lateral;1;2;;;;;1
29/08/2011;03:35:00;5107;com vítima;125;BR-040/RJ;Sul;Tombamento;1;0;1;;;;1
30/08/2011;14:46:00;5394;sem vítima;783;BR-040/MG;Norte;Tombamento;1;1;;;;;1
30/08/2011;07:47:00;5328;com vítima;784;BR-040/MG;Norte;Colisão Lateral;1;2;1;;;;1
30/08/2011;10:20:00;5351;sem vítima;121;BR-040/RJ;Sul;Engavetamento;1;3;;;;;1
30/08/2011;09:27:00;5344;sem vítima;122;BR-040/RJ;Sul;Colisão Lateral;1;2;;;;;1
30/08/2011;07:25:00;5323;sem vítima;123;BR-040/RJ;Sul;Colisão Lateral;1;2;;;;;1
30/08/2011;16:49:00;5417;sem vítima;123;BR-040/RJ;Sul;Colisão Lateral;1;2;;;;;1
31/08/2011;03:42:00;5479;sem vítima;44;BR-040/RJ;Sul;Choque - Objeto Fixo;1;1;;;;;1
31/08/2011;09:53:00;5517;sem vítima;118;BR-040/RJ;Sul;Colisão Lateral;1;2;;;;;1
01/09/2011;07:35:00;32;com vítima;34;BR-040/RJ;Norte;Tombamento;1;0;1;;;;1
01/09/2011;10:40:00;57;sem vítima;96;BR-040/RJ;Sul;Choque - Objeto Fixo;1;1;;;;;1
01/09/2011;00:21:00;4;sem vítima;122;BR-040/RJ;Sul;Choque - Objeto Fixo;1;1;;;;;1
02/09/2011;14:35:00;248;sem vítima;12;BR-040/RJ;Norte;Colisão Lateral;1;2;;;;;1
02/09/2011;06:44:00;189;sem vítima;805;BR-040/MG;Norte;Colisão Traseira;1;2;;;;;1
02/09/2011;08:17:00;200;sem vítima;123;BR-040/RJ;Sul;Colisão Lateral;1;2;;;;;1
02/09/2011;15:35:00;262;sem vítima;124;BR-040/RJ;Sul;Colisão Lateral;1;2;;;;;1
02/09/2011;20:00:00;315;sem vítima;124;BR-040/RJ;Sul;Colisão Lateral;1;2;;;;;1
03/09/2011;10:12:00;393;com vítima;96;BR-040/RJ;Norte;Tombamento;1;0;4;;;;1
03/09/2011;10:17:00;394;com vítima;110;BR-040/RJ;Norte;Colisão Traseira;2;1;1;;;;1
03/09/2011;18:34:00;469;sem vítima;120;BR-040/RJ;Sul;Colisão Lateral;1;2;;;;;1
05/09/2011;11:28:00;789;com vítima;74;BR-040/RJ;Sul;Colisão Traseira;1;3;2;;;;1
05/09/2011;07:44:00;735;sem vítima;123;BR-040/RJ;Norte;Colisão Lateral;1;2;;;;;1
07/09/2011;06:29:00;1117;com vítima;124;BR-040/RJ;Sul;Tombamento;1;0;;;;1;3
08/09/2011;22:29:00;1418;sem vítima;95;BR-040/RJ;Norte;Colisão Lateral;1;2;;;;;1
08/09/2011;07:34:00;1279;com vítima;122;BR-040/RJ;Sul;Engavetamento;4;3;1;1;;;2
08/09/2011;10:39:00;1303;sem vítima;123;BR-040/RJ;Norte;Colisão Lateral;1;2;;;;;1
08/09/2011;09:16:00;1292;sem vítima;124;BR-040/RJ;Norte;Colisão Lateral;1;2;;;;;1
09/09/2011;22:05:00;1599;sem vítima;90;BR-040/RJ;Norte;Colisão Lateral;2;2;;;;;1
09/09/2011;14:50:00;1528;com vítima;94;BR-040/RJ;Sul;Tombamento;1;0;;1;;;2
09/09/2011;18:23:00;1567;sem vítima;111;BR-040/RJ;Norte;Colisão Traseira;1;2;;;;;1