data;horario;n_da_ocorrencia;tipo_de_ocorrencia;km;trecho;sentido;tipo_de_acidente;caminhao;ilesos;levemente_feridos;moderadamente_feridos;gravemente_feridos;mortos;3
03/03/2012;12:00:00;459;com vítima;89;BR-040/RJ;Sul;Tombamento;1;0;1;;;;1
03/03/2012;13:28:00;471;com vítima;783;BR-040/MG;Sul;Colisão Traseira;1;1;1;1;;;2
05/03/2012;05:02:00;752;sem vítima;36;BR-040/RJ;Sul;Colisão Traseira;1;3;;;;;1
05/03/2012;07:24:00;766;sem vítima;113;BR-040/RJ;Sul;Colisão Lateral;1;2;;;;;1
05/03/2012;09:24:00;795;sem vítima;121;BR-040/RJ;Sul;Colisão Lateral;1;2;;;;;1
05/03/2012;10:08:00;805;sem vítima;122;BR-040/RJ;Sul;Engavetamento;1;3;;;;;1
06/03/2012;23:01:00;1138;sem vítima;1;BR-040/RJ;Norte;Colisão Traseira;2;2;;;;;1
06/03/2012;15:34:00;1069;com vítima;60;BR-040/RJ;Sul;Colisão Traseira;1;2;1;;;;1
06/03/2012;20:48:00;1123;sem vítima;111;BR-040/RJ;Norte;Colisão Lateral;1;2;;;;;1
06/03/2012;08:07:00;970;sem vítima;112;BR-040/RJ;Sul;Colisão Lateral;1;2;;;;;1
06/03/2012;22:16:00;1133;com vítima;800;BR-040/MG;Norte;Colisão Traseira;1;1;;1;;;2
06/03/2012;09:52:00;990;com vítima;122;BR-040/RJ;Sul;Engavetamento;3;2;5;;;;1
06/03/2012;07:30:00;962;sem vítima;123;BR-040/RJ;Sul;Colisão Lateral;1;2;;;;;1
07/03/2012;17:38:00;1292;sem vítima;109;BR-040/RJ;Norte;Colisão Lateral;1;2;;;;;1
07/03/2012;17:04:00;1283;com vítima;821;BR-040/MG;Norte;Colisão Traseira;2;0;2;;;;1
07/03/2012;14:56:00;1258;sem vítima;121;BR-040/RJ;Sul;Colisão Traseira;1;2;;;;;1
08/03/2012;14:43:00;1431;com vítima;76;BR-040/RJ;Sul;Choque - Objeto Fixo;1;0;3;;;;1
08/03/2012;16:39:00;1450;sem vítima;99;BR-040/RJ;Norte;Colisão Lateral;1;2;;;;;1
09/03/2012;05:50:00;1548;sem vítima;98;BR-040/RJ;Norte;Choque - Objeto Fixo;1;1;;;;;1
09/03/2012;16:33:00;1655;com vítima;114;BR-040/RJ;Sul;Engavetamento;1;2;2;;;;1
09/03/2012;09:12:00;1580;sem vítima;121;BR-040/RJ;Sul;Colisão Lateral;1;2;;;;;1
09/03/2012;07:45:00;1562;sem vítima;124;BR-040/RJ;Sul;Colisão Traseira;1;2;;;;;1
10/03/2012;13:58:00;1836;sem vítima;104;BR-040/RJ;Norte;Colisão Lateral;1;2;;;;;1
11/03/2012;21:11:00;2059;sem vítima;109;BR-040/RJ;Sul;Colisão Traseira;1;2;;;;;1
11/03/2012;13:11:00;1990;com vítima;823;BR-040/MG;Sul;Colisão Frontal;1;1;;1;;;2
12/03/2012;14:58:00;2222;com vítima;76;BR-040/RJ;Sul;Colisão Traseira;1;0;2;;;;1
12/03/2012;22:50:00;2270;sem vítima;101;BR-040/RJ;Norte;Colisão Lateral;1;2;;;;;1
12/03/2012;18:30:00;2253;com vítima;123;BR-040/RJ;Norte;Colisão Lateral;1;1;1;;;;1
13/03/2012;14:52:00;2387;com vítima;124;BR-040/RJ;Sul;Colisão Traseira;1;1;2;;;;1
14/03/2012;17:18:00;2602;sem vítima;101;BR-040/RJ;Sul;Colisão Lateral;1;2;;;;;1
14/03/2012;11:30:00;2539;sem vítima;104;BR-040/RJ;Sul;Colisão Traseira;1;2;;;;;1
14/03/2012;15:21:00;2578;sem vítima;109;BR-040/RJ;Norte;Engavetamento;1;4;;;;;1
14/03/2012;11:44:00;2542;com vítima;773;BR-040/MG;Norte;Tombamento;1;0;1;;;;1
14/03/2012;15:13:00;2577;sem vítima;780;BR-040/MG;Sul;Choque - Objeto Fixo;1;1;;;;;1
14/03/2012;10:33:00;2528;sem vítima;121;BR-040/RJ;Sul;Colisão Lateral;1;2;;;;;1
14/03/2012;06:08:00;2482;com vítima;123;BR-040/RJ;Sul;Queda de Moto;1;2;1;1;;;2
14/03/2012;11:43:00;2541;sem vítima;123;BR-040/RJ;Sul;Colisão Traseira;1;2;;;;;1
14/03/2012;12:25:00;2548;sem vítima;124;BR-040/RJ;Norte;Colisão Lateral;1;2;;;;;1
14/03/2012;12:41:00;2551;sem vítima;124;BR-040/RJ;Sul;Colisão Lateral;1;2;;;;;1
15/03/2012;01:31:00;2641;sem vítima;68;BR-040/RJ;Sul;Choque - Objeto Fixo;1;1;;;;;1
15/03/2012;06:25:00;2660;sem vítima;104;BR-040/RJ;Sul;Colisão Lateral;1;2;;;;;1
15/03/2012;15:31:00;2765;sem vítima;120;BR-040/RJ;Sul;Choque - Objeto Fixo;1;3;;;;;1
16/03/2012;20:32:00;2986;sem vítima;90;BR-040/RJ;Norte;Colisão Lateral;2;2;;;;;1
16/03/2012;11:03:00;2890;sem vítima;109;BR-040/RJ;Norte;Colisão Traseira;1;2;;;;;1
16/03/2012;09:26:00;2876;sem vítima;119;BR-040/RJ;Sul;Colisão Traseira;1;2;;;;;1
17/03/2012;13:24:00;3101;sem vítima;62;BR-040/RJ;Norte;Colisão Traseira;1;2;;;;;1
17/03/2012;21:23:00;3170;com vítima;109;BR-040/RJ;Norte;Colisão Traseira;1;0;3;;;;1
17/03/2012;14:29:00;3111;sem vítima;123;BR-040/RJ;Norte;Colisão Lateral;1;2;;;;;1
18/03/2012;19:43:00;3320;com vítima;97;BR-040/RJ;Sul;Tombamento;1;0;1;;;;1
18/03/2012;06:57:00;3199;sem vítima;119;BR-040/RJ;Norte;Colisão Traseira;1;2;;;;;1
18/03/2012;12:04:00;3237;com vítima;124;BR-040/RJ;Sul;Colisão Traseira;1;1;2;;;;1
19/03/2012;15:58:00;3485;com vítima;2;BR-040/RJ;Norte;Tombamento;1;0;1;;;;1
19/03/2012;09:42:00;3426;sem vítima;108;BR-040/RJ;Sul;Colisão Lateral;1;2;;;;;1
19/03/2012;08:39:00;3409;sem vítima;121;BR-040/RJ;Sul;Colisão Traseira;2;2;;;;;1
20/03/2012;06:52:00;3577;sem vítima;96;BR-040/RJ;Norte;Tombamento;1;1;;;;;1
20/03/2012;18:46:00;3688;com vítima;122;BR-040/RJ;Norte;Capotamento;1;1;1;;;;1
20/03/2012;20:51:00;3697;com vítima;122;BR-040/RJ;Norte;Colisão Traseira;1;1;3;;;;1
21/03/2012;13:29:00;3808;sem vítima;82;BR-040/RJ;Norte;Colisão Traseira;1;2;;;;;1
21/03/2012;13:34:00;3810;com vítima;117;BR-040/RJ;Sul;Colisão Lateral;1;1;8;;;;1
22/03/2012;10:36:00;3967;sem vítima;123;BR-040/RJ;Sul;Colisão Lateral;1;2;;;;;1
22/03/2012;13:42:00;4004;sem vítima;124;BR-040/RJ;Sul;Colisão Lateral;1;2;;;;;1
24/03/2012;11:10:00;4378;sem vítima;84;BR-040/RJ;Norte;Colisão Lateral;1;2;;;;;1
24/03/2012;18:34:00;4447;sem vítima;119;BR-040/RJ;Norte;Colisão Lateral;1;2;;;;;1
24/03/2012;13:26:00;4395;com vítima;120;BR-040/RJ;Sul;Colisão Lateral;1;0;6;;;;1
24/03/2012;09:23:00;4361;com vítima;124;BR-040/RJ;Norte;Colisão Lateral;1;1;4;;;;1
24/03/2012;21:08:00;4472;sem vítima;124;BR-040/RJ;Norte;Colisão Traseira;1;2;;;;;1
26/03/2012;22:01:00;4835;sem vítima;94;BR-040/RJ;Norte;Colisão Lateral;2;2;;;;;1
26/03/2012;14:11:00;4748;sem vítima;117;BR-040/RJ;Norte;Colisão Traseira;1;2;;;;;1
26/03/2012;07:33:00;4683;sem vítima;121;BR-040/RJ;Sul;Colisão Traseira;1;2;;;;;1
26/03/2012;09:27:00;4703;sem vítima;124;BR-040/RJ;Sul;Colisão Lateral;1;2;;;;;1
26/03/2012;11:47:00;4730;sem vítima;124;BR-040/RJ;Sul;Colisão Traseira;1;2;;;;;1
27/03/2012;01:13:00;4853;sem vítima;87;BR-040/RJ;Sul;Tombamento;1;1;;;;;1
27/03/2012;20:43:00;5017;com vítima;87;BR-040/RJ;Sul;Tombamento;1;0;;;1;;2
27/03/2012;11:43:00;4917;sem vítima;110;BR-040/RJ;Sul;Colisão Lateral;1;2;;;;;1
27/03/2012;21:24:00;5021;com vítima;113;BR-040/RJ;Norte;Colisão Lateral;1;1;1;;;;1
27/03/2012;07:11:00;4873;com vítima;122;BR-040/RJ;Sul;Engavetamento;1;2;1;;;;1
27/03/2012;06:46:00;4867;sem vítima;123;BR-040/RJ;Sul;Colisão Lateral;1;2;;;;;1
27/03/2012;07:22:00;4874;sem vítima;123;BR-040/RJ;Sul;Colisão Lateral;1;2;;;;;1
28/03/2012;15:28:00;5168;com vítima;12;BR-040/RJ;Norte;Choque - Objeto Fixo;1;0;1;;;;1
28/03/2012;19:43:00;5203;com vítima;44;BR-040/RJ;Sul;Colisão Traseira;1;1;;1;;;2
28/03/2012;15:42:00;5172;sem vítima;82;BR-040/RJ;Sul;Choque - Objeto Fixo;1;1;;;;;1
28/03/2012;04:58:00;5061;sem vítima;85;BR-040/RJ;Sul;Colisão Traseira;1;2;;;;;1
28/03/2012;09:40:00;5104;sem vítima;85;BR-040/RJ;Norte;Colisão Lateral;1;2;;;;;1
28/03/2012;14:42:00;5161;sem vítima;109;BR-040/RJ;Norte;Colisão Lateral;1;2;;;;;1
28/03/2012;14:08:00;5154;sem vítima;786;BR-040/MG;Sul;Choque - Objeto Fixo;1;1;;;;;1
28/03/2012;21:04:00;5212;sem vítima;124;BR-040/RJ;Norte;Colisão Traseira;1;2;;;;;1
29/03/2012;16:13:00;5331;sem vítima;45;BR-040/RJ;Sul;Colisão Lateral;1;2;;;;;1
29/03/2012;19:20:00;5362;sem vítima;90;BR-040/RJ;Sul;Choque - Objeto Fixo;1;1;;;;;1
29/03/2012;20:23:00;5374;sem vítima;95;BR-040/RJ;Sul;Choque - Objeto Fixo;1;1;;;;;1
29/03/2012;16:41:00;5339;sem vítima;110;BR-040/RJ;Norte;Colisão Lateral;1;2;;;;;1
29/03/2012;12:03:00;5286;sem vítima;123;BR-040/RJ;Sul;Colisão Lateral;1;2;;;;;1
30/03/2012;07:19:00;5420;com vítima;86;BR-040/RJ;Sul;Choque - Objeto Fixo;1;0;2;;;;1
30/03/2012;19:53:00;5539;sem vítima;122;BR-040/RJ;Norte;Colisão Lateral;1;2;;;;;1
31/03/2012;02:38:00;5592;com vítima;85;BR-040/RJ;Sul;Choque - Objeto Fixo;1;0;1;;;;1
31/03/2012;19:27:00;5763;sem vítima;119;BR-040/RJ;Sul;Colisão Traseira;1;2;;;;;1
31/03/2012;00:31:00;5582;com vítima;124;BR-040/RJ;Norte;Colisão Lateral;1;1;;1;;;2
02/04/2012;13:42:00;245;sem vítima;112;BR-040/RJ;Norte;Colisão Lateral;1;2;;;;;1
02/04/2012;08:43:00;202;com vítima;121;BR-040/RJ;Sul;Colisão Traseira;1;1;1;;;;1
02/04/2012;06:16:00;180;sem vítima;122;BR-040/RJ;Sul;Colisão Lateral;1;2;;;;;1
02/04/2012;19:54:00;327;sem vítima;125;BR-040/RJ;Sul;Colisão Traseira;1;2;;;;;1
03/04/2012;08:25:00;398;sem vítima;123;BR-040/RJ;Sul;Colisão Lateral;1;2;;;;;1
03/04/2012;17:51:00;497;sem vítima;123;BR-040/RJ;Sul;Colisão Lateral;1;2;;;;;1
03/04/2012;08:48:00;404;sem vítima;124;BR-040/RJ;Sul;Colisão Lateral;1;2;;;;;1
04/04/2012;12:28:00;637;com vítima;21;BR-040/RJ;Norte;Tombamento;1;0;1;;;;1
04/04/2012;22:28:00;732;sem vítima;82;BR-040/RJ;Norte;Colisão Traseira;1;2;;;;;1
04/04/2012;06:57:00;575;sem vítima;93;BR-040/RJ;Sul;Choque - Objeto Fixo;1;1;;;;;1
04/04/2012;10:17:00;612;sem vítima;97;BR-040/RJ;Norte;Colisão Lateral;1;2;;;;;1
04/04/2012;13:41:00;648;sem vítima;109;BR-040/RJ;Norte;Colisão Lateral;1;2;;;;;1
04/04/2012;16:01:00;669;sem vítima;110;BR-040/RJ;Sul;Choque - Objeto Fixo;1;1;;;;;1
04/04/2012;07:56:00;584;sem vítima;113;BR-040/RJ;Sul;Colisão Lateral;1;2;;;;;1
04/04/2012;06:15:00;569;sem vítima;121;BR-040/RJ;Sul;Colisão Lateral;1;2;;;;;1
05/04/2012;09:06:00;802;sem vítima;34;BR-040/RJ;Sul;Colisão Lateral;1;2;;;;;1
05/04/2012;14:35:00;870;com vítima;105;BR-040/RJ;Norte;Colisão Lateral;1;0;1;1;;;2
05/04/2012;17:35:00;910;com vítima;112;BR-040/RJ;Norte;Colisão Lateral;1;1;1;;;;1
05/04/2012;11:52:00;840;com vítima;787;BR-040/MG;Norte;Capotamento;1;0;1;;;;1
05/04/2012;11:29:00;835;com vítima;122;BR-040/RJ;Sul;Colisão Traseira;1;2;1;;;;1
05/04/2012;07:37:00;779;sem vítima;123;BR-040/RJ;Sul;Colisão Lateral;1;2;;;;;1
05/04/2012;09:56:00;819;sem vítima;123;BR-040/RJ;Sul;Colisão Lateral;1;2;;;;;1
07/04/2012;11:10:00;1237;sem vítima;109;BR-040/RJ;Norte;Colisão Lateral;1;2;;;;;1
08/04/2012;19:35:00;1489;com vítima;88;BR-040/RJ;Sul;Tombamento;1;0;2;2;;;2
08/04/2012;15:29:00;1419;sem vítima;90;BR-040/RJ;Norte;Choque - Objeto Fixo;1;1;;;;;1
09/04/2012;21:06:00;1693;sem vítima;780;BR-040/MG;Sul;Choque - Objeto Fixo;1;1;;;;;1
09/04/2012;17:00:00;1649;sem vítima;120;BR-040/RJ;Norte;Colisão Lateral;2;2;;;;;1
09/04/2012;21:23:00;1697;sem vítima;120;BR-040/RJ;Sul;Choque - Objeto Fixo;1;1;;;;;1
09/04/2012;16:39:00;1642;sem vítima;121;BR-040/RJ;Norte;Colisão Traseira;1;2;;;;;1
09/04/2012;16:39:00;1641;sem vítima;124;BR-040/RJ;Norte;Colisão Lateral;1;2;;;;;1
09/04/2012;17:58:00;1669;com vítima;124;BR-040/RJ;Sul;Engavetamento;2;3;1;;;;1
10/04/2012;06:42:00;1736;sem vítima;123;BR-040/RJ;Sul;Colisão Lateral;1;2;;;;;1
11/04/2012;05:05:00;1898;sem vítima;109;BR-040/RJ;Sul;Colisão Traseira;1;2;;;;;1
12/04/2012;15:15:00;2177;sem vítima;123;BR-040/RJ;Norte;Colisão Lateral;1;2;;;;;1
13/04/2012;16:08:00;2382;sem vítima;96;BR-040/RJ;Norte;Tombamento;1;1;;;;;1
13/04/2012;15:55:00;2377;sem vítima;120;BR-040/RJ;Sul;Colisão Lateral;1;2;;;;;1
13/04/2012;08:08:00;2295;sem vítima;121;BR-040/RJ;Sul;Colisão Lateral;1;2;;;;;1
13/04/2012;11:52:00;2340;sem vítima;123;BR-040/RJ;Sul;Colisão Traseira;1;2;;;;;1
14/04/2012;06:10:00;2493;sem vítima;88;BR-040/RJ;Norte;Colisão Traseira;2;2;;;;;1
14/04/2012;10:17:00;2527;sem vítima;118;BR-040/RJ;Sul;Colisão Lateral;1;2;;;;;1
14/04/2012;10:21:00;2532;sem vítima;118;BR-040/RJ;Sul;Colisão Lateral;1;2;;;;;1
15/04/2012;22:10:00;2830;com vítima;123;BR-040/RJ;Sul;Colisão Traseira;1;1;1;;;;1
16/04/2012;08:59:00;2886;sem vítima;116;BR-040/RJ;Sul;Colisão Traseira;1;2;;;;;1
16/04/2012;01:32:00;2847;sem vítima;796;BR-040/MG;Norte;Choque - Objeto Fixo;1;1;;;;;1
16/04/2012;06:59:00;2870;sem vítima;122;BR-040/RJ;Sul;Colisão Lateral;1;2;;;;;1
16/04/2012;04:15:00;2861;com vítima;124;BR-040/RJ;Sul;Colisão Traseira;2;3;1;;;;1
17/04/2012;15:38:00;3142;sem vítima;112;BR-040/RJ;Sul;Colisão Traseira;1;2;;;;;1
17/04/2012;18:01:00;3166;sem vítima;784;BR-040/MG;Norte;Choque - Objeto Fixo;1;1;;;;;1
18/04/2012;18:04:00;3351;sem vítima;105;BR-040/RJ;Norte;Colisão Lateral;1;2;;;;;1
19/04/2012;05:35:00;3422;sem vítima;89;BR-040/RJ;Sul;Colisão Lateral;2;2;;;;;1
19/04/2012;16:23:00;3522;sem vítima;114;BR-040/RJ;Sul;Colisão Lateral;1;2;;;;;1
20/04/2012;09:24:00;3658;sem vítima;84;BR-040/RJ;Norte;Colisão Lateral;1;2;;;;;1
21/04/2012;20:18:00;3988;sem vítima;124;BR-040/RJ;Norte;Colisão Lateral;1;3;;;;;1
22/04/2012;15:54:00;4111;sem vítima;119;BR-040/RJ;Norte;Colisão Lateral;1;2;;;;;1
24/04/2012;00:31:00;4334;com vítima;3;BR-040/RJ;Sul;Engavetamento;2;2;1;1;;;2
24/04/2012;04:54:00;4344;sem vítima;40;BR-040/RJ;Sul;Colisão Traseira;2;3;;;;;1
24/04/2012;18:25:00;4476;com vítima;114;BR-040/RJ;Norte;Engavetamento;1;4;1;1;;;2
24/04/2012;10:22:00;4386;sem vítima;123;BR-040/RJ;Sul;Colisão Traseira;2;2;;;;;1
25/04/2012;13:39:00;4615;sem vítima;109;BR-040/RJ;Norte;Colisão Traseira;1;2;;;;;1
25/04/2012;19:39:00;4672;sem vítima;804;BR-040/MG;Norte;Colisão Traseira;1;2;;;;;1
25/04/2012;15:00:00;4627;sem vítima;124;BR-040/RJ;Sul;Colisão Lateral;1;2;;;;;1
25/04/2012;16:06:00;4639;sem vítima;124;BR-040/RJ;Sul;Colisão Lateral;1;2;;;;;1
27/04/2012;06:12:00;4933;sem vítima;123;BR-040/RJ;Sul;Colisão Lateral;1;2;;;;;1
27/04/2012;06:54:00;4938;sem vítima;123;BR-040/RJ;Sul;Colisão Lateral;1;2;;;;;1
27/04/2012;15:15:00;5022;sem vítima;123;BR-040/RJ;Sul;Colisão Lateral;2;2;;;;;1
30/04/2012;19:45:00;5591;sem vítima;91;BR-040/RJ;Norte;Colisão Lateral;1;2;;;;;1
30/04/2012;04:14:00;5473;sem vítima;93;BR-040/RJ;Sul;Colisão Traseira;2;2;;;;;1
30/04/2012;17:05:00;5562;sem vítima;121;BR-040/RJ;Norte;Colisão Traseira;1;2;;;;;1
01/05/2012;18:41:00;123;com vítima;87;BR-040/RJ;Sul;Colisão Traseira;1;1;1;;;;1
02/05/2012;23:38:00;330;sem vítima;109;BR-040/RJ;Norte;Tombamento;1;1;;;;;1
03/05/2012;03:33:00;338;sem vítima;76;BR-040/RJ;Sul;Colisão Traseira;2;2;;;;;1
03/05/2012;08:50:00;370;com vítima;96;BR-040/RJ;Norte;Tombamento;1;0;1;;;;1
03/05/2012;16:17:00;424;sem vítima;109;BR-040/RJ;Norte;Colisão Lateral;1;2;;;;;1
03/05/2012;22:00:00;478;com vítima;806;BR-040/MG;Sul;Choque - Objeto Fixo;1;0;1;;;;1
03/05/2012;11:48:00;394;sem vítima;124;BR-040/RJ;Sul;Colisão Lateral;1;2;;;;;1
04/05/2012;11:52:00;565;com vítima;78;BR-040/RJ;Sul;Tombamento;1;0;;1;;;2
04/05/2012;08:26:00;530;sem vítima;123;BR-040/RJ;Sul;Colisão Lateral;1;2;;;;;1
04/05/2012;06:08:00;515;sem vítima;124;BR-040/RJ;Sul;Colisão Traseira;1;2;;;;;1
05/05/2012;14:06:00;763;sem vítima;64;BR-040/RJ;Sul;Choque - Objeto Fixo;1;1;;;;;1
07/05/2012;14:11:00;1105;sem vítima;123;BR-040/RJ;Norte;Engavetamento;2;3;;;;;1
07/05/2012;17:52:00;1135;sem vítima;123;BR-040/RJ;Norte;Colisão Lateral;1;2;;;;;1
07/05/2012;16:12:00;1125;sem vítima;124;BR-040/RJ;Norte;Colisão Lateral;1;2;;;;;1
07/05/2012;19:02:00;1148;sem vítima;124;BR-040/RJ;Norte;Colisão Lateral;1;2;;;;;1
08/05/2012;10:18:00;1249;sem vítima;92;BR-040/RJ;Norte;Colisão Traseira;1;2;;;;;1
08/05/2012;04:40:00;1199;com vítima;123;BR-040/RJ;Sul;Colisão Traseira;1;1;1;;;;1
08/05/2012;13:03:00;1283;com vítima;124;BR-040/RJ;Norte;Colisão Lateral;1;1;1;;;;1
09/05/2012;15:31:00;1449;sem vítima;45;BR-040/RJ;Norte;Colisão Lateral;2;2;;;;;1
09/05/2012;18:51:00;1476;sem vítima;82;BR-040/RJ;Norte;Colisão Traseira;2;2;;;;;1
09/05/2012;17:54:00;1465;sem vítima;90;BR-040/RJ;Norte;Colisão Traseira;2;2;;;;;1
10/05/2012;16:26:00;1635;com vítima;809;BR-040/MG;Norte;Colisão Transversal;1;1;1;;;;1
10/05/2012;17:09:00;1644;sem vítima;123;BR-040/RJ;Sul;Colisão Traseira;1;2;;;;;1
11/05/2012;09:44:00;1746;com vítima;791;BR-040/MG;Norte;Colisão Lateral;1;1;1;;;;1
12/05/2012;07:17:00;1937;com vítima;91;BR-040/RJ;Sul;Tombamento;1;0;1;;;;1
12/05/2012;04:41:00;1922;sem vítima;93;BR-040/RJ;Sul;Choque - Objeto Fixo;1;1;;;;;1
12/05/2012;19:40:00;2038;com vítima;112;BR-040/RJ;Norte;Colisão Lateral;1;1;1;;;;1
12/05/2012;14:46:00;1995;com vítima;785;BR-040/MG;Sul;Choque - Objeto Fixo;1;0;;1;;;2
12/05/2012;11:27:00;1977;sem vítima;120;BR-040/RJ;Norte;Engavetamento;2;3;;;;;1
12/05/2012;14:41:00;1994;sem vítima;123;BR-040/RJ;Norte;Colisão Lateral;1;2;;;;;1
13/05/2012;17:33:00;2168;com vítima;84;BR-040/RJ;Sul;Engavetamento;1;1;6;;;;1
14/05/2012;13:32:00;2324;sem vítima;72;BR-040/RJ;Sul;Colisão Traseira;1;2;;;;;1
14/05/2012;11:19:00;2298;sem vítima;84;BR-040/RJ;Norte;Colisão Lateral;1;2;;;;;1
14/05/2012;14:16:00;2334;sem vítima;109;BR-040/RJ;Sul;Colisão Traseira;2;2;;;;;1
14/05/2012;09:48:00;2277;sem vítima;116;BR-040/RJ;Sul;Colisão Traseira;1;2;;;;;1
14/05/2012;22:06:00;2386;com vítima;803;BR-040/MG;Sul;Colisão Traseira;2;1;;;2;;2
14/05/2012;10:41:00;2288;sem vítima;813;BR-040/MG;Sul;Tombamento;1;1;;;;;1
14/05/2012;06:11:00;2239;sem vítima;122;BR-040/RJ;Sul;Colisão Lateral;1;2;;;;;1
14/05/2012;08:05:00;2259;sem vítima;123;BR-040/RJ;Sul;Engavetamento;1;3;;;;;1
14/05/2012;18:55:00;2365;sem vítima;124;BR-040/RJ;Sul;Colisão Lateral;1;2;;;;;1
14/05/2012;19:23:00;2367;sem vítima;124;BR-040/RJ;Sul;Colisão Lateral;1;2;;;;;1
15/05/2012;17:20:00;2503;sem vítima;119;BR-040/RJ;Norte;Colisão Lateral;1;2;;;;;1
15/05/2012;10:17:00;2450;sem vítima;123;BR-040/RJ;Sul;Colisão Lateral;1;2;;;;;1
16/05/2012;00:56:00;2557;sem vítima;56;BR-040/RJ;Norte;Colisão Lateral;1;2;;;;;1
16/05/2012;09:56:00;2614;sem vítima;108;BR-040/RJ;Norte;Colisão Traseira;1;2;;;;;1
16/05/2012;05:47:00;2575;com vítima;117;BR-040/RJ;Sul;Engavetamento;2;2;3;;;;1
16/05/2012;13:57:00;2666;com vítima;124;BR-040/RJ;Sul;Tombamento;1;0;1;;;;1
16/05/2012;15:19:00;2674;com vítima;124;BR-040/RJ;Norte;Colisão Traseira;1;1;2;;;;1
17/05/2012;08:24:00;2755;sem vítima;93;BR-040/RJ;Norte;Colisão Lateral;2;2;;;;;1
18/05/2012;10:15:00;2936;sem vítima;111;BR-040/RJ;Sul;Colisão Lateral;1;2;;;;;1
18/05/2012;09:29:00;2929;sem vítima;774;BR-040/MG;Sul;Colisão Traseira;1;2;;;;;1
18/05/2012;20:05:00;3040;sem vítima;122;BR-040/RJ;Norte;Colisão Lateral;1;2;;;;;1
19/05/2012;21:28:00;3208;sem vítima;12;BR-040/RJ;Sul;Choque - Objeto Fixo;1;1;;;;;1
19/05/2012;19:11:00;3193;sem vítima;105;BR-040/RJ;Norte;Colisão Lateral;1;2;;;;;1
19/05/2012;10:52:00;3122;sem vítima;124;BR-040/RJ;Norte;Colisão Lateral;1;2;;;;;1
21/05/2012;18:54:00;3502;com vítima;803;BR-040/MG;Sul;Choque - Objeto Fixo;1;1;1;;;;1
21/05/2012;07:14:00;3390;sem vítima;123;BR-040/RJ;Sul;Colisão Lateral;1;2;;;;;1
21/05/2012;18:14:00;3497;sem vítima;125;BR-040/RJ;Norte;Colisão Traseira;1;2;;;;;1
22/05/2012;09:36:00;3576;com vítima;108;BR-040/RJ;Norte;Colisão Lateral;1;1;1;;;;1
22/05/2012;13:35:00;3610;com vítima;109;BR-040/RJ;Norte;Colisão Lateral;1;1;1;;;;1
22/05/2012;18:04:00;3653;sem vítima;124;BR-040/RJ;Sul;Colisão Lateral;1;2;;;;;1
23/05/2012;18:23:00;3842;com vítima;780;BR-040/MG;Sul;Choque - Objeto Fixo;1;0;;;1;;2
23/05/2012;08:06:00;3739;com vítima;787;BR-040/MG;Norte;Choque - Objeto Fixo;1;0;1;;;;1
24/05/2012;22:37:00;4068;sem vítima;108;BR-040/RJ;Sul;Colisão Transversal;1;2;;;;;1
25/05/2012;05:23:00;4085;sem vítima;109;BR-040/RJ;Sul;Colisão Lateral;2;2;;;;;1
25/05/2012;10:36:00;4127;sem vítima;123;BR-040/RJ;Sul;Colisão Lateral;1;2;;;;;1
25/05/2012;15:47:00;4181;sem vítima;124;BR-040/RJ;Sul;Engavetamento;1;3;;;;;1
26/05/2012;09:07:00;4311;sem vítima;104;BR-040/RJ;Norte;Colisão Lateral;1;2;;;;;1
27/05/2012;23:07:00;4590;com vítima;21;BR-040/RJ;Norte;Tombamento;1;0;1;;;;1
28/05/2012;12:05:00;4671;sem vítima;118;BR-040/RJ;Norte;Tombamento;1;1;;;;;1
28/05/2012;14:25:00;4697;sem vítima;119;BR-040/RJ;Norte;Colisão Lateral;1;2;;;;;1
28/05/2012;07:29:00;4626;sem vítima;122;BR-040/RJ;Sul;Colisão Traseira;1;2;;;;;1
28/05/2012;08:35:00;4641;sem vítima;124;BR-040/RJ;Sul;Colisão Lateral;1;2;;;;;1
29/05/2012;09:25:00;4825;com vítima;112;BR-040/RJ;Sul;Colisão Traseira;1;1;1;;;;1
29/05/2012;16:15:00;4884;com vítima;114;BR-040/RJ;Sul;Colisão Lateral;1;1;1;;;;1
29/05/2012;09:55:00;4832;sem vítima;123;BR-040/RJ;Sul;Colisão Traseira;1;2;;;;;1
30/05/2012;15:00:00;5058;sem vítima;122;BR-040/RJ;Sul;Colisão Lateral;2;2;;;;;1
30/05/2012;16:59:00;5086;sem vítima;124;BR-040/RJ;Sul;Colisão Transversal;2;2;;;;;1
31/05/2012;19:29:00;5288;com vítima;79;BR-040/RJ;Sul;Colisão Traseira;2;2;2;;;;1
01/06/2012;20:05:00;157;com vítima;96;BR-040/RJ;Norte;Tombamento;1;0;1;;;;1
03/06/2012;18:18:00;484;sem vítima;11;BR-040/RJ;Sul;Colisão Lateral;1;2;;;;;1
04/06/2012;16:58:00;671;com vítima;34;BR-040/RJ;Norte;Tombamento;1;1;;;;1;3
04/06/2012;00:25:00;536;sem vítima;76;BR-040/RJ;Sul;Choque - Objeto Fixo;1;1;;;;;1