data;horario;n_da_ocorrencia;tipo_de_ocorrencia;km;trecho;sentido;tipo_de_acidente;caminhao;ilesos;levemente_feridos;moderadamente_feridos;gravemente_feridos;mortos;3
04/06/2012;15:29:00;656;com vítima;92;BR-040/RJ;Sul;Tombamento;1;0;2;;;;1
04/06/2012;12:01:00;627;sem vítima;121;BR-040/RJ;Sul;Colisão Traseira;1;2;;;;;1
04/06/2012;09:09:00;589;sem vítima;123;BR-040/RJ;Sul;Colisão Lateral;1;2;;;;;1
04/06/2012;08:01:00;579;sem vítima;124;BR-040/RJ;Sul;Colisão Lateral;1;2;;;;;1
04/06/2012;20:59:00;696;sem vítima;124;BR-040/RJ;Sul;Colisão Lateral;1;2;;;;;1
05/06/2012;23:32:00;905;sem vítima;104;BR-040/RJ;Norte;Colisão Traseira;1;2;;;;;1
05/06/2012;08:38:00;759;sem vítima;124;BR-040/RJ;Sul;Engavetamento;1;3;;;;;1
06/06/2012;19:12:00;1062;sem vítima;112;BR-040/RJ;Norte;Colisão Lateral;1;2;;;;;1
06/06/2012;10:47:00;975;sem vítima;121;BR-040/RJ;Sul;Colisão Traseira;1;3;;;;;1
06/06/2012;14:36:00;1019;sem vítima;123;BR-040/RJ;Sul;Colisão Lateral;1;2;;;;;1
06/06/2012;15:23:00;1026;sem vítima;124;BR-040/RJ;Sul;Colisão Lateral;1;2;;;;;1
07/06/2012;04:15:00;1114;com vítima;34;BR-040/RJ;Sul;Colisão Frontal;1;1;1;;1;;2
07/06/2012;12:46:00;1183;sem vítima;118;BR-040/RJ;Norte;Colisão Traseira;1;2;;;;;1
08/06/2012;15:27:00;1363;sem vítima;109;BR-040/RJ;Norte;Colisão Traseira;1;2;;;;;1
08/06/2012;18:23:00;1398;sem vítima;114;BR-040/RJ;Norte;Choque - Objeto Fixo;1;1;;;;;1
08/06/2012;13:51:00;1348;com vítima;117;BR-040/RJ;Sul;Colisão Lateral;1;1;1;;;;1
08/06/2012;17:59:00;1396;sem vítima;119;BR-040/RJ;Norte;Colisão Lateral;1;2;;;;;1
08/06/2012;08:42:00;1293;sem vítima;124;BR-040/RJ;Sul;Engavetamento;1;3;;;;;1
09/06/2012;01:37:00;1447;sem vítima;95;BR-040/RJ;Sul;Colisão Traseira;1;2;;;;;1
09/06/2012;02:26:00;1449;com vítima;113;BR-040/RJ;Sul;Engavetamento;2;2;1;1;;;2
09/06/2012;00:45:00;1444;com vítima;781;BR-040/MG;Norte;Tombamento;1;0;1;;;;1
11/06/2012;01:32:00;1797;sem vítima;14;BR-040/RJ;Sul;Atropelamento - Animal;1;1;;;;;1
11/06/2012;23:42:00;1977;com vítima;96;BR-040/RJ;Norte;Tombamento;1;0;1;;;;1
11/06/2012;07:17:00;1840;sem vítima;123;BR-040/RJ;Sul;Colisão Lateral;1;2;;;;;1
12/06/2012;18:20:00;2114;com vítima;70;BR-040/RJ;Sul;Colisão Transversal;1;0;3;1;;;2
12/06/2012;15:52:00;2097;com vítima;89;BR-040/RJ;Sul;Choque - Objeto Fixo;1;0;1;;;;1
12/06/2012;13:50:00;2077;sem vítima;122;BR-040/RJ;Norte;Colisão Traseira;1;2;;;;;1
12/06/2012;06:57:00;2018;sem vítima;123;BR-040/RJ;Sul;Colisão Lateral;1;2;;;;;1
12/06/2012;11:09:00;2057;sem vítima;124;BR-040/RJ;Sul;Colisão Lateral;1;2;;;;;1
13/06/2012;06:47:00;2181;sem vítima;123;BR-040/RJ;Sul;Colisão Lateral;1;2;;;;;1
14/06/2012;04:25:00;2328;com vítima;1;BR-040/RJ;Sul;Tombamento;1;0;1;;;;1
14/06/2012;14:37:00;2423;sem vítima;85;BR-040/RJ;Norte;Choque - Objeto Fixo;1;1;;;;;1
14/06/2012;15:19:00;2429;sem vítima;104;BR-040/RJ;Norte;Colisão Lateral;1;2;;;;;1
14/06/2012;18:02:00;2449;sem vítima;110;BR-040/RJ;Norte;Colisão Lateral;1;2;;;;;1
14/06/2012;19:36:00;2461;com vítima;114;BR-040/RJ;Norte;Colisão Lateral;1;1;;;1;1;3
14/06/2012;05:53:00;2341;com vítima;117;BR-040/RJ;Norte;Colisão Lateral;2;2;;1;;;2
14/06/2012;15:38:00;2432;sem vítima;119;BR-040/RJ;Norte;Engavetamento;2;3;;;;;1
14/06/2012;05:17:00;2335;com vítima;825;BR-040/MG;Sul;Tombamento;1;0;1;;;;1
15/06/2012;16:55:00;2613;sem vítima;70;BR-040/RJ;Sul;Colisão Traseira;2;2;;;;;1
15/06/2012;11:38:00;2558;com vítima;78;BR-040/RJ;Norte;Colisão Traseira;1;0;4;;;;1
15/06/2012;19:07:00;2628;com vítima;80;BR-040/RJ;Norte;Colisão Lateral;1;1;2;;;;1
15/06/2012;23:19:00;2659;sem vítima;90;BR-040/RJ;Sul;Colisão Traseira;2;2;;;;;1
15/06/2012;15:39:00;2588;sem vítima;110;BR-040/RJ;Norte;Colisão Lateral;1;2;;;;;1
15/06/2012;09:57:00;2535;sem vítima;124;BR-040/RJ;Sul;Colisão Lateral;1;2;;;;;1
16/06/2012;20:08:00;2816;sem vítima;779;BR-040/MG;Norte;Atropelamento - Animal;1;1;;;;;1
16/06/2012;15:09:00;2764;sem vítima;119;BR-040/RJ;Norte;Engavetamento;1;3;;;;;1
18/06/2012;18:19:00;3148;sem vítima;107;BR-040/RJ;Norte;Colisão Traseira;1;2;;;;;1
18/06/2012;10:36:00;3075;sem vítima;110;BR-040/RJ;Sul;Colisão Traseira;1;2;;;;;1
18/06/2012;10:07:00;3069;sem vítima;116;BR-040/RJ;Sul;Colisão Traseira;1;2;;;;;1
18/06/2012;10:11:00;3070;sem vítima;121;BR-040/RJ;Sul;Colisão Traseira;1;2;;;;;1
19/06/2012;09:09:00;3238;com vítima;74;BR-040/RJ;Sul;Colisão Traseira;1;1;2;;;;1
19/06/2012;15:42:00;3294;sem vítima;84;BR-040/RJ;Norte;Colisão Lateral;2;2;;;;;1
19/06/2012;10:22:00;3251;sem vítima;118;BR-040/RJ;Sul;Colisão Traseira;2;2;;;;;1
19/06/2012;13:45:00;3279;com vítima;805;BR-040/MG;Sul;Colisão Lateral;1;1;2;;;;1
20/06/2012;18:50:00;3478;sem vítima;52;BR-040/RJ;Sul;Colisão Traseira;1;2;;;;;1
21/06/2012;23:16:00;3674;sem vítima;22;BR-040/RJ;Sul;Colisão Lateral;1;2;;;;;1
21/06/2012;16:31:00;3620;com vítima;110;BR-040/RJ;Norte;Colisão Lateral;2;1;2;;;;1
21/06/2012;20:33:00;3653;com vítima;121;BR-040/RJ;Norte;Colisão Frontal;1;1;1;;;;1
22/06/2012;16:04:00;3781;com vítima;96;BR-040/RJ;Norte;Tombamento;1;0;;;;1;3
22/06/2012;05:50:00;3696;com vítima;122;BR-040/RJ;Sul;Colisão Traseira;1;1;1;;;;1
23/06/2012;00:27:00;3845;sem vítima;97;BR-040/RJ;Norte;Colisão Lateral;1;3;;;;;1
23/06/2012;12:55:00;3933;sem vítima;816;BR-040/MG;Sul;Colisão Traseira;1;2;;;;;1
24/06/2012;11:14:00;4085;sem vítima;122;BR-040/RJ;Sul;Colisão Traseira;1;2;;;;;1
26/06/2012;16:35:00;4495;sem vítima;98;BR-040/RJ;Norte;Colisão Lateral;1;2;;;;;1
26/06/2012;06:30:00;4383;sem vítima;122;BR-040/RJ;Sul;Colisão Lateral;1;2;;;;;1
26/06/2012;07:47:00;4395;sem vítima;124;BR-040/RJ;Sul;Colisão Lateral;1;2;;;;;1
27/06/2012;02:30:00;4559;sem vítima;43;BR-040/RJ;Sul;Choque - Objeto Fixo;1;1;;;;;1
27/06/2012;12:28:00;4631;sem vítima;109;BR-040/RJ;Norte;Engavetamento;1;3;;;;;1
27/06/2012;17:47:00;4687;sem vítima;109;BR-040/RJ;Norte;Colisão Traseira;1;2;;;;;1
27/06/2012;05:43:00;4569;com vítima;112;BR-040/RJ;Norte;Choque - Objeto Fixo;1;1;1;1;;;2
28/06/2012;02:09:00;4737;com vítima;80;BR-040/RJ;Sul;Choque - Objeto Fixo;1;0;1;;;;1
28/06/2012;05:58:00;4751;sem vítima;124;BR-040/RJ;Sul;Colisão Lateral;2;2;;;;;1
28/06/2012;06:40:00;4755;sem vítima;124;BR-040/RJ;Sul;Colisão Lateral;1;2;;;;;1
28/06/2012;19:43:00;4880;com vítima;124;BR-040/RJ;Sul;Choque - Objeto Fixo;1;1;;1;;1;3
29/06/2012;19:45:00;5063;com vítima;96;BR-040/RJ;Norte;Tombamento;1;0;;1;;;2
29/06/2012;13:04:00;4987;sem vítima;113;BR-040/RJ;Sul;Engavetamento;1;3;;;;;1
29/06/2012;07:25:00;4938;sem vítima;123;BR-040/RJ;Sul;Colisão Lateral;1;2;;;;;1
29/06/2012;07:25:00;4939;sem vítima;123;BR-040/RJ;Sul;Colisão Lateral;1;2;;;;;1
29/06/2012;20:40:00;5071;sem vítima;124;BR-040/RJ;Norte;Colisão Traseira;1;2;;;;;1
30/06/2012;19:34:00;5233;sem vítima;106;BR-040/RJ;Norte;Colisão Lateral;1;2;;;;;1
30/06/2012;07:08:00;5132;sem vítima;122;BR-040/RJ;Sul;Colisão Lateral;1;2;;;;;1
02/07/2012;14:40:00;236;sem vítima;6;BR-040/RJ;Norte;Colisão Traseira;1;2;;;;;1
02/07/2012;19:35:00;283;com vítima;118;BR-040/RJ;Norte;Colisão Transversal;1;1;;;;1;3
02/07/2012;09:51:00;189;sem vítima;122;BR-040/RJ;Sul;Engavetamento;2;4;;;;;1
03/07/2012;13:58:00;407;sem vítima;65;BR-040/RJ;Sul;Colisão Traseira;1;2;;;;;1
03/07/2012;16:01:00;429;com vítima;117;BR-040/RJ;Norte;Colisão Lateral;1;1;1;;;;1
03/07/2012;10:48:00;366;sem vítima;122;BR-040/RJ;Sul;Colisão Lateral;1;2;;;;;1
04/07/2012;08:11:00;526;sem vítima;81;BR-040/RJ;Norte;Colisão Lateral;1;2;;;;;1
04/07/2012;18:16:00;646;com vítima;122;BR-040/RJ;Norte;Colisão Traseira;1;1;1;;;;1
04/07/2012;05:50:00;507;sem vítima;123;BR-040/RJ;Sul;Colisão Lateral;1;2;;;;;1
04/07/2012;07:11:00;514;sem vítima;123;BR-040/RJ;Sul;Colisão Lateral;1;2;;;;;1
04/07/2012;11:57:00;578;com vítima;123;BR-040/RJ;Norte;Colisão Traseira;2;1;1;1;;;2
05/07/2012;04:26:00;699;com vítima;822;BR-040/MG;Sul;Tombamento;1;0;1;;;;1
06/07/2012;18:46:00;1041;sem vítima;109;BR-040/RJ;Sul;Colisão Lateral;1;2;;;;;1
06/07/2012;11:34:00;962;com vítima;113;BR-040/RJ;Norte;Colisão Traseira;1;1;1;;;;1
06/07/2012;13:06:00;984;sem vítima;123;BR-040/RJ;Norte;Engavetamento;1;4;;;;;1
06/07/2012;16:57:00;1018;sem vítima;124;BR-040/RJ;Sul;Colisão Lateral;1;2;;;;;1
07/07/2012;09:22:00;1145;com vítima;111;BR-040/RJ;Sul;Colisão Traseira;1;1;1;;;;1
07/07/2012;11:53:00;1172;sem vítima;781;BR-040/MG;Norte;Colisão Lateral;1;2;;;;;1
07/07/2012;11:29:00;1168;sem vítima;120;BR-040/RJ;Sul;Colisão Lateral;1;2;;;;;1
08/07/2012;20:10:00;1418;com vítima;91;BR-040/RJ;Sul;Colisão Traseira;1;1;1;;;;1
08/07/2012;21:57:00;1428;com vítima;92;BR-040/RJ;Sul;Colisão Traseira;1;0;2;;;;1
08/07/2012;07:23:00;1314;com vítima;816;BR-040/MG;Norte;Tombamento;1;0;1;;;;1
08/07/2012;15:59:00;1385;sem vítima;119;BR-040/RJ;Norte;Colisão Traseira;1;2;;;;;1
08/07/2012;12:24:00;1354;sem vítima;121;BR-040/RJ;Norte;Colisão Traseira;1;2;;;;;1
09/07/2012;18:15:00;1571;sem vítima;22;BR-040/RJ;Sul;Colisão Traseira;1;2;;;;;1
09/07/2012;12:09:00;1518;com vítima;55;BR-040/RJ;Sul;Colisão Traseira;1;3;2;;;;1
09/07/2012;07:49:00;1472;com vítima;111;BR-040/RJ;Norte;Colisão Traseira;1;1;1;;;;1
09/07/2012;15:10:00;1541;sem vítima;123;BR-040/RJ;Norte;Colisão Traseira;1;2;;;;;1
10/07/2012;17:04:00;1718;sem vítima;96;BR-040/RJ;Norte;Colisão Lateral;1;2;;;;;1
10/07/2012;15:47:00;1704;sem vítima;123;BR-040/RJ;Norte;Colisão Lateral;1;2;;;;;1
11/07/2012;11:42:00;1841;sem vítima;93;BR-040/RJ;Norte;Colisão Traseira;2;2;;;;;1
11/07/2012;18:39:00;1922;sem vítima;109;BR-040/RJ;Norte;Colisão Lateral;1;2;;;;;1
12/07/2012;19:16:00;2107;sem vítima;98;BR-040/RJ;Norte;Choque - Objeto Fixo;1;1;;;;;1
12/07/2012;21:10:00;2121;sem vítima;114;BR-040/RJ;Sul;Tombamento;1;1;;;;;1
13/07/2012;12:09:00;2212;sem vítima;82;BR-040/RJ;Sul;Colisão Traseira;1;2;;;;;1
13/07/2012;10:33:00;2205;sem vítima;96;BR-040/RJ;Norte;Choque - Objeto Fixo;1;1;;;;;1
14/07/2012;21:19:00;2472;sem vítima;93;BR-040/RJ;Norte;Colisão Traseira;1;2;;;;;1
15/07/2012;12:39:00;2557;com vítima;4;BR-040/RJ;Sul;Tombamento;1;0;;;;1;3
15/07/2012;02:36:00;2501;sem vítima;52;BR-040/RJ;Norte;Colisão Traseira;1;2;;;;;1
16/07/2012;08:31:00;2676;sem vítima;89;BR-040/RJ;Sul;Colisão Traseira;1;2;;;;;1
17/07/2012;01:54:00;2818;sem vítima;81;BR-040/RJ;Norte;Colisão Lateral;2;2;;;;;1
17/07/2012;18:39:00;2973;sem vítima;83;BR-040/RJ;Sul;Choque - Objeto Fixo;1;1;;;;;1
17/07/2012;13:27:00;2918;sem vítima;109;BR-040/RJ;Norte;Colisão Lateral;1;2;;;;;1
17/07/2012;15:10:00;2935;com vítima;110;BR-040/RJ;Sul;Colisão Traseira;1;1;1;;;;1
17/07/2012;14:58:00;2933;com vítima;119;BR-040/RJ;Norte;Choque - Objeto Fixo;1;0;1;;;;1
17/07/2012;13:02:00;2911;sem vítima;124;BR-040/RJ;Sul;Colisão Traseira;1;2;;;;;1
18/07/2012;03:49:00;3027;com vítima;30;BR-040/RJ;Norte;Tombamento;1;0;;1;;;2
18/07/2012;13:48:00;3099;sem vítima;110;BR-040/RJ;Norte;Colisão Traseira;1;2;;;;;1
18/07/2012;12:56:00;3091;sem vítima;784;BR-040/MG;Norte;Choque - Objeto Fixo;1;1;;;;;1
18/07/2012;16:24:00;3133;sem vítima;120;BR-040/RJ;Sul;Colisão Lateral;1;2;;;;;1
18/07/2012;07:13:00;3045;sem vítima;122;BR-040/RJ;Sul;Engavetamento;1;4;;;;;1
19/07/2012;12:15:00;3299;sem vítima;72;BR-040/RJ;Norte;Choque - Objeto Fixo;1;1;;;;;1
19/07/2012;15:40:00;3334;sem vítima;94;BR-040/RJ;Norte;Engavetamento;1;3;;;;;1
19/07/2012;14:51:00;3323;sem vítima;109;BR-040/RJ;Norte;Engavetamento;2;3;;;;;1
19/07/2012;09:56:00;3262;com vítima;110;BR-040/RJ;Norte;Colisão Traseira;1;0;2;;;;1
19/07/2012;11:26:00;3280;com vítima;800;BR-040/MG;Sul;Colisão Traseira;1;1;3;;;;1
19/07/2012;14:53:00;3324;sem vítima;124;BR-040/RJ;Norte;Colisão Lateral;1;2;;;;;1
20/07/2012;20:19:00;3578;sem vítima;95;BR-040/RJ;Norte;Colisão Lateral;2;2;;;;;1
20/07/2012;02:16:00;3416;sem vítima;811;BR-040/MG;Sul;Colisão Traseira;2;2;;;;;1
20/07/2012;17:16:00;3545;com vítima;119;BR-040/RJ;Sul;Colisão Traseira;2;1;2;1;;;2
20/07/2012;20:23:00;3580;sem vítima;123;BR-040/RJ;Norte;Colisão Lateral;1;2;;;;;1
21/07/2012;12:05:00;3722;com vítima;86;BR-040/RJ;Norte;Colisão Traseira;1;0;2;;;;1
21/07/2012;00:48:00;3612;sem vítima;124;BR-040/RJ;Sul;Colisão Lateral;1;4;;;;;1
21/07/2012;12:11:00;3725;sem vítima;124;BR-040/RJ;Norte;Engavetamento;1;4;;;;;1
23/07/2012;19:31:00;4200;com vítima;35;BR-040/RJ;Norte;Tombamento;1;0;;1;;;2
23/07/2012;16:28:00;4164;sem vítima;109;BR-040/RJ;Norte;Colisão Lateral;1;2;;;;;1
23/07/2012;16:19:00;4160;sem vítima;111;BR-040/RJ;Norte;Colisão Lateral;1;2;;;;;1
25/07/2012;10:51:00;4474;sem vítima;85;BR-040/RJ;Norte;Engavetamento;1;4;;;;;1
25/07/2012;09:18:00;4450;sem vítima;92;BR-040/RJ;Norte;Colisão Lateral;1;2;;;;;1
25/07/2012;15:03:00;4518;sem vítima;117;BR-040/RJ;Sul;Engavetamento;1;3;;;;;1
25/07/2012;16:00:00;4529;sem vítima;117;BR-040/RJ;Sul;Colisão Lateral;1;2;;;;;1
25/07/2012;09:59:00;4461;sem vítima;122;BR-040/RJ;Norte;Colisão Lateral;1;2;;;;;1
26/07/2012;15:57:00;4718;sem vítima;110;BR-040/RJ;Sul;Colisão Traseira;1;2;;;;;1
26/07/2012;12:28:00;4679;sem vítima;121;BR-040/RJ;Sul;Colisão Traseira;1;2;;;;;1
27/07/2012;05:11:00;4800;com vítima;62;BR-040/RJ;Sul;Capotamento;1;0;;;;1;3
27/07/2012;13:12:00;4890;com vítima;85;BR-040/RJ;Sul;Tombamento;1;0;1;;;;1
27/07/2012;09:51:00;4843;com vítima;102;BR-040/RJ;Sul;Colisão Traseira;1;1;2;;;;1
29/07/2012;10:16:00;5228;com vítima;121;BR-040/RJ;Norte;Colisão Traseira;1;4;2;;;;1
30/07/2012;15:29:00;5446;sem vítima;784;BR-040/MG;Norte;Colisão Lateral;1;2;;;;;1
31/07/2012;18:10:00;5623;com vítima;114;BR-040/RJ;Norte;Queda de Moto;1;1;;;;1;3
31/07/2012;18:39:00;5626;sem vítima;116;BR-040/RJ;Norte;Colisão Traseira;1;2;;;;;1
01/08/2012;15:38:00;110;com vítima;28;BR-040/RJ;Norte;Atropelamento - Pedestre;1;1;1;;;;1
01/08/2012;14:58:00;103;com vítima;114;BR-040/RJ;Sul;Colisão Traseira;1;0;4;;;;1
02/08/2012;10:48:00;243;sem vítima;55;BR-040/RJ;Sul;Engavetamento;2;11;;;;;1
02/08/2012;07:23:00;193;com vítima;79;BR-040/RJ;Sul;Tombamento;1;0;1;;;;1
02/08/2012;15:00:00;284;sem vítima;782;BR-040/MG;Sul;Colisão Lateral;1;2;;;;;1
03/08/2012;07:59:00;386;sem vítima;60;BR-040/RJ;Norte;Colisão Lateral;1;3;;;;;1
03/08/2012;15:46:00;479;com vítima;80;BR-040/RJ;Norte;Colisão Traseira;2;0;1;1;;;2
03/08/2012;17:10:00;496;sem vítima;823;BR-040/MG;Norte;Colisão Traseira;2;2;;;;;1
03/08/2012;05:43:00;370;sem vítima;123;BR-040/RJ;Sul;Colisão Lateral;1;2;;;;;1
03/08/2012;16:57:00;494;com vítima;124;BR-040/RJ;Norte;Colisão Traseira;1;0;2;;;;1
04/08/2012;17:33:00;718;sem vítima;121;BR-040/RJ;Norte;Engavetamento;1;4;;;;;1
05/08/2012;14:43:00;872;sem vítima;801;BR-040/MG;Norte;Colisão Traseira;1;2;;;;;1
06/08/2012;05:29:00;977;sem vítima;61;BR-040/RJ;Sul;Choque - Objeto Fixo;1;1;;;;;1
06/08/2012;13:10:00;1047;sem vítima;61;BR-040/RJ;Norte;Choque - Objeto Fixo;1;1;;;;;1
06/08/2012;18:57:00;1094;com vítima;73;BR-040/RJ;Norte;Tombamento;1;0;;1;;;2
06/08/2012;10:06:00;1014;sem vítima;96;BR-040/RJ;Norte;Choque - Objeto Fixo;1;1;;;;;1
06/08/2012;08:00:00;994;sem vítima;123;BR-040/RJ;Sul;Colisão Lateral;1;2;;;;;1
07/08/2012;01:16:00;1116;sem vítima;71;BR-040/RJ;Sul;Colisão Traseira;2;2;;;;;1
07/08/2012;18:05:00;1236;com vítima;73;BR-040/RJ;Norte;Choque - Objeto Fixo;1;0;;1;;;2
07/08/2012;18:18:00;1239;sem vítima;117;BR-040/RJ;Norte;Engavetamento;1;3;;;;;1
07/08/2012;08:07:00;1152;com vítima;121;BR-040/RJ;Sul;Colisão Traseira;1;1;1;;;;1
07/08/2012;07:43:00;1145;sem vítima;123;BR-040/RJ;Sul;Colisão Lateral;1;2;;;;;1
07/08/2012;16:53:00;1229;sem vítima;124;BR-040/RJ;Sul;Colisão Lateral;1;2;;;;;1
08/08/2012;19:08:00;1399;sem vítima;72;BR-040/RJ;Norte;Colisão Traseira;1;2;;;;;1
08/08/2012;23:02:00;1425;sem vítima;93;BR-040/RJ;Norte;Colisão Lateral;1;2;;;;;1
08/08/2012;13:52:00;1354;sem vítima;123;BR-040/RJ;Norte;Engavetamento;1;3;;;;;1
09/08/2012;14:46:00;1527;sem vítima;112;BR-040/RJ;Sul;Colisão Lateral;1;2;;;;;1
09/08/2012;08:58:00;1468;sem vítima;113;BR-040/RJ;Sul;Engavetamento;1;3;;;;;1
09/08/2012;15:40:00;1539;sem vítima;125;BR-040/RJ;Sul;Colisão Lateral;1;2;;;;;1
10/08/2012;09:06:00;1634;com vítima;92;BR-040/RJ;Sul;Choque - Objeto Fixo;1;0;1;;;;1
10/08/2012;09:15:00;1637;com vítima;803;BR-040/MG;Sul;Tombamento;1;0;1;;;;1
10/08/2012;15:01:00;1704;sem vítima;124;BR-040/RJ;Norte;Colisão Lateral;1;2;;;;;1
11/08/2012;17:53:00;1950;com vítima;828;BR-040/MG;Norte;Tombamento;1;0;1;;;;1
12/08/2012;06:18:00;2006;com vítima;112;BR-040/RJ;Sul;Capotamento;1;1;;;2;;2
13/08/2012;16:17:00;2278;sem vítima;80;BR-040/RJ;Norte;Colisão Lateral;1;2;;;;;1
13/08/2012;19:34:00;2313;sem vítima;84;BR-040/RJ;Norte;Colisão Lateral;2;2;;;;;1
13/08/2012;16:17:00;2279;sem vítima;100;BR-040/RJ;Norte;Colisão Lateral;1;2;;;;;1
13/08/2012;18:06:00;2297;sem vítima;111;BR-040/RJ;Norte;Colisão Traseira;1;2;;;;;1
13/08/2012;07:39:00;2171;com vítima;115;BR-040/RJ;Norte;Choque - Objeto Fixo;1;3;;;1;;2
15/08/2012;10:34:00;2593;sem vítima;110;BR-040/RJ;Norte;Colisão Lateral;1;2;;;;;1
15/08/2012;11:34:00;2601;sem vítima;810;BR-040/MG;Sul;Choque - Objeto Fixo;1;1;;;;;1
15/08/2012;05:09:00;2551;sem vítima;124;BR-040/RJ;Norte;Colisão Lateral;1;2;;;;;1
16/08/2012;17:55:00;2849;sem vítima;75;BR-040/RJ;Norte;Colisão Lateral;1;2;;;;;1
16/08/2012;21:03:00;2880;com vítima;114;BR-040/RJ;Sul;Engavetamento;1;2;4;2;;;2
16/08/2012;08:28:00;2743;sem vítima;123;BR-040/RJ;Sul;Colisão Lateral;1;2;;;;;1
16/08/2012;07:58:00;2737;sem vítima;124;BR-040/RJ;Sul;Colisão Lateral;1;2;;;;;1
17/08/2012;19:20:00;3072;sem vítima;90;BR-040/RJ;Norte;Colisão Lateral;2;2;;;;;1
17/08/2012;09:10:00;2959;sem vítima;108;BR-040/RJ;Norte;Colisão Traseira;1;2;;;;;1
17/08/2012;15:26:00;3031;sem vítima;109;BR-040/RJ;Norte;Colisão Lateral;1;2;;;;;1
17/08/2012;12:11:00;2993;sem vítima;110;BR-040/RJ;Sul;Colisão Lateral;1;2;;;;;1
17/08/2012;16:14:00;3047;com vítima;787;BR-040/MG;Norte;Tombamento;1;0;1;;;;1
18/08/2012;09:40:00;3160;sem vítima;110;BR-040/RJ;Sul;Colisão Lateral;1;2;;;;;1
18/08/2012;07:10:00;3134;sem vítima;780;BR-040/MG;Norte;Colisão Traseira;1;2;;;;;1
18/08/2012;08:34:00;3151;com vítima;804;BR-040/MG;Norte;Derrapagem;1;0;;;;1;3
20/08/2012;17:16:00;3572;com vítima;25;BR-040/RJ;Norte;Choque - Objeto Fixo;1;0;1;;;;1
20/08/2012;02:59:00;3454;com vítima;37;BR-040/RJ;Sul;Colisão Traseira;2;1;1;;;;1
20/08/2012;15:35:00;3550;com vítima;74;BR-040/RJ;Sul;Choque - Objeto Fixo;1;0;1;2;;;2
20/08/2012;08:22:00;3491;sem vítima;120;BR-040/RJ;Sul;Colisão Traseira;1;2;;;;;1
21/08/2012;13:50:00;3713;com vítima;30;BR-040/RJ;Norte;Tombamento;1;2;1;;;;1
21/08/2012;15:45:00;3729;sem vítima;109;BR-040/RJ;Norte;Colisão Lateral;1;2;;;;;1
23/08/2012;08:20:00;4039;sem vítima;108;BR-040/RJ;Norte;Colisão Lateral;1;2;;;;;1
23/08/2012;09:41:00;4060;sem vítima;109;BR-040/RJ;Norte;Colisão Lateral;2;2;;;;;1
23/08/2012;13:06:00;4089;sem vítima;123;BR-040/RJ;Norte;Colisão Lateral;1;2;;;;;1
23/08/2012;10:45:00;4070;sem vítima;124;BR-040/RJ;Sul;Colisão Lateral;1;2;;;;;1
24/08/2012;14:08:00;4284;sem vítima;124;BR-040/RJ;Sul;Queda de Moto;1;3;;;;;1
25/08/2012;07:55:00;4427;sem vítima;102;BR-040/RJ;Norte;Colisão Lateral;1;2;;;;;1
26/08/2012;11:53:00;4667;sem vítima;810;BR-040/MG;Sul;Choque - Objeto Fixo;1;1;;;;;1
27/08/2012;19:31:00;4923;com vítima;783;BR-040/MG;Norte;Tombamento;1;0;1;;;;1
27/08/2012;08:40:00;4819;sem vítima;124;BR-040/RJ;Sul;Colisão Lateral;1;2;;;;;1
28/08/2012;15:26:00;5044;sem vítima;79;BR-040/RJ;Norte;Colisão Traseira;2;2;;;;;1
28/08/2012;01:35:00;4953;com vítima;787;BR-040/MG;Norte;Tombamento;1;0;;;;1;3
30/08/2012;18:51:00;5434;sem vítima;88;BR-040/RJ;Norte;Colisão Lateral;2;2;;;;;1
31/08/2012;17:49:00;5581;sem vítima;113;BR-040/RJ;Norte;Colisão Traseira;1;2;;;;;1
31/08/2012;07:20:00;5496;sem vítima;816;BR-040/MG;Sul;Colisão Lateral;1;2;;;;;1
01/09/2012;08:02:00;44;sem vítima;124;BR-040/RJ;Sul;Engavetamento;2;4;;;;;1
03/09/2012;19:20:00;542;com vítima;96;BR-040/RJ;Sul;Tombamento;1;0;2;;;;1
03/09/2012;14:46:00;502;sem vítima;109;BR-040/RJ;Sul;Colisão Traseira;1;2;;;;;1
03/09/2012;20:30:00;549;sem vítima;111;BR-040/RJ;Norte;Colisão Lateral;1;2;;;;;1
03/09/2012;12:56:00;475;com vítima;778;BR-040/MG;Sul;Tombamento;1;0;1;;;;1
03/09/2012;11:00:00;452;sem vítima;124;BR-040/RJ;Sul;Colisão Lateral;1;2;;;;;1
04/09/2012;23:43:00;734;com vítima;92;BR-040/RJ;Sul;Colisão Traseira;2;1;;1;;;2
04/09/2012;09:43:00;623;sem vítima;99;BR-040/RJ;Norte;Colisão Frontal;1;3;;;;;1
04/09/2012;15:24:00;679;sem vítima;109;BR-040/RJ;Norte;Colisão Lateral;1;2;;;;;1
04/09/2012;11:32:00;644;com vítima;778;BR-040/MG;Sul;Capotamento;1;0;;;;1;3
05/09/2012;08:56:00;779;com vítima;112;BR-040/RJ;Sul;Colisão Lateral;1;1;2;;;;1