data;horario;n_da_ocorrencia;tipo_de_ocorrencia;km;trecho;sentido;tipo_de_acidente;caminhao;ilesos;levemente_feridos;moderadamente_feridos;gravemente_feridos;mortos;3
05/09/2012;05:41:00;755;com vítima;123;BR-040/RJ;Sul;Engavetamento;2;3;1;;;;1
05/09/2012;13:41:00;829;sem vítima;124;BR-040/RJ;Norte;Engavetamento;1;4;;;;;1
06/09/2012;19:07:00;1082;com vítima;60;BR-040/RJ;Norte;Colisão Traseira;1;1;;1;;;2
06/09/2012;09:28:00;973;sem vítima;74;BR-040/RJ;Sul;Colisão Lateral;1;2;;;;;1
06/09/2012;12:23:00;1007;sem vítima;816;BR-040/MG;Norte;Colisão Traseira;2;2;;;;;1
06/09/2012;22:40:00;1115;sem vítima;821;BR-040/MG;Norte;Colisão Traseira;2;2;;;;;1
07/09/2012;07:29:00;1162;com vítima;65;BR-040/RJ;Norte;Colisão Traseira;1;1;;;;1;3
07/09/2012;12:30:00;1210;sem vítima;104;BR-040/RJ;Sul;Colisão Lateral;2;2;;;;;1
07/09/2012;07:20:00;1159;com vítima;805;BR-040/MG;Norte;Colisão Traseira;1;3;2;;;;1
07/09/2012;06:34:00;1151;sem vítima;122;BR-040/RJ;Sul;Colisão Lateral;1;2;;;;;1
10/09/2012;20:05:00;1882;com vítima;58;BR-040/RJ;Norte;Choque - Objeto Fixo;1;1;1;;;;1
10/09/2012;11:29:00;1781;com vítima;104;BR-040/RJ;Sul;Colisão Lateral;1;1;1;;;;1
10/09/2012;16:52:00;1845;sem vítima;109;BR-040/RJ;Norte;Colisão Lateral;1;2;;;;;1
11/09/2012;15:39:00;2038;com vítima;96;BR-040/RJ;Norte;Tombamento;1;0;1;;;;1
12/09/2012;21:33:00;2245;com vítima;25;BR-040/RJ;Norte;Colisão Traseira;1;1;2;;;;1
12/09/2012;09:34:00;2136;sem vítima;109;BR-040/RJ;Norte;Colisão Lateral;1;2;;;;;1
12/09/2012;13:33:00;2169;sem vítima;115;BR-040/RJ;Sul;Colisão Traseira;1;2;;;;;1
13/09/2012;14:27:00;2340;com vítima;72;BR-040/RJ;Norte;Colisão Lateral;1;1;1;;;;1
13/09/2012;06:42:00;2283;sem vítima;115;BR-040/RJ;Sul;Colisão Lateral;1;2;;;;;1
14/09/2012;16:33:00;2533;sem vítima;117;BR-040/RJ;Sul;Colisão Traseira;1;2;;;;;1
15/09/2012;08:04:00;2630;sem vítima;119;BR-040/RJ;Norte;Colisão Lateral;1;2;;;;;1
16/09/2012;17:37:00;2867;com vítima;9;BR-040/RJ;Norte;Tombamento;1;0;1;;;;1
16/09/2012;16:49:00;2857;sem vítima;77;BR-040/RJ;Sul;Colisão Lateral;2;2;;;;;1
16/09/2012;16:48:00;2856;sem vítima;104;BR-040/RJ;Norte;Colisão Lateral;1;2;;;;;1
16/09/2012;21:41:00;2900;sem vítima;119;BR-040/RJ;Norte;Colisão Lateral;1;2;;;;;1
17/09/2012;13:10:00;2988;com vítima;62;BR-040/RJ;Sul;Colisão Traseira;1;1;1;;;;1
17/09/2012;09:09:00;2951;com vítima;80;BR-040/RJ;Sul;Tombamento;1;0;1;;;;1
17/09/2012;09:06:00;2949;sem vítima;124;BR-040/RJ;Sul;Colisão Lateral;1;2;;;;;1
18/09/2012;10:46:00;3155;com vítima;125;BR-040/RJ;Sul;Tombamento;1;0;1;;;;1
19/09/2012;03:14:00;3279;com vítima;25;BR-040/RJ;Sul;Tombamento;1;0;1;;;;1
19/09/2012;06:04:00;3289;com vítima;34;BR-040/RJ;Norte;Tombamento;1;0;1;;;;1
19/09/2012;18:48:00;3425;sem vítima;112;BR-040/RJ;Norte;Colisão Lateral;1;2;;;;;1
19/09/2012;19:58:00;3437;com vítima;806;BR-040/MG;Sul;Choque - Objeto Fixo;1;0;;1;;;2
20/09/2012;10:49:00;3536;com vítima;86;BR-040/RJ;Sul;Derrapagem;1;0;;;;1;3
20/09/2012;20:29:00;3621;com vítima;96;BR-040/RJ;Norte;Tombamento;1;0;1;;;;1
20/09/2012;18:51:00;3606;sem vítima;110;BR-040/RJ;Norte;Colisão Traseira;1;2;;;;;1
20/09/2012;05:18:00;3480;com vítima;799;BR-040/MG;Norte;Colisão Traseira;2;1;2;;;;1
20/09/2012;13:23:00;3561;sem vítima;123;BR-040/RJ;Norte;Colisão Lateral;1;2;;;;;1
20/09/2012;17:02:00;3590;com vítima;123;BR-040/RJ;Sul;Colisão Traseira;1;1;1;;;;1
21/09/2012;18:07:00;3775;com vítima;124;BR-040/RJ;Norte;Colisão Traseira;1;1;2;;;;1
22/09/2012;04:25:00;3837;com vítima;22;BR-040/RJ;Sul;Capotamento;1;0;;1;;;2
22/09/2012;00:11:00;3823;com vítima;822;BR-040/MG;Norte;Colisão Traseira;2;0;1;1;;;2
22/09/2012;16:25:00;3944;sem vítima;124;BR-040/RJ;Norte;Colisão Lateral;1;2;;;;;1
23/09/2012;23:04:00;4120;com vítima;78;BR-040/RJ;Sul;Tombamento;1;0;1;;;;1
25/09/2012;09:07:00;4325;com vítima;120;BR-040/RJ;Sul;Colisão Lateral;1;2;1;;;;1
25/09/2012;08:15:00;4318;sem vítima;122;BR-040/RJ;Sul;Engavetamento;2;3;;;;;1
25/09/2012;07:41:00;4309;sem vítima;123;BR-040/RJ;Sul;Colisão Lateral;1;2;;;;;1
26/09/2012;03:08:00;4453;sem vítima;57;BR-040/RJ;Sul;Choque - Objeto Fixo;1;1;;;;;1
26/09/2012;15:00:00;4556;com vítima;110;BR-040/RJ;Sul;Colisão Traseira;1;2;2;;;;1
26/09/2012;09:02:00;4499;sem vítima;121;BR-040/RJ;Sul;Colisão Lateral;2;3;;;;;1
26/09/2012;15:14:00;4559;sem vítima;121;BR-040/RJ;Norte;Capotamento;1;2;;;;;1
26/09/2012;20:26:00;4590;sem vítima;123;BR-040/RJ;Sul;Colisão Lateral;1;2;;;;;1
27/09/2012;07:38:00;4648;com vítima;57;BR-040/RJ;Norte;Tombamento;1;0;1;;;;1
27/09/2012;10:31:00;4678;com vítima;109;BR-040/RJ;Norte;Colisão Traseira;1;1;3;;;;1
27/09/2012;03:31:00;4623;sem vítima;828;BR-040/MG;Norte;Choque - Objeto Fixo;1;1;;;;;1
27/09/2012;17:55:00;4737;sem vítima;125;BR-040/RJ;Sul;Colisão Lateral;1;2;;;;;1
28/09/2012;07:35:00;4813;sem vítima;108;BR-040/RJ;Sul;Colisão Lateral;1;2;;;;;1
28/09/2012;11:58:00;4874;com vítima;109;BR-040/RJ;Norte;Colisão Traseira;1;1;1;;;;1
28/09/2012;18:12:00;4937;sem vítima;109;BR-040/RJ;Norte;Colisão Lateral;1;2;;;;;1
28/09/2012;09:37:00;4844;sem vítima;124;BR-040/RJ;Sul;Colisão Lateral;1;2;;;;;1
29/09/2012;11:55:00;5091;com vítima;0;BR-040/RJ;Norte;Tombamento;1;0;1;;;;1
29/09/2012;11:37:00;5084;sem vítima;98;BR-040/RJ;Norte;Colisão Lateral;2;2;;;;;1
29/09/2012;18:22:00;5161;com vítima;110;BR-040/RJ;Sul;Colisão Traseira;1;3;1;;;;1
30/09/2012;19:58:00;5329;sem vítima;120;BR-040/RJ;Sul;Colisão Lateral;1;2;;;;;1
02/10/2012;15:13:00;260;com vítima;104;BR-040/RJ;Sul;Colisão Traseira;1;1;1;;;;1
03/10/2012;07:03:00;355;sem vítima;9;BR-040/RJ;Sul;Colisão Lateral;2;2;;;;;1
04/10/2012;17:43:00;622;sem vítima;109;BR-040/RJ;Norte;Colisão Lateral;1;2;;;;;1
04/10/2012;01:34:00;507;com vítima;784;BR-040/MG;Sul;Tombamento;1;0;1;;;;1
04/10/2012;11:06:00;570;sem vítima;123;BR-040/RJ;Sul;Colisão Traseira;1;2;;;;;1
05/10/2012;18:07:00;805;sem vítima;32;BR-040/RJ;Norte;Colisão Lateral;2;2;;;;;1
05/10/2012;17:19:00;796;com vítima;35;BR-040/RJ;Norte;Colisão Traseira;1;0;2;;;;1
05/10/2012;16:21:00;784;sem vítima;104;BR-040/RJ;Sul;Colisão Traseira;1;2;;;;;1
05/10/2012;16:47:00;791;sem vítima;114;BR-040/RJ;Sul;Colisão Traseira;1;2;;;;;1
05/10/2012;06:38:00;691;com vítima;783;BR-040/MG;Norte;Tombamento;1;0;1;;;;1
08/10/2012;09:53:00;1234;sem vítima;61;BR-040/RJ;Sul;Colisão Lateral;2;2;;;;;1
08/10/2012;20:38:00;1330;sem vítima;120;BR-040/RJ;Sul;Colisão Lateral;1;2;;;;;1
08/10/2012;19:41:00;1321;sem vítima;121;BR-040/RJ;Norte;Engavetamento;1;3;;;;;1
09/10/2012;07:32:00;1387;com vítima;783;BR-040/MG;Norte;Tombamento;1;0;1;;;;1
09/10/2012;07:32:00;1393;com vítima;783;BR-040/MG;Sul;Tombamento;1;0;;;1;;2
09/10/2012;07:20:00;1389;sem vítima;123;BR-040/RJ;Sul;Colisão Lateral;1;2;;;;;1
10/10/2012;08:59:00;1587;sem vítima;34;BR-040/RJ;Sul;Colisão Traseira;1;2;;;;;1
10/10/2012;06:29:00;1572;sem vítima;83;BR-040/RJ;Norte;Colisão Lateral;1;2;;;;;1
10/10/2012;18:31:00;1714;sem vítima;111;BR-040/RJ;Norte;Colisão Traseira;2;2;;;;;1
10/10/2012;10:16:00;1601;sem vítima;122;BR-040/RJ;Sul;Colisão Lateral;1;2;;;;;1
10/10/2012;13:45:00;1639;com vítima;122;BR-040/RJ;Sul;Colisão Traseira;1;1;;3;;;2
10/10/2012;14:32:00;1648;sem vítima;123;BR-040/RJ;Sul;Colisão Lateral;1;2;;;;;1
11/10/2012;23:24:00;1962;com vítima;115;BR-040/RJ;Norte;Colisão Traseira;1;1;2;;;;1
11/10/2012;13:40:00;1873;sem vítima;118;BR-040/RJ;Norte;Colisão Lateral;1;2;;;;;1
12/10/2012;14:17:00;2100;sem vítima;72;BR-040/RJ;Sul;Colisão Traseira;1;2;;;;;1
12/10/2012;15:55:00;2115;sem vítima;72;BR-040/RJ;Sul;Derrapagem;1;2;;;;;1
12/10/2012;10:16:00;2049;sem vítima;84;BR-040/RJ;Norte;Colisão Traseira;1;2;;;;;1
12/10/2012;01:55:00;1974;sem vítima;104;BR-040/RJ;Norte;Colisão Traseira;1;2;;;;;1
13/10/2012;15:23:00;2251;sem vítima;110;BR-040/RJ;Sul;Colisão Lateral;2;2;;;;;1
14/10/2012;19:07:00;2443;sem vítima;822;BR-040/MG;Sul;Colisão Lateral;1;2;;;;;1
15/10/2012;23:52:00;2641;sem vítima;83;BR-040/RJ;Norte;Colisão Lateral;1;2;;;;;1
15/10/2012;15:35:00;2594;com vítima;96;BR-040/RJ;Norte;Tombamento;1;0;1;;;;1
15/10/2012;01:10:00;2485;sem vítima;799;BR-040/MG;Norte;Colisão Traseira;1;2;;;;;1
16/10/2012;13:30:00;2740;sem vítima;88;BR-040/RJ;Norte;Choque - Objeto Fixo;1;1;;;;;1
16/10/2012;19:07:00;2782;sem vítima;109;BR-040/RJ;Norte;Colisão Lateral;1;2;;;;;1
16/10/2012;19:29:00;2787;sem vítima;110;BR-040/RJ;Norte;Colisão Lateral;1;2;;;;;1
16/10/2012;16:45:00;2763;sem vítima;784;BR-040/MG;Norte;Colisão Lateral;1;2;;;;;1
17/10/2012;20:37:00;2955;com vítima;78;BR-040/RJ;Sul;Choque - Objeto Fixo;1;0;;1;;;2
17/10/2012;11:46:00;2882;sem vítima;123;BR-040/RJ;Sul;Colisão Lateral;1;2;;;;;1
18/10/2012;14:15:00;3068;sem vítima;809;BR-040/MG;Sul;Colisão Lateral;2;2;;;;;1
19/10/2012;07:46:00;3188;sem vítima;105;BR-040/RJ;Norte;Colisão Lateral;1;2;;;;;1
19/10/2012;16:16:00;3277;sem vítima;109;BR-040/RJ;Norte;Colisão Lateral;1;2;;;;;1
19/10/2012;13:26:00;3245;sem vítima;119;BR-040/RJ;Sul;Colisão Traseira;1;2;;;;;1
20/10/2012;11:01:00;3406;sem vítima;46;BR-040/RJ;Sul;Colisão Traseira;1;2;;;;;1
20/10/2012;09:35:00;3391;com vítima;807;BR-040/MG;Norte;Capotamento;1;1;2;;;;1
21/10/2012;20:43:00;3660;sem vítima;104;BR-040/RJ;Sul;Colisão Traseira;1;2;;;;;1
21/10/2012;22:25:00;3677;com vítima;815;BR-040/MG;Sul;Choque - Objeto Fixo;1;0;1;1;;;2
22/10/2012;05:52:00;3700;sem vítima;87;BR-040/RJ;Sul;Choque - Objeto Fixo;1;1;;;;;1
23/10/2012;16:43:00;4014;com vítima;91;BR-040/RJ;Sul;Tombamento;1;0;3;;;;1
24/10/2012;03:56:00;4100;sem vítima;96;BR-040/RJ;Sul;Tombamento;1;1;;;;;1
24/10/2012;05:04:00;4105;sem vítima;821;BR-040/MG;Norte;Colisão Traseira;2;2;;;;;1
25/10/2012;11:05:00;4342;sem vítima;104;BR-040/RJ;Sul;Choque - Objeto Fixo;1;1;;;;;1
26/10/2012;16:03:00;4558;sem vítima;81;BR-040/RJ;Norte;Colisão Lateral;2;2;;;;;1
26/10/2012;23:21:00;4637;sem vítima;113;BR-040/RJ;Sul;Colisão Lateral;1;2;;;;;1
26/10/2012;11:36:00;4515;sem vítima;120;BR-040/RJ;Sul;Colisão Lateral;1;2;;;;;1
26/10/2012;10:12:00;4500;com vítima;124;BR-040/RJ;Sul;Queda de Moto;1;1;;1;;;2
26/10/2012;15:12:00;4550;com vítima;124;BR-040/RJ;Norte;Atropelamento - Pedestre;1;1;;;;1;3
28/10/2012;16:51:00;4948;sem vítima;39;BR-040/RJ;Sul;Colisão Lateral;2;2;;;;;1
28/10/2012;07:23:00;4863;com vítima;778;BR-040/MG;Norte;Tombamento;1;1;1;;;;1
28/10/2012;15:43:00;4928;sem vítima;118;BR-040/RJ;Sul;Colisão Lateral;1;2;;;;;1
28/10/2012;13:37:00;4905;sem vítima;820;BR-040/MG;Norte;Choque - Objeto Fixo;1;1;;;;;1
29/10/2012;12:07:00;5087;com vítima;52;BR-040/RJ;Norte;Choque - Objeto Fixo;1;1;;1;;;2
29/10/2012;05:17:00;5029;com vítima;92;BR-040/RJ;Sul;Colisão Traseira;1;1;1;;;;1
29/10/2012;06:54:00;5038;sem vítima;104;BR-040/RJ;Sul;Choque - Objeto Fixo;1;1;;;;;1
29/10/2012;14:00:00;5102;sem vítima;111;BR-040/RJ;Norte;Choque - Objeto Fixo;1;2;;;;;1
29/10/2012;04:53:00;5028;com vítima;113;BR-040/RJ;Norte;Colisão Lateral;1;1;2;;;;1
29/10/2012;18:35:00;5148;sem vítima;113;BR-040/RJ;Norte;Colisão Lateral;1;2;;;;;1
29/10/2012;19:52:00;5159;com vítima;781;BR-040/MG;Sul;Colisão Frontal;1;0;1;2;;;2
29/10/2012;16:22:00;5127;sem vítima;813;BR-040/MG;Sul;Colisão Lateral;1;2;;;;;1
30/10/2012;16:27:00;5320;com vítima;30;BR-040/RJ;Norte;Choque - Objeto Fixo;1;0;;;1;;2
30/10/2012;12:14:00;5272;com vítima;80;BR-040/RJ;Sul;Choque - Objeto Fixo;2;2;2;;;;1
30/10/2012;21:08:00;5357;com vítima;823;BR-040/MG;Norte;Colisão Traseira;2;0;2;;;;1
31/10/2012;18:20:00;5535;sem vítima;60;BR-040/RJ;Norte;Colisão Traseira;1;2;;;;;1
31/10/2012;09:17:00;5425;sem vítima;76;BR-040/RJ;Sul;Choque - Objeto Fixo;1;1;;;;;1
31/10/2012;16:41:00;5514;com vítima;105;BR-040/RJ;Norte;Colisão Frontal;1;1;;2;;;2
31/10/2012;14:13:00;5483;com vítima;804;BR-040/MG;Sul;Choque - Objeto Fixo;1;0;1;;;;1
31/10/2012;18:10:00;5532;sem vítima;124;BR-040/RJ;Sul;Colisão Lateral;1;2;;;;;1
01/11/2012;18:01:00;127;sem vítima;114;BR-040/RJ;Norte;Colisão Lateral;1;2;;;;;1
01/11/2012;07:04:00;32;sem vítima;122;BR-040/RJ;Sul;Colisão Traseira;1;2;;;;;1
03/11/2012;11:42:00;423;com vítima;108;BR-040/RJ;Norte;Colisão Lateral;1;1;;;;1;3
03/11/2012;04:47:00;379;sem vítima;115;BR-040/RJ;Norte;Tombamento;1;1;;;;;1
05/11/2012;14:43:00;746;com vítima;124;BR-040/RJ;Norte;Colisão Traseira;1;1;2;1;;;2
07/11/2012;08:22:00;985;com vítima;119;BR-040/RJ;Norte;Colisão Traseira;1;1;;1;;;2
07/11/2012;10:57:00;1007;sem vítima;123;BR-040/RJ;Sul;Colisão Lateral;1;2;;;;;1
07/11/2012;14:41:00;1034;sem vítima;123;BR-040/RJ;Norte;Colisão Lateral;1;2;;;;;1
08/11/2012;15:50:00;1201;sem vítima;109;BR-040/RJ;Norte;Colisão Lateral;1;2;;;;;1
09/11/2012;13:25:00;1351;com vítima;43;BR-040/RJ;Norte;Tombamento;1;0;1;;;;1
09/11/2012;15:06:00;1371;com vítima;43;BR-040/RJ;Norte;Engavetamento;1;1;3;;;;1
09/11/2012;22:42:00;1456;sem vítima;57;BR-040/RJ;Norte;Choque - Objeto Fixo;1;1;;;;;1
09/11/2012;16:06:00;1384;sem vítima;92;BR-040/RJ;Sul;Colisão Lateral;1;2;;;;;1
09/11/2012;09:54:00;1320;sem vítima;123;BR-040/RJ;Sul;Colisão Lateral;1;2;;;;;1
10/11/2012;10:26:00;1511;sem vítima;120;BR-040/RJ;Norte;Colisão Lateral;1;2;;;;;1
10/11/2012;11:36:00;1520;com vítima;123;BR-040/RJ;Norte;Colisão Lateral;1;2;1;;;;1
12/11/2012;08:28:00;1815;sem vítima;109;BR-040/RJ;Norte;Colisão Lateral;1;2;;;;;1
12/11/2012;15:26:00;1872;sem vítima;124;BR-040/RJ;Sul;Tombamento;1;1;;;;;1
13/11/2012;04:15:00;1947;com vítima;16;BR-040/RJ;Norte;Tombamento;1;3;2;;;;1
13/11/2012;15:06:00;2013;sem vítima;115;BR-040/RJ;Sul;Colisão Lateral;1;2;;;;;1
14/11/2012;13:13:00;2161;sem vítima;55;BR-040/RJ;Norte;Tombamento;2;2;;;;;1
14/11/2012;20:31:00;2230;com vítima;93;BR-040/RJ;Sul;Choque - Objeto Fixo;1;0;1;;;;1
14/11/2012;17:08:00;2200;sem vítima;109;BR-040/RJ;Norte;Engavetamento;1;3;;;;;1
14/11/2012;21:54:00;2238;sem vítima;111;BR-040/RJ;Norte;Colisão Transversal;1;2;;;;;1
14/11/2012;09:17:00;2124;com vítima;782;BR-040/MG;Norte;Colisão Lateral;1;1;2;;;;1
15/11/2012;12:36:00;2335;com vítima;71;BR-040/RJ;Sul;Tombamento;1;0;1;;;;1
15/11/2012;15:53:00;2354;sem vítima;84;BR-040/RJ;Sul;Colisão Traseira;1;2;;;;;1
15/11/2012;07:40:00;2291;com vítima;790;BR-040/MG;Sul;Colisão Lateral;1;1;2;;;;1
16/11/2012;23:28:00;2570;sem vítima;73;BR-040/RJ;Norte;Choque - Objeto Fixo;2;2;;;;;1
16/11/2012;00:26:00;2419;com vítima;780;BR-040/MG;Sul;Colisão Lateral;2;1;1;;;;1
16/11/2012;06:35:00;2444;com vítima;801;BR-040/MG;Sul;Tombamento;1;0;1;;;;1
16/11/2012;07:04:00;2448;sem vítima;821;BR-040/MG;Sul;Choque - Objeto Fixo;1;1;;;;;1
17/11/2012;17:30:00;2685;com vítima;121;BR-040/RJ;Sul;Colisão Lateral;1;1;;1;;;2
18/11/2012;15:42:00;2807;sem vítima;120;BR-040/RJ;Norte;Choque - Objeto Fixo;1;1;;;;;1
20/11/2012;08:14:00;3129;com vítima;33;BR-040/RJ;Sul;Choque - Objeto Fixo;1;1;1;;;;1
21/11/2012;16:51:00;3352;sem vítima;109;BR-040/RJ;Norte;Colisão Lateral;1;2;;;;;1
21/11/2012;19:00:00;3373;sem vítima;124;BR-040/RJ;Sul;Colisão Lateral;1;2;;;;;1
22/11/2012;09:19:00;3436;sem vítima;21;BR-040/RJ;Norte;Choque - Objeto Fixo;1;1;;;;;1
22/11/2012;17:04:00;3500;sem vítima;109;BR-040/RJ;Norte;Colisão Lateral;1;2;;;;;1
22/11/2012;08:03:00;3421;sem vítima;117;BR-040/RJ;Norte;Engavetamento;1;5;;;;;1
22/11/2012;06:41:00;3417;com vítima;122;BR-040/RJ;Sul;Colisão Traseira;1;1;;1;;;2
23/11/2012;22:20:00;3728;sem vítima;96;BR-040/RJ;Norte;Choque - Objeto Fixo;1;2;;;;;1
23/11/2012;07:56:00;3585;sem vítima;116;BR-040/RJ;Norte;Colisão Lateral;1;2;;;;;1
24/11/2012;13:07:00;3821;sem vítima;111;BR-040/RJ;Norte;Colisão Traseira;1;2;;;;;1
25/11/2012;23:33:00;4069;sem vítima;85;BR-040/RJ;Norte;Colisão Lateral;2;2;;;;;1
25/11/2012;06:54:00;3958;com vítima;87;BR-040/RJ;Sul;Tombamento;1;0;;1;;;2
26/11/2012;16:26:00;4183;sem vítima;32;BR-040/RJ;Sul;Choque - Objeto Fixo;1;1;;;;;1
26/11/2012;23:32:00;4221;sem vítima;87;BR-040/RJ;Norte;Colisão Lateral;1;2;;;;;1
26/11/2012;09:12:00;4123;sem vítima;117;BR-040/RJ;Sul;Colisão Traseira;1;2;;;;;1
26/11/2012;12:29:00;4152;sem vítima;121;BR-040/RJ;Norte;Colisão Lateral;1;2;;;;;1
26/11/2012;14:54:00;4173;sem vítima;123;BR-040/RJ;Norte;Colisão Lateral;2;2;;;;;1
27/11/2012;20:35:00;4393;com vítima;92;BR-040/RJ;Sul;Tombamento;1;0;;1;;;2
27/11/2012;10:11:00;4283;sem vítima;112;BR-040/RJ;Norte;Colisão Lateral;1;2;;;;;1
27/11/2012;19:51:00;4383;sem vítima;784;BR-040/MG;Norte;Choque - Objeto Fixo;1;1;;;;;1
27/11/2012;16:08:00;4340;com vítima;787;BR-040/MG;Norte;Colisão Lateral;1;1;1;1;;;2
27/11/2012;20:03:00;4385;sem vítima;123;BR-040/RJ;Norte;Colisão Traseira;1;2;;;;;1
28/11/2012;07:37:00;4445;sem vítima;80;BR-040/RJ;Sul;Tombamento;1;1;;;;;1
28/11/2012;08:51:00;4455;sem vítima;80;BR-040/RJ;Sul;Choque - Objeto Fixo;1;1;;;;;1
28/11/2012;17:17:00;4538;sem vítima;89;BR-040/RJ;Norte;Colisão Lateral;1;2;;;;;1
28/11/2012;11:25:00;4474;com vítima;104;BR-040/RJ;Sul;Colisão Traseira;1;1;;1;;;2
28/11/2012;15:59:00;4525;sem vítima;109;BR-040/RJ;Norte;Colisão Lateral;1;2;;;;;1
28/11/2012;17:40:00;4541;sem vítima;109;BR-040/RJ;Norte;Colisão Lateral;1;2;;;;;1
28/11/2012;06:50:00;4441;sem vítima;110;BR-040/RJ;Norte;Engavetamento;1;4;;;;;1
28/11/2012;00:05:00;4416;com vítima;123;BR-040/RJ;Sul;Colisão Frontal;1;1;;;1;;2
28/11/2012;15:00:00;4505;sem vítima;124;BR-040/RJ;Norte;Colisão Lateral;1;2;;;;;1
29/11/2012;08:49:00;4651;sem vítima;122;BR-040/RJ;Sul;Colisão Traseira;1;2;;;;;1
30/11/2012;22:37:00;4973;sem vítima;102;BR-040/RJ;Norte;Colisão Lateral;1;2;;;;;1
30/11/2012;17:54:00;4928;sem vítima;124;BR-040/RJ;Norte;Engavetamento;1;3;;;;;1
01/12/2012;18:10:00;140;sem vítima;109;BR-040/RJ;Norte;Colisão Traseira;1;2;;;;;1
01/12/2012;05:15:00;30;com vítima;114;BR-040/RJ;Sul;Colisão Traseira;1;1;1;;;;1
03/12/2012;17:15:00;460;com vítima;34;BR-040/RJ;Norte;Tombamento;1;1;;1;;;2
03/12/2012;11:14:00;413;sem vítima;84;BR-040/RJ;Sul;Choque - Objeto Fixo;1;1;;;;;1
03/12/2012;10:31:00;410;sem vítima;98;BR-040/RJ;Sul;Colisão Lateral;2;2;;;;;1
03/12/2012;16:45:00;456;sem vítima;107;BR-040/RJ;Norte;Colisão Traseira;1;2;;;;;1
03/12/2012;06:01:00;370;sem vítima;123;BR-040/RJ;Sul;Colisão Lateral;1;2;;;;;1
03/12/2012;09:05:00;397;sem vítima;123;BR-040/RJ;Sul;Colisão Lateral;1;2;;;;;1
04/12/2012;13:33:00;581;sem vítima;60;BR-040/RJ;Norte;Colisão Traseira;1;2;;;;;1
05/12/2012;13:48:00;769;com vítima;99;BR-040/RJ;Norte;Tombamento;1;0;;1;;;2
05/12/2012;14:06:00;773;sem vítima;109;BR-040/RJ;Norte;Colisão Lateral;1;3;;;;;1
05/12/2012;09:55:00;728;sem vítima;120;BR-040/RJ;Sul;Colisão Lateral;1;2;;;;;1
06/12/2012;11:27:00;952;com vítima;101;BR-040/RJ;Norte;Tombamento;1;0;1;;;;1
06/12/2012;11:34:00;953;sem vítima;109;BR-040/RJ;Norte;Engavetamento;1;3;;;;;1
06/12/2012;20:16:00;1048;sem vítima;109;BR-040/RJ;Norte;Colisão Traseira;1;2;;;;;1
06/12/2012;06:37:00;899;sem vítima;115;BR-040/RJ;Sul;Colisão Traseira;2;2;;;;;1
06/12/2012;05:37:00;894;com vítima;120;BR-040/RJ;Norte;Colisão Lateral;1;1;9;;;;1
06/12/2012;10:21:00;939;sem vítima;123;BR-040/RJ;Sul;Colisão Lateral;1;2;;;;;1
06/12/2012;17:32:00;1024;sem vítima;123;BR-040/RJ;Sul;Colisão Lateral;2;2;;;;;1
07/12/2012;06:07:00;1116;com vítima;108;BR-040/RJ;Sul;Colisão Traseira;1;1;2;;;;1
07/12/2012;04:11:00;1102;sem vítima;800;BR-040/MG;Sul;Choque - Objeto Fixo;1;1;;;;;1
07/12/2012;09:47:00;1147;sem vítima;122;BR-040/RJ;Sul;Colisão Traseira;1;2;;;;;1
07/12/2012;10:29:00;1160;sem vítima;124;BR-040/RJ;Sul;Colisão Lateral;1;2;;;;;1
07/12/2012;15:47:00;1220;sem vítima;124;BR-040/RJ;Sul;Colisão Lateral;1;2;;;;;1
07/12/2012;16:18:00;1229;sem vítima;124;BR-040/RJ;Sul;Colisão Lateral;1;2;;;;;1
08/12/2012;13:06:00;1421;com vítima;27;BR-040/RJ;Norte;Tombamento;1;0;1;;;;1
08/12/2012;23:05:00;1526;sem vítima;124;BR-040/RJ;Norte;Colisão Lateral;1;2;;;;;1
10/12/2012;16:32:00;1794;com vítima;21;BR-040/RJ;Norte;Tombamento;1;0;1;;;;1
10/12/2012;13:16:00;1765;com vítima;111;BR-040/RJ;Norte;Colisão Traseira;1;1;1;;;;1
10/12/2012;18:43:00;1813;sem vítima;118;BR-040/RJ;Norte;Colisão Lateral;1;2;;;;;1
10/12/2012;08:55:00;1728;sem vítima;124;BR-040/RJ;Sul;Colisão Traseira;2;2;;;;;1
10/12/2012;15:31:00;1787;sem vítima;124;BR-040/RJ;Sul;Colisão Lateral;1;2;;;;;1
11/12/2012;18:14:00;1989;com vítima;66;BR-040/RJ;Norte;Choque - Objeto Fixo;1;1;2;;2;1;3
11/12/2012;16:30:00;1970;com vítima;111;BR-040/RJ;Norte;Colisão Traseira;2;1;1;;;;1
11/12/2012;18:02:00;1986;sem vítima;112;BR-040/RJ;Norte;Colisão Traseira;1;2;;;;;1
11/12/2012;04:47:00;1860;sem vítima;117;BR-040/RJ;Norte;Colisão Traseira;1;2;;;;;1
11/12/2012;12:31:00;1923;com vítima;117;BR-040/RJ;Sul;Engavetamento;1;3;1;;;;1
11/12/2012;15:51:00;1959;sem vítima;121;BR-040/RJ;Norte;Colisão Traseira;1;2;;;;;1