data;horario;n_da_ocorrencia;tipo_de_ocorrencia;km;trecho;sentido;tipo_de_acidente;caminhao;ilesos;levemente_feridos;moderadamente_feridos;gravemente_feridos;mortos;3
12/12/2012;03:32:00;2038;com vítima;96;BR-040/RJ;Sul;Tombamento;1;0;1;;;;1
12/12/2012;07:26:00;2060;com vítima;111;BR-040/RJ;Sul;Colisão Lateral;1;1;1;;;;1
12/12/2012;06:50:00;2054;sem vítima;123;BR-040/RJ;Sul;Colisão Lateral;1;2;;;;;1
13/12/2012;16:19:00;2310;sem vítima;86;BR-040/RJ;Norte;Colisão Lateral;1;2;;;;;1
13/12/2012;19:35:00;2356;com vítima;115;BR-040/RJ;Norte;Colisão Lateral;1;1;;;;1;3
13/12/2012;10:19:00;2245;sem vítima;122;BR-040/RJ;Sul;Colisão Lateral;1;2;;;;;1
13/12/2012;09:59:00;2240;sem vítima;124;BR-040/RJ;Sul;Colisão Lateral;1;2;;;;;1
14/12/2012;13:34:00;2477;sem vítima;113;BR-040/RJ;Sul;Colisão Lateral;1;3;;;;;1
15/12/2012;07:10:00;2649;sem vítima;120;BR-040/RJ;Sul;Colisão Lateral;1;3;;;;;1
15/12/2012;11:32:00;2693;sem vítima;124;BR-040/RJ;Sul;Colisão Lateral;1;2;;;;;1
17/12/2012;18:10:00;3126;com vítima;24;BR-040/RJ;Norte;Tombamento;1;0;1;;;;1
17/12/2012;09:51:00;3035;sem vítima;124;BR-040/RJ;Norte;Colisão Traseira;1;2;;;;;1
18/12/2012;14:26:00;3271;sem vítima;96;BR-040/RJ;Norte;Colisão Lateral;1;2;;;;;1
18/12/2012;07:13:00;3203;sem vítima;112;BR-040/RJ;Norte;Colisão Lateral;1;2;;;;;1
18/12/2012;06:50:00;3196;sem vítima;122;BR-040/RJ;Norte;Colisão Traseira;1;2;;;;;1
18/12/2012;13:36:00;3267;sem vítima;123;BR-040/RJ;Sul;Colisão Lateral;1;2;;;;;1
18/12/2012;15:55:00;3287;sem vítima;123;BR-040/RJ;Sul;Colisão Lateral;1;2;;;;;1
18/12/2012;18:13:00;3311;sem vítima;124;BR-040/RJ;Sul;Colisão Lateral;1;2;;;;;1
19/12/2012;16:14:00;3502;sem vítima;113;BR-040/RJ;Norte;Colisão Traseira;1;2;;;;;1
19/12/2012;12:26:00;3472;sem vítima;123;BR-040/RJ;Sul;Colisão Traseira;1;2;;;;;1
19/12/2012;08:40:00;3431;sem vítima;124;BR-040/RJ;Sul;Colisão Traseira;1;2;;;;;1
20/12/2012;12:12:00;3656;sem vítima;63;BR-040/RJ;Sul;Colisão Lateral;1;2;;;;;1
20/12/2012;09:01:00;3616;sem vítima;72;BR-040/RJ;Norte;Colisão Lateral;1;2;;;;;1
20/12/2012;07:44:00;3604;com vítima;810;BR-040/MG;Norte;Colisão Frontal;1;1;1;;;;1
21/12/2012;12:27:00;3873;sem vítima;62;BR-040/RJ;Sul;Tombamento;1;1;;;;;1
21/12/2012;17:17:00;3935;com vítima;68;BR-040/RJ;Norte;Tombamento;1;0;;1;;;2
21/12/2012;06:15:00;3806;sem vítima;94;BR-040/RJ;Sul;Tombamento;1;1;;;;;1
21/12/2012;11:35:00;3860;com vítima;105;BR-040/RJ;Sul;Colisão Lateral;1;1;1;;;;1
21/12/2012;15:34:00;3908;com vítima;120;BR-040/RJ;Norte;Colisão Traseira;1;1;1;;;;1
21/12/2012;16:09:00;3925;sem vítima;120;BR-040/RJ;Norte;Colisão Lateral;1;2;;;;;1
21/12/2012;20:54:00;3976;sem vítima;124;BR-040/RJ;Norte;Engavetamento;2;3;;;;;1
22/12/2012;16:06:00;4148;sem vítima;60;BR-040/RJ;Norte;Colisão Lateral;1;2;;;;;1
22/12/2012;14:32:00;4117;sem vítima;93;BR-040/RJ;Norte;Colisão Traseira;1;2;;;;;1
22/12/2012;01:34:00;4004;sem vítima;94;BR-040/RJ;Norte;Colisão Lateral;1;2;;;;;1
22/12/2012;09:23:00;4056;sem vítima;95;BR-040/RJ;Norte;Choque - Objeto Fixo;1;1;;;;;1
26/12/2012;04:46:00;4717;com vítima;91;BR-040/RJ;Sul;Choque - Objeto Fixo;1;0;2;;;;1
27/12/2012;20:38:00;5097;sem vítima;43;BR-040/RJ;Norte;Tombamento;1;2;;;;;1
27/12/2012;23:12:00;5109;sem vítima;85;BR-040/RJ;Sul;Colisão Traseira;1;2;;;;;1
27/12/2012;11:22:00;5008;sem vítima;94;BR-040/RJ;Norte;Colisão Traseira;1;2;;;;;1
27/12/2012;17:25:00;5076;com vítima;123;BR-040/RJ;Norte;Colisão Traseira;1;2;2;;;;1
27/12/2012;06:53:00;4957;sem vítima;124;BR-040/RJ;Sul;Colisão Lateral;1;2;;;;;1
28/12/2012;15:46:00;5227;sem vítima;58;BR-040/RJ;Norte;Colisão Lateral;1;2;;;;;1
28/12/2012;00:58:00;5117;sem vítima;96;BR-040/RJ;Sul;Choque - Objeto Fixo;1;1;;;;;1
28/12/2012;08:50:00;5165;com vítima;782;BR-040/MG;Norte;Tombamento;1;0;2;;;;1
29/12/2012;12:19:00;5370;sem vítima;123;BR-040/RJ;Sul;Colisão Lateral;1;2;;;;;1
01/01/2013;22:19:00;168;com vítima;784;BR-040/MG;Norte;Choque - Objeto Fixo;1;4;2;;;;1
02/01/2013;15:45:00;291;sem vítima;85;BR-040/RJ;Norte;Colisão Lateral;2;2;;;;;1
03/01/2013;10:09:00;429;sem vítima;114;BR-040/RJ;Norte;Colisão Traseira;1;2;;;;;1
03/01/2013;14:05:00;469;sem vítima;124;BR-040/RJ;Norte;Colisão Traseira;1;2;;;;;1
04/01/2013;19:26:00;644;sem vítima;124;BR-040/RJ;Sul;Colisão Traseira;1;2;;;;;1
05/01/2013;16:35:00;762;com vítima;24;BR-040/RJ;Norte;Tombamento;1;0;1;;;;1
05/01/2013;05:54:00;691;com vítima;119;BR-040/RJ;Norte;Colisão Transversal;1;1;5;5;;;2
07/01/2013;10:35:00;1041;sem vítima;109;BR-040/RJ;Norte;Colisão Traseira;1;2;;;;;1
07/01/2013;17:53:00;1134;sem vítima;119;BR-040/RJ;Norte;Colisão Lateral;1;2;;;;;1
08/01/2013;18:16:00;1306;sem vítima;119;BR-040/RJ;Norte;Colisão Lateral;1;2;;;;;1
08/01/2013;21:05:00;1337;sem vítima;124;BR-040/RJ;Sul;Colisão Traseira;1;2;;;;;1
08/01/2013;21:17:00;1339;sem vítima;124;BR-040/RJ;Sul;Colisão Lateral;1;2;;;;;1
09/01/2013;04:36:00;1366;sem vítima;13;BR-040/RJ;Sul;Colisão Traseira;1;2;;;;;1
09/01/2013;02:44:00;1361;sem vítima;80;BR-040/RJ;Sul;Choque - Objeto Fixo;1;1;;;;;1
09/01/2013;15:11:00;1434;com vítima;111;BR-040/RJ;Sul;Colisão Lateral;1;4;;6;;2;3
09/01/2013;13:00:00;1417;sem vítima;118;BR-040/RJ;Norte;Colisão Lateral;1;2;;;;;1
09/01/2013;10:50:00;1406;sem vítima;125;BR-040/RJ;Norte;Colisão Lateral;1;2;;;;;1
10/01/2013;16:23:00;1598;sem vítima;37;BR-040/RJ;Norte;Colisão Traseira;1;5;;;;;1
10/01/2013;10:59:00;1553;sem vítima;45;BR-040/RJ;Norte;Colisão Traseira;1;3;;;;;1
10/01/2013;04:44:00;1508;com vítima;72;BR-040/RJ;Norte;Tombamento;1;0;1;;;;1
10/01/2013;17:26:00;1609;sem vítima;112;BR-040/RJ;Norte;Colisão Traseira;1;2;;;;;1
11/01/2013;07:07:00;1685;sem vítima;122;BR-040/RJ;Sul;Colisão Traseira;1;2;;;;;1
12/01/2013;11:25:00;1887;com vítima;72;BR-040/RJ;Norte;Engavetamento;1;1;5;;;;1
14/01/2013;20:35:00;2232;sem vítima;42;BR-040/RJ;Sul;Colisão Traseira;2;2;;;;;1
14/01/2013;15:25:00;2188;sem vítima;112;BR-040/RJ;Norte;Colisão Lateral;1;2;;;;;1
14/01/2013;06:08:00;2111;sem vítima;123;BR-040/RJ;Sul;Colisão Lateral;1;2;;;;;1
15/01/2013;06:22:00;2270;sem vítima;39;BR-040/RJ;Sul;Choque - Objeto Fixo;1;1;;;;;1
15/01/2013;10:55:00;2310;sem vítima;89;BR-040/RJ;Norte;Colisão Traseira;2;2;;;;;1
15/01/2013;19:50:00;2390;sem vítima;116;BR-040/RJ;Norte;Colisão Lateral;1;2;;;;;1
15/01/2013;17:53:00;2372;sem vítima;120;BR-040/RJ;Sul;Colisão Traseira;1;2;;;;;1
15/01/2013;11:14:00;2315;com vítima;123;BR-040/RJ;Sul;Tombamento;1;1;1;;;;1
15/01/2013;13:23:00;2330;sem vítima;123;BR-040/RJ;Sul;Colisão Lateral;1;2;;;;;1
16/01/2013;12:30:00;2491;com vítima;6;BR-040/RJ;Norte;Tombamento;1;0;;1;;;2
16/01/2013;00:52:00;2429;sem vítima;42;BR-040/RJ;Sul;Colisão Traseira;2;2;;;;;1
16/01/2013;10:18:00;2477;com vítima;794;BR-040/MG;Sul;Colisão Traseira;1;4;2;;;;1
16/01/2013;07:51:00;2461;sem vítima;120;BR-040/RJ;Norte;Colisão Lateral;1;2;;;;;1
17/01/2013;22:12:00;2727;com vítima;93;BR-040/RJ;Sul;Tombamento;1;0;;;1;;2
17/01/2013;00:19:00;2588;com vítima;96;BR-040/RJ;Norte;Tombamento;1;0;1;;;;1
17/01/2013;19:39:00;2711;sem vítima;119;BR-040/RJ;Norte;Colisão Lateral;1;2;;;;;1
17/01/2013;17:53:00;2696;sem vítima;124;BR-040/RJ;Sul;Colisão Traseira;1;2;;;;;1
18/01/2013;07:37:00;2775;com vítima;34;BR-040/RJ;Norte;Tombamento;1;0;1;;;;1
18/01/2013;00:04:00;2731;sem vítima;61;BR-040/RJ;Sul;Colisão Traseira;2;2;;;;;1
18/01/2013;07:50:00;2780;sem vítima;122;BR-040/RJ;Norte;Colisão Traseira;1;2;;;;;1
19/01/2013;10:39:00;3003;sem vítima;104;BR-040/RJ;Norte;Colisão Lateral;1;2;;;;;1
20/01/2013;18:42:00;3224;sem vítima;122;BR-040/RJ;Norte;Colisão Lateral;1;2;;;;;1
22/01/2013;20:46:00;3569;com vítima;93;BR-040/RJ;Sul;Choque - Objeto Fixo;1;0;1;;;;1
22/01/2013;04:13:00;3455;sem vítima;109;BR-040/RJ;Norte;Choque - Objeto Fixo;1;1;;;;;1
22/01/2013;11:02:00;3496;com vítima;122;BR-040/RJ;Sul;Engavetamento;1;3;3;;;;1
22/01/2013;09:50:00;3487;sem vítima;123;BR-040/RJ;Sul;Colisão Lateral;1;2;;;;;1
22/01/2013;11:40:00;3504;sem vítima;124;BR-040/RJ;Sul;Colisão Lateral;1;2;;;;;1
23/01/2013;17:06:00;3689;com vítima;125;BR-040/RJ;Norte;Colisão Traseira;1;1;2;;;;1
25/01/2013;15:30:00;4072;sem vítima;5;BR-040/RJ;Sul;Colisão Traseira;1;2;;;;;1
25/01/2013;12:58:00;4024;com vítima;82;BR-040/RJ;Sul;Tombamento;1;0;1;;;;1
25/01/2013;18:04:00;4095;sem vítima;88;BR-040/RJ;Sul;Choque - Objeto Fixo;1;2;;;;;1
25/01/2013;08:51:00;3952;sem vítima;123;BR-040/RJ;Sul;Colisão Lateral;1;2;;;;;1
26/01/2013;07:34:00;4186;com vítima;82;BR-040/RJ;Norte;Colisão Lateral;1;1;1;;;;1
26/01/2013;20:08:00;4292;sem vítima;82;BR-040/RJ;Norte;Colisão Lateral;1;2;;;;;1
27/01/2013;22:20:00;4480;sem vítima;91;BR-040/RJ;Sul;Choque - Objeto Fixo;1;1;;;;;1
27/01/2013;14:05:00;4409;sem vítima;114;BR-040/RJ;Sul;Colisão Lateral;1;2;;;;;1
28/01/2013;09:26:00;4549;sem vítima;105;BR-040/RJ;Norte;Colisão Traseira;1;2;;;;;1
29/01/2013;20:30:00;4766;sem vítima;70;BR-040/RJ;Sul;Colisão Lateral;1;2;;;;;1
29/01/2013;16:23:00;4736;sem vítima;108;BR-040/RJ;Norte;Choque - Objeto Fixo;1;1;;;;;1
31/01/2013;05:50:00;4999;sem vítima;113;BR-040/RJ;Sul;Colisão Lateral;2;2;;;;;1
31/01/2013;11:57:00;5049;com vítima;773;BR-040/MG;Norte;Tombamento;1;0;;1;;;2
01/02/2013;09:20:00;37;sem vítima;93;BR-040/RJ;Norte;Colisão Lateral;1;2;;;;;1
01/02/2013;10:02:00;43;sem vítima;109;BR-040/RJ;Norte;Colisão Traseira;1;2;;;;;1
02/02/2013;16:50:00;293;sem vítima;123;BR-040/RJ;Sul;Colisão Traseira;1;2;;;;;1
02/02/2013;06:45:00;200;sem vítima;124;BR-040/RJ;Sul;Colisão Traseira;1;2;;;;;1
03/02/2013;00:10:00;354;com vítima;116;BR-040/RJ;Norte;Colisão Traseira;1;1;1;;;;1
04/02/2013;20:12:00;651;sem vítima;55;BR-040/RJ;Norte;Colisão Lateral;1;2;;;;;1
04/02/2013;21:05:00;657;com vítima;119;BR-040/RJ;Sul;Choque - Objeto Fixo;1;0;1;;;;1
05/02/2013;15:28:00;839;sem vítima;82;BR-040/RJ;Sul;Colisão Traseira;1;2;;;;;1
05/02/2013;00:22:00;675;com vítima;89;BR-040/RJ;Sul;Choque - Objeto Fixo;1;0;1;;;;1
05/02/2013;10:47:00;748;com vítima;100;BR-040/RJ;Norte;Tombamento;1;1;1;;;;1
05/02/2013;08:09:00;724;sem vítima;113;BR-040/RJ;Sul;Colisão Traseira;1;2;;;;;1
05/02/2013;15:32:00;778;com vítima;121;BR-040/RJ;Norte;Tombamento;1;2;;;1;;2
06/02/2013;18:27:00;979;com vítima;53;BR-040/RJ;Norte;Colisão Traseira;1;2;2;1;;;2
06/02/2013;03:41:00;862;sem vítima;86;BR-040/RJ;Norte;Choque - Objeto Fixo;1;1;;;;;1
06/02/2013;14:24:00;933;sem vítima;109;BR-040/RJ;Norte;Colisão Transversal;1;2;;;;;1
06/02/2013;14:45:00;935;sem vítima;110;BR-040/RJ;Sul;Colisão Lateral;2;2;;;;;1
06/02/2013;07:55:00;873;sem vítima;123;BR-040/RJ;Sul;Engavetamento;2;4;;;;;1
07/02/2013;17:07:00;1139;sem vítima;784;BR-040/MG;Sul;Colisão Lateral;1;2;;;;;1
07/02/2013;12:10:00;1083;com vítima;123;BR-040/RJ;Sul;Colisão Lateral;1;1;1;;;;1
08/02/2013;15:26:00;1305;com vítima;83;BR-040/RJ;Norte;Colisão Lateral;1;3;1;;;;1
08/02/2013;11:36:00;1267;sem vítima;97;BR-040/RJ;Sul;Colisão Traseira;1;2;;;;;1
09/02/2013;10:23:00;1519;sem vítima;84;BR-040/RJ;Sul;Choque - Objeto Fixo;1;1;;;;;1
10/02/2013;09:56:00;1694;sem vítima;111;BR-040/RJ;Norte;Colisão Lateral;1;2;;;;;1
10/02/2013;06:38:00;1675;com vítima;825;BR-040/MG;Sul;Choque - Objeto Fixo;1;0;1;;;;1
15/02/2013;14:58:00;2547;sem vítima;92;BR-040/RJ;Norte;Colisão Traseira;1;2;;;;;1
17/02/2013;17:40:00;2940;com vítima;124;BR-040/RJ;Norte;Colisão Lateral;1;1;1;;;;1
18/02/2013;17:35:00;3107;sem vítima;35;BR-040/RJ;Norte;Colisão Lateral;1;2;;;;;1
19/02/2013;12:42:00;3216;sem vítima;45;BR-040/RJ;Norte;Colisão Lateral;1;2;;;;;1
19/02/2013;16:08:00;3241;sem vítima;54;BR-040/RJ;Sul;Choque - Objeto Fixo;1;3;;;;;1
19/02/2013;16:03:00;3239;sem vítima;94;BR-040/RJ;Norte;Choque - Objeto Fixo;1;1;;;;;1
19/02/2013;08:30:00;3183;sem vítima;121;BR-040/RJ;Sul;Colisão Lateral;1;2;;;;;1
19/02/2013;10:22:00;3198;sem vítima;123;BR-040/RJ;Sul;Colisão Lateral;1;2;;;;;1
20/02/2013;00:34:00;3290;sem vítima;40;BR-040/RJ;Sul;Choque - Objeto Fixo;1;1;;;;;1
20/02/2013;13:54:00;3361;sem vítima;122;BR-040/RJ;Norte;Colisão Lateral;1;2;;;;;1
20/02/2013;20:11:00;3418;sem vítima;124;BR-040/RJ;Norte;Colisão Traseira;1;2;;;;;1
21/02/2013;07:15:00;3467;sem vítima;74;BR-040/RJ;Sul;Colisão Traseira;1;2;;;;;1
21/02/2013;19:07:00;3586;sem vítima;105;BR-040/RJ;Norte;Colisão Traseira;1;2;;;;;1
21/02/2013;17:44:00;3570;sem vítima;106;BR-040/RJ;Norte;Colisão Traseira;2;2;;;;;1
21/02/2013;20:43:00;3597;sem vítima;109;BR-040/RJ;Norte;Colisão Traseira;1;2;;;;;1
22/02/2013;10:00:00;3674;sem vítima;123;BR-040/RJ;Sul;Colisão Traseira;2;2;;;;;1
22/02/2013;10:55:00;3681;sem vítima;123;BR-040/RJ;Norte;Colisão Traseira;2;2;;;;;1
24/02/2013;18:06:00;4059;sem vítima;25;BR-040/RJ;Sul;Choque - Objeto Fixo;1;1;;;;;1
25/02/2013;10:33:00;4143;sem vítima;123;BR-040/RJ;Sul;Colisão Lateral;1;2;;;;;1
25/02/2013;09:47:00;4136;sem vítima;124;BR-040/RJ;Sul;Colisão Lateral;1;2;;;;;1
25/02/2013;11:52:00;4149;sem vítima;124;BR-040/RJ;Norte;Engavetamento;2;3;;;;;1
26/02/2013;19:59:00;4387;sem vítima;119;BR-040/RJ;Norte;Choque - Objeto Fixo;1;1;;;;;1
27/02/2013;04:49:00;4420;sem vítima;109;BR-040/RJ;Norte;Colisão Traseira;1;2;;;;;1
27/02/2013;10:00:00;4458;sem vítima;812;BR-040/MG;Sul;Colisão Traseira;1;2;;;;;1
27/02/2013;11:13:00;4466;com vítima;119;BR-040/RJ;Sul;Colisão Traseira;1;0;2;1;;;2
27/02/2013;09:16:00;4451;sem vítima;123;BR-040/RJ;Sul;Colisão Lateral;1;2;;;;;1
28/02/2013;03:18:00;4575;sem vítima;89;BR-040/RJ;Sul;Colisão Traseira;1;2;;;;;1
28/02/2013;16:23:00;4665;sem vítima;119;BR-040/RJ;Norte;Colisão Lateral;1;2;;;;;1
28/02/2013;16:47:00;4673;sem vítima;120;BR-040/RJ;Norte;Colisão Traseira;1;2;;;;;1
28/02/2013;10:12:00;4612;sem vítima;123;BR-040/RJ;Sul;Colisão Lateral;1;2;;;;;1
01/03/2013;15:01:00;107;sem vítima;2;BR-040/RJ;Sul;Choque - Objeto Fixo;1;1;;;;;1
01/03/2013;16:35:00;125;com vítima;58;BR-040/RJ;Sul;Colisão Lateral;1;2;1;;;;1
01/03/2013;05:40:00;23;sem vítima;89;BR-040/RJ;Sul;Choque - Objeto Fixo;1;1;;;;;1
01/03/2013;14:16:00;103;sem vítima;96;BR-040/RJ;Norte;Colisão Lateral;2;2;;;;;1
01/03/2013;07:22:00;37;com vítima;803;BR-040/MG;Sul;Tombamento;1;0;2;;;;1
01/03/2013;17:15:00;133;sem vítima;816;BR-040/MG;Norte;Colisão Lateral;1;2;;;;;1
01/03/2013;12:57:00;95;com vítima;823;BR-040/MG;Sul;Choque - Objeto Fixo;1;0;3;;;;1
04/03/2013;08:48:00;500;sem vítima;86;BR-040/RJ;Sul;Choque - Objeto Fixo;1;1;;;;;1
04/03/2013;00:10:00;462;sem vítima;783;BR-040/MG;Sul;Colisão Lateral;1;2;;;;;1
04/03/2013;11:05:00;516;sem vítima;119;BR-040/RJ;Sul;Colisão Lateral;2;2;;;;;1
04/03/2013;15:55:00;555;com vítima;119;BR-040/RJ;Norte;Choque - Objeto Fixo;1;0;;1;;;2
05/03/2013;19:32:00;755;sem vítima;112;BR-040/RJ;Sul;Colisão Lateral;1;2;;;;;1
06/03/2013;11:49:00;857;sem vítima;75;BR-040/RJ;Norte;Colisão Lateral;1;2;;;;;1
06/03/2013;10:45:00;853;com vítima;80;BR-040/RJ;Sul;Tombamento;2;0;3;;;;1
06/03/2013;12:25:00;862;sem vítima;791;BR-040/MG;Sul;Choque - Objeto Fixo;1;1;;;;;1
07/03/2013;04:59:00;950;com vítima;42;BR-040/RJ;Sul;Colisão Traseira;2;1;;1;;;2
08/03/2013;11:41:00;1157;com vítima;4;BR-040/RJ;Sul;Tombamento;1;0;1;;;;1
08/03/2013;17:59:00;1229;sem vítima;57;BR-040/RJ;Norte;Colisão Traseira;1;3;;;;;1
08/03/2013;09:30:00;1143;sem vítima;82;BR-040/RJ;Sul;Derrapagem;1;1;;;;;1
08/03/2013;09:31:00;1144;sem vítima;86;BR-040/RJ;Norte;Colisão Lateral;1;2;;;;;1
08/03/2013;18:49:00;1232;sem vítima;111;BR-040/RJ;Norte;Engavetamento;2;3;;;;;1
09/03/2013;22:50:00;1434;sem vítima;34;BR-040/RJ;Sul;Choque - Objeto Fixo;2;2;;;;;1
09/03/2013;06:05:00;1282;sem vítima;109;BR-040/RJ;Norte;Colisão Lateral;2;2;;;;;1
11/03/2013;05:21:00;1613;sem vítima;109;BR-040/RJ;Sul;Engavetamento;1;4;;;;;1
11/03/2013;07:55:00;1634;com vítima;121;BR-040/RJ;Norte;Colisão Lateral;1;1;1;;;;1
11/03/2013;09:05:00;1645;sem vítima;124;BR-040/RJ;Sul;Colisão Lateral;1;2;;;;;1
12/03/2013;14:36:00;1852;com vítima;85;BR-040/RJ;Norte;Colisão Lateral;1;2;1;;;;1
12/03/2013;16:37:00;1877;sem vítima;109;BR-040/RJ;Norte;Colisão Lateral;1;2;;;;;1
12/03/2013;17:29:00;1888;sem vítima;109;BR-040/RJ;Norte;Colisão Lateral;1;2;;;;;1
13/03/2013;07:25:00;1963;sem vítima;123;BR-040/RJ;Sul;Colisão Lateral;1;2;;;;;1
14/03/2013;16:08:00;2210;sem vítima;75;BR-040/RJ;Norte;Colisão Traseira;2;2;;;;;1
15/03/2013;10:50:00;2331;sem vítima;116;BR-040/RJ;Norte;Colisão Lateral;1;2;;;;;1
15/03/2013;22:40:00;2426;sem vítima;122;BR-040/RJ;Norte;Colisão Lateral;2;2;;;;;1
15/03/2013;18:02:00;2388;sem vítima;124;BR-040/RJ;Sul;Colisão Lateral;1;2;;;;;1
17/03/2013;14:50:00;2648;sem vítima;108;BR-040/RJ;Norte;Colisão Traseira;1;2;;;;;1
18/03/2013;21:06:00;2858;sem vítima;49;BR-040/RJ;Sul;Tombamento;1;1;;;;;1
18/03/2013;19:45:00;2849;sem vítima;90;BR-040/RJ;Norte;Colisão Lateral;2;2;;;;;1
18/03/2013;12:23:00;2794;sem vítima;116;BR-040/RJ;Sul;Colisão Lateral;1;2;;;;;1
18/03/2013;06:30:00;2753;sem vítima;803;BR-040/MG;Sul;Choque - Objeto Fixo;1;1;;;;;1
19/03/2013;00:03:00;2876;sem vítima;86;BR-040/RJ;Norte;Choque - Objeto Fixo;1;1;;;;;1
19/03/2013;15:28:00;2952;sem vítima;105;BR-040/RJ;Norte;Colisão Frontal;1;2;;;;;1
19/03/2013;18:22:00;2978;com vítima;108;BR-040/RJ;Norte;Colisão Traseira;1;1;1;;;;1
20/03/2013;02:45:00;3014;sem vítima;36;BR-040/RJ;Sul;Choque - Objeto Fixo;1;1;;;;;1
20/03/2013;12:20:00;3059;sem vítima;104;BR-040/RJ;Sul;Colisão Traseira;1;2;;;;;1
20/03/2013;14:38:00;3075;com vítima;124;BR-040/RJ;Norte;Colisão Lateral;1;1;;1;;;2
21/03/2013;13:38:00;3194;sem vítima;85;BR-040/RJ;Norte;Colisão Lateral;2;2;;;;;1
21/03/2013;15:45:00;3213;sem vítima;85;BR-040/RJ;Norte;Colisão Lateral;1;2;;;;;1
21/03/2013;01:47:00;3132;sem vítima;101;BR-040/RJ;Sul;Choque - Objeto Fixo;1;1;;;;;1
21/03/2013;17:22:00;3235;com vítima;104;BR-040/RJ;Sul;Colisão Lateral;1;0;3;1;;;2
21/03/2013;15:23:00;3206;sem vítima;124;BR-040/RJ;Sul;Colisão Lateral;1;2;;;;;1
22/03/2013;19:25:00;3426;sem vítima;109;BR-040/RJ;Norte;Colisão Traseira;1;2;;;;;1
22/03/2013;08:31:00;3324;sem vítima;115;BR-040/RJ;Sul;Colisão Lateral;1;2;;;;;1
23/03/2013;16:58:00;3548;sem vítima;45;BR-040/RJ;Norte;Colisão Traseira;1;2;;;;;1
25/03/2013;19:45:00;3834;sem vítima;104;BR-040/RJ;Norte;Colisão Lateral;1;2;;;;;1
25/03/2013;21:12:00;3845;sem vítima;109;BR-040/RJ;Norte;Colisão Lateral;1;2;;;;;1
25/03/2013;12:28:00;3768;sem vítima;110;BR-040/RJ;Sul;Derrapagem;1;1;;;;;1
25/03/2013;12:34:00;3773;sem vítima;118;BR-040/RJ;Sul;Colisão Traseira;1;2;;;;;1
25/03/2013;08:36:00;3730;sem vítima;123;BR-040/RJ;Sul;Colisão Lateral;2;2;;;;;1
25/03/2013;14:14:00;3785;sem vítima;123;BR-040/RJ;Sul;Colisão Lateral;2;2;;;;;1
26/03/2013;18:46:00;3981;sem vítima;86;BR-040/RJ;Norte;Colisão Lateral;2;2;;;;;1
26/03/2013;13:53:00;3942;sem vítima;125;BR-040/RJ;Sul;Colisão Lateral;1;2;;;;;1
27/03/2013;11:15:00;4079;com vítima;62;BR-040/RJ;Sul;Tombamento;1;2;2;;;;1
27/03/2013;13:19:00;4100;sem vítima;109;BR-040/RJ;Norte;Choque - Objeto Fixo;1;2;;;;;1
27/03/2013;07:35:00;4040;com vítima;125;BR-040/RJ;Sul;Tombamento;1;0;1;;;;1
30/03/2013;05:09:00;4505;com vítima;67;BR-040/RJ;Sul;Tombamento;1;0;;1;;;2
30/03/2013;22:33:00;4589;sem vítima;121;BR-040/RJ;Sul;Colisão Lateral;1;2;;;;;1
30/03/2013;05:31:00;4507;sem vítima;122;BR-040/RJ;Sul;Colisão Lateral;1;2;;;;;1
31/03/2013;16:30:00;4682;com vítima;805;BR-040/MG;Norte;Colisão Traseira;1;5;2;;;;1
01/04/2013;18:42:00;145;com vítima;109;BR-040/RJ;Sul;Colisão Traseira;1;1;2;;;;1
01/04/2013;05:26:00;22;sem vítima;110;BR-040/RJ;Sul;Colisão Traseira;1;2;;;;;1
02/04/2013;10:20:00;229;sem vítima;83;BR-040/RJ;Sul;Colisão Traseira;1;2;;;;;1
02/04/2013;00:18:00;186;sem vítima;113;BR-040/RJ;Sul;Colisão Lateral;1;2;;;;;1
03/04/2013;22:22:00;464;sem vítima;85;BR-040/RJ;Norte;Colisão Lateral;1;2;;;;;1
03/04/2013;17:42:00;431;sem vítima;784;BR-040/MG;Norte;Colisão Lateral;1;2;;;;;1
03/04/2013;11:52:00;389;sem vítima;118;BR-040/RJ;Sul;Colisão Lateral;1;2;;;;;1
03/04/2013;09:29:00;373;sem vítima;123;BR-040/RJ;Sul;Colisão Lateral;1;2;;;;;1
04/04/2013;21:43:00;590;sem vítima;109;BR-040/RJ;Norte;Colisão Lateral;1;2;;;;;1
04/04/2013;18:45:00;568;sem vítima;111;BR-040/RJ;Norte;Colisão Lateral;1;2;;;;;1
04/04/2013;13:48:00;521;sem vítima;113;BR-040/RJ;Sul;Colisão Lateral;1;2;;;;;1
04/04/2013;09:26:00;500;com vítima;783;BR-040/MG;Norte;Tombamento;1;0;1;;;;1
04/04/2013;12:23:00;514;com vítima;122;BR-040/RJ;Sul;Colisão Traseira;1;0;2;;;;1
05/04/2013;11:02:00;639;sem vítima;85;BR-040/RJ;Sul;Colisão Traseira;1;2;;;;;1
05/04/2013;15:26:00;664;sem vítima;105;BR-040/RJ;Norte;Colisão Lateral;1;2;;;;;1
05/04/2013;14:46:00;654;sem vítima;110;BR-040/RJ;Sul;Colisão Lateral;1;2;;;;;1