data;horario;n_da_ocorrencia;tipo_de_ocorrencia;km;trecho;sentido;tipo_de_acidente;caminhao;ilesos;levemente_feridos;moderadamente_feridos;gravemente_feridos;mortos;3
06/04/2013;02:41:00;749;sem vítima;123;BR-040/RJ;Norte;Colisão Traseira;1;2;;;;;1
07/04/2013;22:31:00;992;com vítima;84;BR-040/RJ;Sul;Tombamento;1;0;1;;;;1
07/04/2013;20:04:00;981;sem vítima;90;BR-040/RJ;Sul;Colisão Lateral;2;2;;;;;1
07/04/2013;03:18:00;889;sem vítima;778;BR-040/MG;Sul;Choque - Objeto Fixo;1;1;;;;;1
08/04/2013;19:40:00;1118;sem vítima;80;BR-040/RJ;Norte;Colisão Traseira;1;2;;;;;1
08/04/2013;21:09:00;1131;com vítima;115;BR-040/RJ;Sul;Tombamento;1;0;1;;;;1
08/04/2013;07:58:00;1026;sem vítima;123;BR-040/RJ;Sul;Colisão Traseira;2;2;;;;;1
09/04/2013;11:41:00;1187;sem vítima;77;BR-040/RJ;Sul;Colisão Traseira;1;2;;;;;1
09/04/2013;00:24:00;1141;com vítima;86;BR-040/RJ;Sul;Tombamento;1;0;;1;;;2
09/04/2013;16:47:00;1226;sem vítima;121;BR-040/RJ;Sul;Colisão Lateral;1;2;;;;;1
09/04/2013;07:23:00;1158;sem vítima;123;BR-040/RJ;Sul;Colisão Lateral;1;2;;;;;1
10/04/2013;23:11:00;1415;com vítima;31;BR-040/RJ;Norte;Tombamento;1;0;;;;1;3
10/04/2013;17:35:00;1378;sem vítima;121;BR-040/RJ;Sul;Colisão Lateral;1;2;;;;;1
11/04/2013;15:45:00;1520;sem vítima;117;BR-040/RJ;Norte;Colisão Traseira;1;2;;;;;1
11/04/2013;15:45:00;1521;sem vítima;117;BR-040/RJ;Norte;Colisão Traseira;1;2;;;;;1
11/04/2013;08:35:00;1454;com vítima;121;BR-040/RJ;Sul;Colisão Traseira;1;1;1;;;;1
12/04/2013;07:48:00;1595;sem vítima;54;BR-040/RJ;Sul;Choque - Objeto Fixo;1;3;;;;;1
12/04/2013;05:59:00;1587;sem vítima;101;BR-040/RJ;Sul;Atropelamento - Animal;1;1;;;;;1
12/04/2013;14:05:00;1643;com vítima;101;BR-040/RJ;Norte;Colisão Traseira;1;1;3;;;;1
15/04/2013;18:30:00;2114;com vítima;62;BR-040/RJ;Norte;Colisão Frontal;1;1;;;1;;2
15/04/2013;15:10:00;2088;sem vítima;119;BR-040/RJ;Norte;Colisão Traseira;1;2;;;;;1
16/04/2013;15:56:00;2216;sem vítima;90;BR-040/RJ;Norte;Colisão Lateral;2;2;;;;;1
16/04/2013;11:47:00;2197;sem vítima;95;BR-040/RJ;Sul;Choque - Objeto Fixo;1;1;;;;;1
16/04/2013;23:20:00;2268;com vítima;96;BR-040/RJ;Norte;Tombamento;1;0;;1;;;2
17/04/2013;12:14:00;2334;sem vítima;43;BR-040/RJ;Norte;Tombamento;1;1;;;;;1
17/04/2013;11:02:00;2324;sem vítima;114;BR-040/RJ;Norte;Colisão Lateral;1;2;;;;;1
17/04/2013;09:01:00;2308;sem vítima;116;BR-040/RJ;Sul;Engavetamento;1;3;;;;;1
17/04/2013;17:36:00;2373;sem vítima;781;BR-040/MG;Sul;Colisão Traseira;1;2;;;;;1
17/04/2013;00:18:00;2273;sem vítima;121;BR-040/RJ;Sul;Colisão Traseira;1;2;;;;;1
18/04/2013;10:00:00;2455;sem vítima;119;BR-040/RJ;Sul;Colisão Lateral;1;2;;;;;1
18/04/2013;10:46:00;2464;sem vítima;122;BR-040/RJ;Sul;Colisão Traseira;1;2;;;;;1
19/04/2013;12:19:00;2639;com vítima;100;BR-040/RJ;Norte;Tombamento;1;0;1;;;;1
19/04/2013;15:00:00;2659;sem vítima;124;BR-040/RJ;Norte;Colisão Lateral;1;2;;;;;1
20/04/2013;11:54:00;2828;com vítima;86;BR-040/RJ;Sul;Choque - Objeto Fixo;1;0;1;;;;1
20/04/2013;13:21:00;2833;com vítima;92;BR-040/RJ;Sul;Colisão Traseira;2;1;;;1;;2
21/04/2013;17:14:00;2974;com vítima;82;BR-040/RJ;Sul;Colisão Traseira;1;2;2;;;;1
22/04/2013;14:09:00;3085;sem vítima;119;BR-040/RJ;Sul;Choque - Objeto Fixo;1;1;;;;;1
23/04/2013;23:58:00;3260;com vítima;43;BR-040/RJ;Sul;Colisão Traseira;1;1;;1;;;2
24/04/2013;23:20:00;3381;sem vítima;54;BR-040/RJ;Norte;Colisão Traseira;2;2;;;;;1
25/04/2013;12:08:00;3443;sem vítima;76;BR-040/RJ;Norte;Colisão Traseira;2;2;;;;;1
25/04/2013;09:32:00;3430;sem vítima;77;BR-040/RJ;Sul;Tombamento;1;1;;;;;1
25/04/2013;18:04:00;3494;sem vítima;102;BR-040/RJ;Sul;Colisão Lateral;1;2;;;;;1
25/04/2013;07:45:00;3415;com vítima;111;BR-040/RJ;Sul;Engavetamento;2;3;1;;;;1
25/04/2013;12:10:00;3444;sem vítima;124;BR-040/RJ;Sul;Colisão Lateral;1;2;;;;;1
25/04/2013;17:45:00;3491;sem vítima;124;BR-040/RJ;Norte;Colisão Lateral;1;2;;;;;1
26/04/2013;10:32:00;3579;com vítima;80;BR-040/RJ;Sul;Tombamento;1;0;;;1;;2
26/04/2013;11:18:00;3584;com vítima;90;BR-040/RJ;Sul;Tombamento;2;1;1;;;;1
26/04/2013;17:42:00;3638;sem vítima;108;BR-040/RJ;Norte;Colisão Lateral;1;2;;;;;1
26/04/2013;16:12:00;3624;sem vítima;109;BR-040/RJ;Norte;Colisão Lateral;1;2;;;;;1
26/04/2013;08:31:00;3561;sem vítima;782;BR-040/MG;Norte;Choque - Objeto Fixo;1;2;;;;;1
26/04/2013;17:54:00;3639;com vítima;801;BR-040/MG;Norte;Colisão Traseira;1;1;1;;;;1
26/04/2013;10:50:00;3582;sem vítima;124;BR-040/RJ;Sul;Colisão Traseira;1;2;;;;;1
27/04/2013;05:34:00;3696;sem vítima;122;BR-040/RJ;Norte;Engavetamento;1;3;;;;;1
29/04/2013;18:35:00;4054;sem vítima;94;BR-040/RJ;Norte;Colisão Lateral;1;2;;;;;1
30/04/2013;23:47:00;4236;sem vítima;13;BR-040/RJ;Sul;Choque - Objeto Fixo;1;1;;;;;1
30/04/2013;02:48:00;4080;sem vítima;88;BR-040/RJ;Sul;Colisão Traseira;2;2;;;;;1
30/04/2013;22:13:00;4223;com vítima;94;BR-040/RJ;Sul;Tombamento;1;0;;1;;;2
30/04/2013;17:43:00;4189;sem vítima;109;BR-040/RJ;Norte;Colisão Lateral;1;2;;;;;1
01/05/2013;06:16:00;14;com vítima;119;BR-040/RJ;Norte;Colisão Lateral;1;1;1;;;;1
01/05/2013;08:38:00;19;com vítima;38;BR-040/RJ;Norte;Tombamento;1;0;1;;;;1
02/05/2013;11:26:00;181;sem vítima;784;BR-040/MG;Sul;Colisão Traseira;2;2;;;;;1
02/05/2013;15:37:00;209;sem vítima;113;BR-040/RJ;Norte;Colisão Traseira;1;2;;;;;1
03/05/2013;08:39:00;322;sem vítima;816;BR-040/MG;Norte;Colisão Traseira;1;2;;;;;1
03/05/2013;21:26:00;441;com vítima;799;BR-040/MG;Norte;Tombamento;1;0;;1;;;2
04/05/2013;02:36:00;483;com vítima;5;BR-040/RJ;Norte;Choque - Objeto Fixo;1;0;1;;;;1
04/05/2013;09:57:00;522;sem vítima;118;BR-040/RJ;Sul;Colisão Traseira;1;3;;;;;1
06/05/2013;12:42:00;834;com vítima;96;BR-040/RJ;Norte;Tombamento;1;0;1;;;;1
06/05/2013;17:24:00;872;sem vítima;81;BR-040/RJ;Norte;Colisão Lateral;1;2;;;;;1
07/05/2013;07:35:00;925;sem vítima;120;BR-040/RJ;Sul;Colisão Lateral;1;2;;;;;1
07/05/2013;10:41:00;945;sem vítima;122;BR-040/RJ;Sul;Colisão Lateral;1;2;;;;;1
07/05/2013;19:00:00;1010;sem vítima;122;BR-040/RJ;Norte;Engavetamento;1;4;;;;;1
08/05/2013;08:05:00;1070;sem vítima;86;BR-040/RJ;Norte;Engavetamento;1;7;;;;;1
08/05/2013;16:51:00;1145;sem vítima;89;BR-040/RJ;Sul;Choque - Objeto Fixo;1;2;;;;;1
09/05/2013;04:54:00;1208;com vítima;85;BR-040/RJ;Sul;Choque - Objeto Fixo;1;0;;;;1;3
09/05/2013;12:48:00;1265;com vítima;84;BR-040/RJ;Sul;Colisão Lateral;2;2;1;;;;1
09/05/2013;13:24:00;1273;sem vítima;112;BR-040/RJ;Norte;Colisão Lateral;1;2;;;;;1
09/05/2013;15:13:00;1286;sem vítima;104;BR-040/RJ;Sul;Colisão Lateral;1;2;;;;;1
09/05/2013;18:06:00;1297;sem vítima;123;BR-040/RJ;Sul;Colisão Lateral;1;2;;;;;1
10/05/2013;12:35:00;1405;sem vítima;119;BR-040/RJ;Sul;Colisão Lateral;1;2;;;;;1
10/05/2013;17:25:00;1453;sem vítima;119;BR-040/RJ;Norte;Engavetamento;2;3;;;;;1
10/05/2013;17:33:00;1456;sem vítima;123;BR-040/RJ;Sul;Colisão Lateral;1;2;;;;;1
11/05/2013;00:01:00;1516;sem vítima;77;BR-040/RJ;Norte;Colisão Traseira;1;2;;;;;1
11/05/2013;05:43:00;1539;sem vítima;84;BR-040/RJ;Norte;Colisão Lateral;1;2;;;;;1
12/05/2013;18:37:00;1795;sem vítima;784;BR-040/MG;Sul;Colisão Lateral;1;2;;;;;1
13/05/2013;16:25:00;1913;com vítima;109;BR-040/RJ;Norte;Colisão Lateral;1;1;1;;;;1
14/05/2013;09:33:00;2005;sem vítima;123;BR-040/RJ;Norte;Engavetamento;1;3;;;;;1
14/05/2013;09:34:00;2006;sem vítima;109;BR-040/RJ;Sul;Colisão Lateral;1;2;;;;;1
14/05/2013;11:26:00;2024;com vítima;43;BR-040/RJ;Norte;Tombamento;1;0;;1;;;2
14/05/2013;12:55:00;2038;sem vítima;111;BR-040/RJ;Sul;Colisão Traseira;1;2;;;;;1
14/05/2013;18:24:00;2085;sem vítima;124;BR-040/RJ;Sul;Colisão Lateral;1;2;;;;;1
15/05/2013;05:52:00;2132;sem vítima;123;BR-040/RJ;Sul;Colisão Lateral;1;2;;;;;1
15/05/2013;13:06:00;2182;sem vítima;111;BR-040/RJ;Sul;Colisão Traseira;1;2;;;;;1
15/05/2013;16:44:00;2225;sem vítima;123;BR-040/RJ;Sul;Colisão Lateral;1;2;;;;;1
15/05/2013;19:30:00;2246;sem vítima;109;BR-040/RJ;Norte;Colisão Lateral;1;2;;;;;1
16/05/2013;15:44:00;2358;sem vítima;805;BR-040/MG;Sul;Colisão Traseira;2;2;;;;;1
16/05/2013;22:15:00;2411;com vítima;94;BR-040/RJ;Norte;Tombamento;1;0;2;;;;1
17/05/2013;03:03:00;2425;com vítima;93;BR-040/RJ;Norte;Choque - Objeto Fixo;1;1;;;;1;3
17/05/2013;05:09:00;2433;com vítima;92;BR-040/RJ;Sul;Choque - Objeto Fixo;1;0;2;;;;1
17/05/2013;11:36:00;2480;sem vítima;123;BR-040/RJ;Sul;Colisão Lateral;1;2;;;;;1
17/05/2013;12:25:00;2484;sem vítima;123;BR-040/RJ;Sul;Colisão Lateral;1;2;;;;;1
18/05/2013;07:10:00;2587;com vítima;96;BR-040/RJ;Norte;Tombamento;1;0;1;;;;1
21/05/2013;12:42:00;3039;sem vítima;123;BR-040/RJ;Norte;Colisão Lateral;1;2;;;;;1
21/05/2013;17:53:00;3076;sem vítima;89;BR-040/RJ;Norte;Colisão Lateral;2;2;;;;;1
22/05/2013;06:01:00;3131;sem vítima;105;BR-040/RJ;Norte;Colisão Traseira;1;2;;;;;1
22/05/2013;13:33:00;3181;com vítima;64;BR-040/RJ;Sul;Colisão Lateral;1;2;1;;;;1
22/05/2013;15:59:00;3204;com vítima;780;BR-040/MG;Norte;Tombamento;1;1;;1;1;;2
22/05/2013;23:59:00;3264;com vítima;77;BR-040/RJ;Sul;Choque - Objeto Fixo;1;0;1;;;;1
23/05/2013;02:28:00;3271;sem vítima;92;BR-040/RJ;Sul;Choque - Objeto Fixo;1;1;;;;;1
23/05/2013;08:22:00;3305;sem vítima;120;BR-040/RJ;Sul;Colisão Lateral;1;2;;;;;1
23/05/2013;09:14:00;3312;com vítima;25;BR-040/RJ;Sul;Tombamento;1;0;;1;;;2
25/05/2013;06:20:00;3590;sem vítima;65;BR-040/RJ;Norte;Choque - Objeto Fixo;1;1;;;;;1
25/05/2013;21:28:00;3720;sem vítima;112;BR-040/RJ;Sul;Colisão Lateral;1;2;;;;;1
28/05/2013;06:17:00;4080;sem vítima;123;BR-040/RJ;Sul;Colisão Lateral;1;2;;;;;1
28/05/2013;13:15:00;4144;sem vítima;61;BR-040/RJ;Norte;Colisão Frontal;1;2;;;;;1
28/05/2013;15:52:00;4169;sem vítima;80;BR-040/RJ;Norte;Choque - Objeto Fixo;1;1;;;;;1
29/05/2013;08:32:00;4278;com vítima;21;BR-040/RJ;Norte;Tombamento;1;1;2;;;;1
29/05/2013;16:16:00;4343;com vítima;74;BR-040/RJ;Norte;Colisão Traseira;2;1;1;;;;1
29/05/2013;19:38:00;4378;sem vítima;78;BR-040/RJ;Sul;Colisão Traseira;1;2;;;;;1
30/05/2013;07:27:00;4423;sem vítima;82;BR-040/RJ;Norte;Colisão Lateral;1;2;;;;;1
31/05/2013;05:47:00;4572;com vítima;70;BR-040/RJ;Sul;Colisão Transversal;1;1;1;;;;1
31/05/2013;10:45:00;4607;sem vítima;122;BR-040/RJ;Sul;Colisão Traseira;1;2;;;;;1
31/05/2013;17:53:00;4643;sem vítima;110;BR-040/RJ;Norte;Colisão Traseira;1;2;;;;;1
03/06/2013;22:11:00;489;com vítima;92;BR-040/RJ;Sul;Tombamento;1;0;1;;;;1
04/06/2013;06:34:00;514;sem vítima;89;BR-040/RJ;Sul;Choque - Objeto Fixo;1;1;;;;;1
04/06/2013;14:36:00;574;sem vítima;115;BR-040/RJ;Sul;Colisão Traseira;1;1;;;;;1
05/06/2013;12:16:00;708;sem vítima;94;BR-040/RJ;Norte;Colisão Lateral;1;2;;;;;1
05/06/2013;15:58:00;750;com vítima;828;BR-040/MG;Sul;Tombamento;1;0;1;;;;1
05/06/2013;18:22:00;775;sem vítima;123;BR-040/RJ;Norte;Colisão Traseira;1;2;;;;;1
05/06/2013;19:59:00;795;sem vítima;17;BR-040/RJ;Sul;Colisão Traseira;1;2;;;;;1
06/06/2013;09:08:00;857;sem vítima;113;BR-040/RJ;Sul;Colisão Lateral;1;2;;;;;1
06/06/2013;15:22:00;919;com vítima;105;BR-040/RJ;Norte;Engavetamento;2;2;1;;;;1
06/06/2013;17:26:00;931;sem vítima;121;BR-040/RJ;Sul;Colisão Lateral;1;2;;;;;1
06/06/2013;18:31:00;944;sem vítima;123;BR-040/RJ;Sul;Colisão Lateral;1;2;;;;;1
06/06/2013;18:53:00;949;sem vítima;45;BR-040/RJ;Sul;Colisão Traseira;1;2;;;;;1
07/06/2013;02:01:00;993;com vítima;91;BR-040/RJ;Sul;Choque - Objeto Fixo;1;0;;;;2;3
07/06/2013;07:41:00;1025;sem vítima;122;BR-040/RJ;Sul;Colisão Lateral;1;2;;;;;1
07/06/2013;08:09:00;1028;sem vítima;119;BR-040/RJ;Sul;Engavetamento;1;3;;;;;1
07/06/2013;10:31:00;1049;sem vítima;122;BR-040/RJ;Sul;Colisão Lateral;1;2;;;;;1
07/06/2013;10:49:00;1051;sem vítima;113;BR-040/RJ;Sul;Colisão Lateral;1;2;;;;;1
08/06/2013;07:05:00;1204;sem vítima;121;BR-040/RJ;Norte;Choque - Objeto Fixo;1;1;;;;;1
08/06/2013;07:27:00;1206;sem vítima;90;BR-040/RJ;Sul;Colisão Traseira;1;2;;;;;1
10/06/2013;16:13:00;1598;sem vítima;124;BR-040/RJ;Sul;Colisão Lateral;1;2;;;;;1
11/06/2013;14:49:00;1765;sem vítima;120;BR-040/RJ;Norte;Colisão Lateral;1;2;;;;;1
11/06/2013;17:56:00;1805;sem vítima;111;BR-040/RJ;Norte;Engavetamento;1;3;;;;;1
11/06/2013;18:55:00;1817;sem vítima;118;BR-040/RJ;Sul;Colisão Lateral;1;2;;;;;1
12/06/2013;10:22:00;1907;sem vítima;113;BR-040/RJ;Sul;Colisão Lateral;1;2;;;;;1
12/06/2013;14:41:00;1951;sem vítima;114;BR-040/RJ;Sul;Colisão Lateral;1;2;;;;;1
12/06/2013;15:32:00;1960;sem vítima;113;BR-040/RJ;Sul;Colisão Lateral;1;2;;;;;1
12/06/2013;17:38:00;1975;sem vítima;90;BR-040/RJ;Norte;Colisão Lateral;2;2;;;;;1
12/06/2013;20:01:00;2008;sem vítima;109;BR-040/RJ;Norte;Colisão Lateral;1;2;;;;;1
13/06/2013;05:23:00;2048;sem vítima;114;BR-040/RJ;Sul;Colisão Lateral;1;2;;;;;1
13/06/2013;06:07:00;2052;com vítima;109;BR-040/RJ;Sul;Tombamento;1;0;1;;;;1
13/06/2013;07:09:00;2058;sem vítima;123;BR-040/RJ;Sul;Colisão Lateral;1;2;;;;;1
13/06/2013;09:11:00;2072;sem vítima;84;BR-040/RJ;Norte;Choque - Objeto Fixo;1;1;;;;;1
13/06/2013;13:43:00;2108;com vítima;784;BR-040/MG;Sul;Tombamento;1;0;1;;;;1
13/06/2013;15:00:00;2119;sem vítima;101;BR-040/RJ;Norte;Colisão Traseira;1;2;;;;;1
13/06/2013;23:11:00;2186;sem vítima;787;BR-040/MG;Norte;Choque - Objeto Fixo;1;1;;;;;1
14/06/2013;02:10:00;2196;com vítima;119;BR-040/RJ;Norte;Colisão Lateral;1;0;2;;;;1
14/06/2013;06:22:00;2210;sem vítima;123;BR-040/RJ;Sul;Colisão Lateral;1;2;;;;;1
14/06/2013;14:53:00;2282;com vítima;96;BR-040/RJ;Sul;Tombamento;1;0;1;;;;1
14/06/2013;15:12:00;2285;sem vítima;86;BR-040/RJ;Norte;Colisão Lateral;1;2;;;;;1
14/06/2013;17:33:00;2316;sem vítima;816;BR-040/MG;Norte;Colisão Lateral;1;2;;;;;1
15/06/2013;20:49:00;2487;sem vítima;110;BR-040/RJ;Sul;Colisão Lateral;1;2;;;;;1
16/06/2013;10:16:00;2547;sem vítima;120;BR-040/RJ;Sul;Colisão Traseira;1;2;;;;;1
18/06/2013;09:11:00;2866;sem vítima;821;BR-040/MG;Norte;Colisão Traseira;1;2;;;;;1
18/06/2013;09:15:00;2868;sem vítima;123;BR-040/RJ;Sul;Colisão Lateral;1;2;;;;;1
18/06/2013;14:52:00;2927;sem vítima;87;BR-040/RJ;Norte;Colisão Lateral;2;2;;;;;1
19/06/2013;04:04:00;3015;sem vítima;89;BR-040/RJ;Sul;Colisão Lateral;1;2;;;;;1
19/06/2013;07:21:00;3027;sem vítima;79;BR-040/RJ;Norte;Colisão Lateral;1;2;;;;;1
19/06/2013;10:36:00;3053;com vítima;108;BR-040/RJ;Norte;Colisão Traseira;2;1;1;;;;1
19/06/2013;15:49:00;3102;sem vítima;109;BR-040/RJ;Norte;Engavetamento;1;3;;;;;1
20/06/2013;03:46:00;3189;sem vítima;123;BR-040/RJ;Sul;Colisão Lateral;1;2;;;;;1
21/06/2013;12:03:00;3464;sem vítima;110;BR-040/RJ;Norte;Choque - Objeto Fixo;1;2;;;;;1
21/06/2013;13:50:00;3482;com vítima;109;BR-040/RJ;Norte;Atropelamento - Pedestre;1;1;1;1;;;2
21/06/2013;22:09:00;3559;sem vítima;87;BR-040/RJ;Norte;Colisão Lateral;2;2;;;;;1
22/06/2013;13:05:00;3638;sem vítima;81;BR-040/RJ;Sul;Colisão Lateral;1;2;;;;;1
22/06/2013;17:48:00;3675;sem vítima;93;BR-040/RJ;Norte;Colisão Lateral;1;2;;;;;1
22/06/2013;18:57:00;3691;sem vítima;125;BR-040/RJ;Sul;Engavetamento;1;3;;;;;1
24/06/2013;15:45:00;3978;sem vítima;110;BR-040/RJ;Norte;Colisão Traseira;1;2;;;;;1
24/06/2013;19:25:00;4017;com vítima;99;BR-040/RJ;Norte;Tombamento;1;0;1;;;;1
25/06/2013;06:59:00;4052;sem vítima;791;BR-040/MG;Norte;Colisão Lateral;1;2;;;;;1
25/06/2013;08:42:00;4065;sem vítima;119;BR-040/RJ;Sul;Engavetamento;1;3;;;;;1
25/06/2013;16:13:00;4161;sem vítima;45;BR-040/RJ;Norte;Colisão Traseira;1;2;;;;;1
25/06/2013;18:31:00;4188;com vítima;15;BR-040/RJ;Norte;Colisão Traseira;1;0;1;;;1;3
25/06/2013;21:15:00;4205;sem vítima;103;BR-040/RJ;Norte;Engavetamento;1;3;;;;;1
27/06/2013;08:39:00;4437;com vítima;123;BR-040/RJ;Sul;Colisão Traseira;1;2;;1;;;2
27/06/2013;12:53:00;4475;sem vítima;69;BR-040/RJ;Sul;Choque - Objeto Fixo;1;1;;;;;1
27/06/2013;22:41:00;4561;sem vítima;124;BR-040/RJ;Sul;Choque - Objeto Fixo;1;1;;;;;1
28/06/2013;07:38:00;4595;sem vítima;113;BR-040/RJ;Sul;Colisão Lateral;1;2;;;;;1
28/06/2013;17:53:00;4712;com vítima;117;BR-040/RJ;Norte;Engavetamento;1;1;3;;;;1
28/06/2013;19:02:00;4720;sem vítima;110;BR-040/RJ;Norte;Colisão Lateral;1;2;;;;;1
29/06/2013;07:25:00;4787;sem vítima;36;BR-040/RJ;Sul;Colisão Traseira;1;2;;;;;1
02/07/2013;14:27:00;206;com vítima;43;BR-040/RJ;Norte;Tombamento;1;0;1;;;;1
02/07/2013;12:12:00;184;sem vítima;101;BR-040/RJ;Norte;Choque - Objeto Fixo;1;1;;;;;1
02/07/2013;10:55:00;176;com vítima;805;BR-040/MG;Sul;Colisão Lateral;1;2;2;1;;;2
02/07/2013;17:20:00;221;com vítima;805;BR-040/MG;Sul;Colisão Traseira;1;2;1;;;;1
03/07/2013;18:27:00;384;sem vítima;109;BR-040/RJ;Norte;Colisão Traseira;1;2;;;;;1
03/07/2013;04:54:00;266;com vítima;115;BR-040/RJ;Sul;Atropelamento - Pedestre;1;1;1;;;;1
04/07/2013;15:32:00;497;com vítima;30;BR-040/RJ;Norte;Tombamento;1;0;;;;1;3
04/07/2013;14:10:00;486;com vítima;94;BR-040/RJ;Sul;Tombamento;1;0;1;;;;1
04/07/2013;17:50:00;532;sem vítima;109;BR-040/RJ;Norte;Engavetamento;1;3;;;;;1
04/07/2013;10:49:00;466;com vítima;815;BR-040/MG;Sul;Tombamento;1;0;1;;;;1
04/07/2013;07:24:00;440;com vítima;123;BR-040/RJ;Sul;Colisão Traseira;1;1;;;;1;3
04/07/2013;13:25:00;482;sem vítima;124;BR-040/RJ;Norte;Colisão Traseira;1;2;;;;;1
05/07/2013;13:48:00;649;sem vítima;61;BR-040/RJ;Norte;Colisão Lateral;1;2;;;;;1
05/07/2013;16:05:00;679;sem vítima;84;BR-040/RJ;Norte;Colisão Traseira;1;2;;;;;1
05/07/2013;16:44:00;693;sem vítima;109;BR-040/RJ;Norte;Colisão Lateral;1;2;;;;;1
05/07/2013;19:55:00;729;sem vítima;109;BR-040/RJ;Sul;Colisão Lateral;1;2;;;;;1
05/07/2013;17:25:00;706;sem vítima;113;BR-040/RJ;Norte;Colisão Lateral;1;2;;;;;1
05/07/2013;05:34:00;578;sem vítima;803;BR-040/MG;Norte;Colisão Frontal;1;2;;;;;1
08/07/2013;10:15:00;1170;sem vítima;89;BR-040/RJ;Sul;Colisão Traseira;1;2;;;;;1
08/07/2013;18:40:00;1248;sem vítima;113;BR-040/RJ;Norte;Colisão Lateral;1;2;;;;;1
09/07/2013;05:21:00;1298;com vítima;813;BR-040/MG;Sul;Colisão Traseira;2;1;1;;1;;2
09/07/2013;16:18:00;1386;sem vítima;119;BR-040/RJ;Sul;Colisão Traseira;1;2;;;;;1
10/07/2013;09:24:00;1473;sem vítima;89;BR-040/RJ;Sul;Tombamento;1;1;;;;;1
10/07/2013;15:39:00;1523;com vítima;100;BR-040/RJ;Norte;Tombamento;1;0;1;;;;1
10/07/2013;18:25:00;1549;sem vítima;105;BR-040/RJ;Norte;Colisão Lateral;1;2;;;;;1
10/07/2013;10:41:00;1486;sem vítima;123;BR-040/RJ;Sul;Colisão Lateral;1;2;;;;;1
11/07/2013;04:17:00;1584;sem vítima;120;BR-040/RJ;Sul;Colisão Traseira;1;2;;;;;1
12/07/2013;01:54:00;1726;sem vítima;45;BR-040/RJ;Sul;Colisão Traseira;1;2;;;;;1
12/07/2013;16:08:00;1822;sem vítima;110;BR-040/RJ;Norte;Choque - Objeto Fixo;1;1;;;;;1
12/07/2013;18:27:00;1848;sem vítima;110;BR-040/RJ;Norte;Colisão Lateral;1;2;;;;;1
12/07/2013;12:30:00;1789;sem vítima;118;BR-040/RJ;Sul;Colisão Traseira;1;2;;;;;1
12/07/2013;16:04:00;1821;com vítima;813;BR-040/MG;Norte;Colisão Traseira;1;1;;1;2;;2
13/07/2013;14:48:00;2002;sem vítima;92;BR-040/RJ;Norte;Colisão Traseira;1;2;;;;;1
15/07/2013;15:36:00;2307;com vítima;120;BR-040/RJ;Norte;Colisão Traseira;1;12;2;;;;1
15/07/2013;06:58:00;2231;sem vítima;121;BR-040/RJ;Sul;Colisão Traseira;1;2;;;;;1
15/07/2013;08:47:00;2241;sem vítima;123;BR-040/RJ;Sul;Colisão Lateral;1;2;;;;;1
15/07/2013;18:53:00;2333;sem vítima;125;BR-040/RJ;Sul;Colisão Lateral;1;2;;;;;1
16/07/2013;16:50:00;2483;com vítima;101;BR-040/RJ;Norte;Colisão Lateral;1;1;1;;;;1
16/07/2013;09:55:00;2420;sem vítima;118;BR-040/RJ;Norte;Colisão Traseira;1;2;;;;;1
16/07/2013;04:17:00;2383;com vítima;123;BR-040/RJ;Norte;Colisão Frontal;1;1;3;;;;1
16/07/2013;14:05:00;2457;com vítima;123;BR-040/RJ;Norte;Colisão Traseira;1;1;1;;;;1
16/07/2013;15:48:00;2472;sem vítima;123;BR-040/RJ;Norte;Colisão Traseira;1;2;;;;;1
17/07/2013;10:18:00;2572;sem vítima;109;BR-040/RJ;Sul;Colisão Lateral;1;2;;;;;1
17/07/2013;19:15:00;2649;sem vítima;115;BR-040/RJ;Norte;Colisão Traseira;2;2;;;;;1
17/07/2013;06:59:00;2547;sem vítima;123;BR-040/RJ;Sul;Colisão Lateral;1;2;;;;;1
19/07/2013;08:55:00;2913;com vítima;93;BR-040/RJ;Sul;Tombamento;1;0;1;;;;1
19/07/2013;13:49:00;2959;sem vítima;108;BR-040/RJ;Sul;Tombamento;1;1;;;;;1
19/07/2013;19:42:00;3028;sem vítima;120;BR-040/RJ;Norte;Colisão Lateral;1;2;;;;;1
19/07/2013;05:34:00;2891;sem vítima;123;BR-040/RJ;Sul;Engavetamento;1;7;;;;;1
19/07/2013;20:39:00;3042;sem vítima;123;BR-040/RJ;Sul;Colisão Lateral;1;2;;;;;1
20/07/2013;06:42:00;3091;sem vítima;84;BR-040/RJ;Norte;Choque - Objeto Fixo;1;1;;;;;1
20/07/2013;16:47:00;3185;sem vítima;822;BR-040/MG;Norte;Colisão Lateral;1;2;;;;;1
22/07/2013;02:09:00;3403;sem vítima;105;BR-040/RJ;Sul;Choque - Objeto Fixo;1;1;;;;;1
22/07/2013;08:15:00;3435;com vítima;112;BR-040/RJ;Sul;Choque - Objeto Fixo;1;0;1;;;;1
22/07/2013;07:44:00;3427;sem vítima;123;BR-040/RJ;Sul;Colisão Traseira;1;2;;;;;1