data;horario;n_da_ocorrencia;tipo_de_ocorrencia;km;trecho;sentido;tipo_de_acidente;caminhao;ilesos;levemente_feridos;moderadamente_feridos;gravemente_feridos;mortos;3
11/03/2014;09:24:00;1429;sem vítima;125;BR-040/RJ;Sul;Colisão Lateral;1;2;;;;;1
12/03/2014;16:54:00;1668;sem vítima;104;BR-040/RJ;Norte;Colisão Lateral;1;2;;;;;1
13/03/2014;16:21:00;1818;sem vítima;113;BR-040/RJ;Norte;Colisão Traseira;1;2;;;;;1
13/03/2014;11:37:00;1775;sem vítima;124;BR-040/RJ;Sul;Tombamento;1;1;;;;;1
14/03/2014;10:45:00;1921;sem vítima;22;BR-040/RJ;Sul;Colisão Lateral;1;2;;;;;1
14/03/2014;09:27:00;1908;sem vítima;105;BR-040/RJ;Norte;Colisão Lateral;2;2;;;;;1
14/03/2014;17:55:00;2005;sem vítima;123;BR-040/RJ;Norte;Colisão Lateral;1;2;;;;;1
14/03/2014;05:46:00;1887;sem vítima;124;BR-040/RJ;Norte;Colisão Lateral;2;2;;;;;1
15/03/2014;08:33:00;2090;sem vítima;124;BR-040/RJ;Sul;Colisão Lateral;1;2;;;;;1
16/03/2014;05:39:00;2224;sem vítima;124;BR-040/RJ;Sul;Choque - Objeto Fixo;1;2;;;;;1
17/03/2014;12:46:00;2417;sem vítima;109;BR-040/RJ;Sul;Colisão Traseira;1;2;;;;;1
17/03/2014;16:44:00;2448;sem vítima;110;BR-040/RJ;Norte;Choque - Objeto Fixo;1;1;;;;;1
17/03/2014;06:45:00;2381;sem vítima;112;BR-040/RJ;Norte;Choque - Objeto Fixo;1;1;;;;;1
17/03/2014;19:26:00;2465;sem vítima;114;BR-040/RJ;Norte;Colisão Traseira;1;2;;;;;1
18/03/2014;14:32:00;2557;sem vítima;85;BR-040/RJ;Norte;Colisão Lateral;1;2;;;;;1
18/03/2014;11:32:00;2539;sem vítima;110;BR-040/RJ;Norte;Engavetamento;2;4;;;;;1
19/03/2014;02:31:00;2638;sem vítima;40;BR-040/RJ;Sul;Colisão Traseira;2;2;;;;;1
19/03/2014;23:36:00;2774;com vítima;52;BR-040/RJ;Norte;Tombamento;1;0;;;1;;2
19/03/2014;03:27:00;2639;sem vítima;75;BR-040/RJ;Sul;Tombamento;1;2;;;;;1
20/03/2014;05:38:00;2794;sem vítima;91;BR-040/RJ;Norte;Tombamento;1;1;;;;;1
20/03/2014;15:44:00;2864;sem vítima;104;BR-040/RJ;Norte;Colisão Traseira;1;2;;;;;1
20/03/2014;06:14:00;2796;sem vítima;108;BR-040/RJ;Norte;Engavetamento;1;3;;;;;1
20/03/2014;15:13:00;2857;sem vítima;109;BR-040/RJ;Norte;Colisão Traseira;1;2;;;;;1
20/03/2014;06:47:00;2800;sem vítima;123;BR-040/RJ;Sul;Colisão Lateral;1;2;;;;;1
21/03/2014;16:41:00;3035;sem vítima;109;BR-040/RJ;Norte;Colisão Traseira;1;2;;;;;1
21/03/2014;10:40:00;2976;sem vítima;111;BR-040/RJ;Sul;Colisão Traseira;1;2;;;;;1
21/03/2014;13:10:00;2999;sem vítima;118;BR-040/RJ;Norte;Colisão Lateral;1;2;;;;;1
22/03/2014;23:49:00;3237;com vítima;109;BR-040/RJ;Sul;Engavetamento;1;1;;3;;;2
23/03/2014;07:06:00;3257;com vítima;116;BR-040/RJ;Norte;Colisão Traseira;1;1;1;;;;1
24/03/2014;06:55:00;3393;sem vítima;121;BR-040/RJ;Sul;Colisão Lateral;1;2;;;;;1
25/03/2014;23:52:00;3619;com vítima;35;BR-040/RJ;Sul;Choque - Objeto Fixo;1;0;;1;;;2
25/03/2014;18:22:00;3589;com vítima;96;BR-040/RJ;Norte;Tombamento;1;0;1;;;;1
25/03/2014;16:50:00;3577;sem vítima;109;BR-040/RJ;Sul;Colisão Lateral;1;2;;;;;1
25/03/2014;06:05:00;3515;sem vítima;124;BR-040/RJ;Sul;Colisão Traseira;1;2;;;;;1
25/03/2014;10:57:00;3537;sem vítima;124;BR-040/RJ;Sul;Colisão Transversal;1;2;;;;;1
26/03/2014;15:09:00;3695;sem vítima;37;BR-040/RJ;Norte;Choque - Objeto Fixo;1;1;;;;;1
26/03/2014;23:41:00;3758;com vítima;70;BR-040/RJ;Sul;Colisão Traseira;2;1;1;;;;1
26/03/2014;04:01:00;3628;sem vítima;90;BR-040/RJ;Sul;Colisão Traseira;2;2;;;;;1
26/03/2014;05:25:00;3634;com vítima;777;BR-040/MG;Norte;Choque - Objeto Fixo;1;0;1;;;;1
27/03/2014;00:10:00;3763;com vítima;785;BR-040/MG;Sul;Colisão Traseira;2;1;1;;;;1
27/03/2014;09:34:00;3800;com vítima;821;BR-040/MG;Norte;Colisão Traseira;2;1;1;;1;;2
27/03/2014;07:14:00;3780;sem vítima;122;BR-040/RJ;Sul;Colisão Traseira;2;2;;;;;1
28/03/2014;19:00:00;4030;com vítima;33;BR-040/RJ;Norte;Tombamento;1;0;;;;1;3
29/03/2014;14:42:00;4142;com vítima;117;BR-040/RJ;Norte;Colisão Traseira;1;1;;1;;;2
31/03/2014;21:10:00;4453;sem vítima;64;BR-040/RJ;Norte;Choque - Objeto Fixo;1;1;;;;;1
31/03/2014;08:45:00;4353;com vítima;120;BR-040/RJ;Sul;Engavetamento;1;1;2;;;;1
31/03/2014;16:14:00;4404;sem vítima;123;BR-040/RJ;Norte;Colisão Lateral;1;2;;;;;1
31/03/2014;16:40:00;4409;sem vítima;123;BR-040/RJ;Norte;Colisão Lateral;1;2;;;;;1
01/04/2014;20:20:00;124;com vítima;54;BR-040/RJ;Norte;Colisão Traseira;1;0;2;;;;1
01/04/2014;14:20:00;64;com vítima;68;BR-040/RJ;Norte;Capotamento;1;2;;1;1;;2
01/04/2014;23:57:00;138;com vítima;87;BR-040/RJ;Sul;Colisão Traseira;2;1;;;1;1;3
01/04/2014;13:50:00;59;sem vítima;93;BR-040/RJ;Norte;Colisão Lateral;2;2;;;;;1
01/04/2014;21:02:00;128;sem vítima;795;BR-040/MG;Sul;Colisão Lateral;2;2;;;;;1
01/04/2014;20:27:00;125;sem vítima;123;BR-040/RJ;Norte;Colisão Lateral;1;2;;;;;1
02/04/2014;15:48:00;218;sem vítima;75;BR-040/RJ;Norte;Choque - Objeto Fixo;1;1;;;;;1
02/04/2014;19:04:00;248;sem vítima;119;BR-040/RJ;Norte;Colisão Lateral;1;2;;;;;1
02/04/2014;07:08:00;158;sem vítima;121;BR-040/RJ;Sul;Colisão Traseira;2;2;;;;;1
03/04/2014;16:57:00;376;sem vítima;84;BR-040/RJ;Norte;Colisão Lateral;2;2;;;;;1
03/04/2014;13:23:00;341;sem vítima;121;BR-040/RJ;Norte;Choque - Objeto Fixo;1;1;;;;;1
03/04/2014;17:41:00;383;sem vítima;123;BR-040/RJ;Norte;Colisão Transversal;1;2;;;;;1
04/04/2014;16:26:00;513;sem vítima;9;BR-040/RJ;Norte;Colisão Lateral;1;2;;;;;1
04/04/2014;23:44:00;575;sem vítima;53;BR-040/RJ;Sul;Choque - Objeto Fixo;1;1;;;;;1
04/04/2014;04:10:00;437;sem vítima;70;BR-040/RJ;Sul;Choque - Objeto Fixo;1;2;;;;;1
04/04/2014;05:46:00;442;com vítima;86;BR-040/RJ;Norte;Choque - Objeto Fixo;1;0;1;;;;1
04/04/2014;15:49:00;506;sem vítima;104;BR-040/RJ;Norte;Colisão Lateral;1;2;;;;;1
04/04/2014;10:30:00;478;com vítima;110;BR-040/RJ;Sul;Colisão Traseira;2;3;3;;;;1
05/04/2014;16:06:00;684;com vítima;31;BR-040/RJ;Norte;Choque - Objeto Fixo;1;0;;;1;;2
07/04/2014;18:46:00;977;sem vítima;113;BR-040/RJ;Norte;Engavetamento;1;6;;;;;1
07/04/2014;06:33:00;890;sem vítima;123;BR-040/RJ;Sul;Colisão Lateral;1;2;;;;;1
08/04/2014;02:01:00;1013;sem vítima;34;BR-040/RJ;Norte;Atropelamento - Animal;1;1;;;;;1
08/04/2014;11:35:00;1060;com vítima;43;BR-040/RJ;Norte;Choque - Objeto Fixo;1;0;1;;;;1
08/04/2014;19:41:00;1140;sem vítima;45;BR-040/RJ;Norte;Choque - Objeto Fixo;1;1;;;;;1
08/04/2014;15:24:00;1091;sem vítima;89;BR-040/RJ;Sul;Engavetamento;2;4;;;;;1
08/04/2014;12:08:00;1063;sem vítima;90;BR-040/RJ;Sul;Choque - Objeto Fixo;1;1;;;;;1
08/04/2014;21:28:00;1153;com vítima;815;BR-040/MG;Norte;Tombamento;1;0;1;;;;1
09/04/2014;13:06:00;1220;com vítima;110;BR-040/RJ;Norte;Colisão Traseira;1;1;1;;;;1
10/04/2014;04:28:00;1341;com vítima;115;BR-040/RJ;Sul;Colisão Traseira;1;1;2;;;1;3
10/04/2014;16:53:00;1445;sem vítima;116;BR-040/RJ;Sul;Colisão Traseira;1;2;;;;;1
10/04/2014;13:29:00;1407;com vítima;124;BR-040/RJ;Sul;Colisão Lateral;1;1;1;;;;1
10/04/2014;13:48:00;1409;sem vítima;124;BR-040/RJ;Sul;Colisão Lateral;1;2;;;;;1
10/04/2014;14:30:00;1418;sem vítima;124;BR-040/RJ;Sul;Colisão Traseira;1;2;;;;;1
10/04/2014;14:45:00;1429;sem vítima;124;BR-040/RJ;Sul;Colisão Lateral;1;2;;;;;1
11/04/2014;19:34:00;1630;sem vítima;114;BR-040/RJ;Norte;Colisão Lateral;1;2;;;;;1
11/04/2014;08:18:00;1528;sem vítima;828;BR-040/MG;Sul;Choque - Objeto Fixo;1;1;;;;;1
11/04/2014;16:10:00;1601;com vítima;828;BR-040/MG;Norte;Tombamento;1;0;;1;;;2
11/04/2014;06:46:00;1518;sem vítima;124;BR-040/RJ;Sul;Colisão Lateral;1;2;;;;;1
12/04/2014;12:30:00;1727;sem vítima;111;BR-040/RJ;Norte;Engavetamento;1;5;;;;;1
14/04/2014;03:14:00;1979;com vítima;53;BR-040/RJ;Sul;Colisão Traseira;1;3;2;;;;1
14/04/2014;13:23:00;2037;sem vítima;85;BR-040/RJ;Norte;Choque - Objeto Fixo;1;1;;;;;1
14/04/2014;18:16:00;2072;com vítima;110;BR-040/RJ;Sul;Colisão Traseira;1;1;1;;;;1
14/04/2014;10:55:00;2021;com vítima;119;BR-040/RJ;Norte;Engavetamento;1;2;2;;;;1
14/04/2014;18:30:00;2078;sem vítima;119;BR-040/RJ;Norte;Colisão Lateral;1;2;;;;;1
14/04/2014;20:32:00;2087;sem vítima;119;BR-040/RJ;Sul;Colisão Traseira;1;2;;;;;1
14/04/2014;06:26:00;1990;com vítima;120;BR-040/RJ;Sul;Tombamento;1;1;1;;;;1
16/04/2014;19:15:00;2386;sem vítima;97;BR-040/RJ;Sul;Colisão Traseira;1;2;;;;;1
16/04/2014;15:14:00;2338;sem vítima;101;BR-040/RJ;Sul;Colisão Lateral;1;3;;;;;1
16/04/2014;10:21:00;2297;sem vítima;123;BR-040/RJ;Sul;Choque - Objeto Fixo;1;2;;;;;1
17/04/2014;12:26:00;2497;sem vítima;95;BR-040/RJ;Sul;Colisão Traseira;1;2;;;;;1
17/04/2014;19:43:00;2585;sem vítima;113;BR-040/RJ;Sul;Colisão Lateral;1;2;;;;;1
19/04/2014;09:59:00;2854;com vítima;109;BR-040/RJ;Sul;Engavetamento;1;2;;1;;;2
19/04/2014;22:45:00;2958;com vítima;123;BR-040/RJ;Sul;Colisão Lateral;1;1;1;;;;1
19/04/2014;23:36:00;2961;sem vítima;123;BR-040/RJ;Sul;Engavetamento;1;4;;;;;1
21/04/2014;13:11:00;3199;com vítima;116;BR-040/RJ;Sul;Choque - Objeto Fixo;1;1;3;;;;1
22/04/2014;05:07:00;3335;com vítima;58;BR-040/RJ;Sul;Choque - Objeto Fixo;1;1;;1;;;2
22/04/2014;08:06:00;3351;com vítima;110;BR-040/RJ;Norte;Colisão Traseira;1;0;1;;1;1;3
22/04/2014;22:30:00;3469;com vítima;110;BR-040/RJ;Norte;Colisão Traseira;1;1;1;;;;1
22/04/2014;16:51:00;3430;com vítima;787;BR-040/MG;Norte;Colisão Lateral;1;1;5;;;;1
22/04/2014;10:23:00;3363;com vítima;118;BR-040/RJ;Norte;Choque - Objeto Fixo;1;0;3;;;;1
23/04/2014;04:54:00;3481;sem vítima;96;BR-040/RJ;Norte;Choque - Objeto Fixo;1;1;;;;;1
24/04/2014;00:16:00;3589;sem vítima;113;BR-040/RJ;Sul;Colisão Lateral;2;2;;;;;1
24/04/2014;07:01:00;3606;com vítima;117;BR-040/RJ;Sul;Colisão Lateral;1;1;;1;;;2
24/04/2014;11:41:00;3635;sem vítima;124;BR-040/RJ;Norte;Colisão Traseira;1;2;;;;;1
25/04/2014;10:25:00;3776;sem vítima;45;BR-040/RJ;Sul;Colisão Traseira;1;2;;;;;1
25/04/2014;12:35:00;3782;sem vítima;120;BR-040/RJ;Norte;Colisão Lateral;1;2;;;;;1
26/04/2014;07:25:00;3903;sem vítima;111;BR-040/RJ;Norte;Colisão Traseira;1;2;;;;;1
26/04/2014;22:07:00;4017;com vítima;114;BR-040/RJ;Norte;Colisão Traseira;1;1;2;;;;1
28/04/2014;07:41:00;4185;com vítima;31;BR-040/RJ;Norte;Tombamento;1;0;;;;1;3
28/04/2014;16:15:00;4250;com vítima;31;BR-040/RJ;Norte;Engavetamento;2;1;1;1;;;2
28/04/2014;22:08:00;4288;com vítima;828;BR-040/MG;Norte;Tombamento;1;0;1;;;;1
29/04/2014;22:46:00;4431;sem vítima;823;BR-040/MG;Sul;Colisão Lateral;2;2;;;;;1
29/04/2014;07:30:00;4320;com vítima;122;BR-040/RJ;Sul;Colisão Traseira;1;1;1;;;;1
30/04/2014;06:49:00;4463;sem vítima;802;BR-040/MG;Norte;Colisão Lateral;1;2;;;;;1
30/04/2014;10:25:00;4485;com vítima;119;BR-040/RJ;Sul;Engavetamento;1;2;;1;;;2
30/04/2014;11:27:00;4491;sem vítima;123;BR-040/RJ;Sul;Colisão Lateral;1;2;;;;;1
30/04/2014;12:12:00;4496;sem vítima;123;BR-040/RJ;Sul;Colisão Lateral;1;2;;;;;1
01/05/2014;18:55:00;137;sem vítima;122;BR-040/RJ;Norte;Colisão Traseira;1;2;;;;;1
02/05/2014;17:52:00;269;sem vítima;45;BR-040/RJ;Norte;Colisão Traseira;1;2;;;;;1
02/05/2014;20:28:00;296;com vítima;116;BR-040/RJ;Norte;Colisão Traseira;1;1;;2;;;2
03/05/2014;03:32:00;338;sem vítima;97;BR-040/RJ;Sul;Choque - Objeto Fixo;1;1;;;;;1
03/05/2014;12:27:00;400;sem vítima;114;BR-040/RJ;Sul;Colisão Lateral;1;2;;;;;1
04/05/2014;20:30:00;607;sem vítima;119;BR-040/RJ;Sul;Colisão Traseira;1;2;;;;;1
05/05/2014;04:54:00;638;sem vítima;34;BR-040/RJ;Norte;Choque - Objeto Fixo;1;1;;;;;1
05/05/2014;12:58:00;693;sem vítima;104;BR-040/RJ;Sul;Colisão Lateral;1;2;;;;;1
05/05/2014;19:08:00;739;sem vítima;108;BR-040/RJ;Sul;Colisão Lateral;1;2;;;;;1
05/05/2014;21:19:00;755;com vítima;821;BR-040/MG;Norte;Colisão Traseira;1;0;4;;;;1
05/05/2014;09:19:00;662;sem vítima;121;BR-040/RJ;Sul;Colisão Traseira;1;2;;;;;1
06/05/2014;11:21:00;810;com vítima;109;BR-040/RJ;Norte;Colisão Lateral;1;1;1;;;;1
06/05/2014;07:36:00;795;sem vítima;122;BR-040/RJ;Sul;Colisão Traseira;1;2;;;;;1
06/05/2014;17:12:00;852;sem vítima;124;BR-040/RJ;Sul;Colisão Lateral;1;2;;;;;1
07/05/2014;15:46:00;984;com vítima;93;BR-040/RJ;Sul;Tombamento;1;0;;1;;;2
07/05/2014;00:33:00;906;com vítima;108;BR-040/RJ;Norte;Tombamento;1;0;1;;;;1
07/05/2014;05:33:00;917;com vítima;113;BR-040/RJ;Sul;Colisão Lateral;1;1;1;;;;1
07/05/2014;14:04:00;968;sem vítima;124;BR-040/RJ;Norte;Colisão Traseira;1;2;;;;;1
07/05/2014;14:52:00;974;sem vítima;124;BR-040/RJ;Norte;Colisão Traseira;1;2;;;;;1
08/05/2014;16:31:00;1161;sem vítima;112;BR-040/RJ;Norte;Colisão Lateral;1;2;;;;;1
08/05/2014;14:26:00;1142;com vítima;777;BR-040/MG;Norte;Choque - Objeto Fixo;1;0;;;;1;3
08/05/2014;14:07:00;1138;com vítima;118;BR-040/RJ;Norte;Colisão Traseira;1;1;2;;;;1
08/05/2014;12:14:00;1122;com vítima;122;BR-040/RJ;Norte;Colisão Frontal;1;1;;1;;;2
09/05/2014;21:32:00;1366;sem vítima;81;BR-040/RJ;Sul;Engavetamento;3;4;;;;;1
09/05/2014;10:17:00;1271;com vítima;105;BR-040/RJ;Norte;Engavetamento;1;2;1;;;;1
09/05/2014;13:41:00;1294;sem vítima;111;BR-040/RJ;Sul;Colisão Traseira;1;2;;;;;1
09/05/2014;07:37:00;1251;sem vítima;123;BR-040/RJ;Sul;Colisão Lateral;1;2;;;;;1
10/05/2014;08:36:00;1422;sem vítima;92;BR-040/RJ;Sul;Colisão Lateral;1;2;;;;;1
11/05/2014;16:33:00;1627;sem vítima;115;BR-040/RJ;Sul;Colisão Traseira;1;2;;;;;1
12/05/2014;00:47:00;1694;com vítima;70;BR-040/RJ;Sul;Tombamento;1;0;1;;;;1
12/05/2014;11:26:00;1749;sem vítima;99;BR-040/RJ;Sul;Choque - Objeto Fixo;1;1;;;;;1
12/05/2014;17:17:00;1800;sem vítima;104;BR-040/RJ;Norte;Colisão Lateral;1;2;;;;;1
12/05/2014;19:35:00;1818;com vítima;108;BR-040/RJ;Norte;Tombamento;1;0;1;;;;1
12/05/2014;15:57:00;1785;sem vítima;109;BR-040/RJ;Norte;Colisão Lateral;1;2;;;;;1
12/05/2014;07:11:00;1724;sem vítima;123;BR-040/RJ;Sul;Colisão Lateral;1;2;;;;;1
13/05/2014;07:40:00;1881;sem vítima;86;BR-040/RJ;Sul;Choque - Objeto Fixo;1;1;;;;;1
13/05/2014;04:16:00;1865;com vítima;816;BR-040/MG;Norte;Tombamento;1;0;1;;;;1
14/05/2014;02:44:00;2020;com vítima;72;BR-040/RJ;Sul;Atropelamento - Pedestre;2;1;;;1;1;3
14/05/2014;08:52:00;2047;com vítima;80;BR-040/RJ;Sul;Tombamento;1;0;1;;;;1
14/05/2014;18:31:00;2142;sem vítima;121;BR-040/RJ;Sul;Colisão Lateral;1;2;;;;;1
14/05/2014;20:22:00;2156;sem vítima;121;BR-040/RJ;Sul;Colisão Traseira;1;2;;;;;1
14/05/2014;07:34:00;2040;sem vítima;123;BR-040/RJ;Sul;Colisão Lateral;1;2;;;;;1
14/05/2014;09:10:00;2050;sem vítima;123;BR-040/RJ;Sul;Colisão Lateral;1;2;;;;;1
14/05/2014;17:13:00;2123;sem vítima;124;BR-040/RJ;Sul;Colisão Lateral;1;2;;;;;1
15/05/2014;14:57:00;2253;sem vítima;81;BR-040/RJ;Norte;Colisão Lateral;2;3;;;;;1
15/05/2014;17:03:00;2280;sem vítima;87;BR-040/RJ;Sul;Choque - Objeto Fixo;1;1;;;;;1
15/05/2014;04:42:00;2184;sem vítima;110;BR-040/RJ;Norte;Colisão Lateral;2;2;;;;;1
16/05/2014;17:51:00;2458;com vítima;25;BR-040/RJ;Norte;Colisão Traseira;1;1;2;1;;;2
16/05/2014;06:08:00;2357;sem vítima;84;BR-040/RJ;Norte;Choque - Objeto Fixo;1;1;;;;;1
16/05/2014;16:57:00;2447;com vítima;804;BR-040/MG;Norte;Colisão Traseira;1;1;1;;;;1
17/05/2014;06:00:00;2515;com vítima;80;BR-040/RJ;Norte;Tombamento;1;0;1;;;;1
17/05/2014;05:52:00;2514;sem vítima;118;BR-040/RJ;Sul;Colisão Traseira;1;2;;;;;1
18/05/2014;21:00:00;2742;com vítima;74;BR-040/RJ;Sul;Colisão Traseira;1;0;1;;1;;2
19/05/2014;09:27:00;2799;com vítima;111;BR-040/RJ;Sul;Colisão Lateral;1;1;1;;;;1
20/05/2014;00:53:00;2902;sem vítima;11;BR-040/RJ;Sul;Choque - Objeto Fixo;1;1;;;;;1
20/05/2014;07:15:00;2924;com vítima;13;BR-040/RJ;Norte;Choque - Objeto Fixo;1;0;1;;;;1
20/05/2014;16:05:00;2984;sem vítima;84;BR-040/RJ;Sul;Colisão Traseira;1;2;;;;;1
20/05/2014;15:47:00;2981;com vítima;85;BR-040/RJ;Sul;Engavetamento;2;2;2;1;;1;3
20/05/2014;15:13:00;2977;sem vítima;827;BR-040/MG;Norte;Choque - Objeto Fixo;1;1;;;;;1
22/05/2014;05:27:00;3180;com vítima;21;BR-040/RJ;Norte;Tombamento;1;1;1;;;;1
22/05/2014;18:13:00;3285;sem vítima;109;BR-040/RJ;Norte;Colisão Lateral;1;2;;;;;1
23/05/2014;13:48:00;3413;sem vítima;34;BR-040/RJ;Sul;Colisão Lateral;2;2;;;;;1
23/05/2014;00:17:00;3338;com vítima;68;BR-040/RJ;Sul;Choque - Objeto Fixo;1;1;1;;;;1
23/05/2014;13:14:00;3411;com vítima;96;BR-040/RJ;Norte;Tombamento;1;0;1;;;;1
23/05/2014;15:29:00;3427;sem vítima;96;BR-040/RJ;Norte;Colisão Lateral;2;2;;;;;1
24/05/2014;21:50:00;3628;sem vítima;97;BR-040/RJ;Sul;Tombamento;1;1;;;;;1
25/05/2014;23:33:00;3768;com vítima;104;BR-040/RJ;Sul;Colisão Traseira;1;0;4;;;;1
26/05/2014;08:16:00;3809;sem vítima;21;BR-040/RJ;Norte;Colisão Traseira;1;2;;;;;1
26/05/2014;18:09:00;3899;sem vítima;104;BR-040/RJ;Sul;Colisão Traseira;1;2;;;;;1
26/05/2014;09:02:00;3815;sem vítima;119;BR-040/RJ;Sul;Colisão Traseira;1;2;;;;;1
27/05/2014;10:39:00;3979;sem vítima;124;BR-040/RJ;Norte;Colisão Lateral;2;2;;;;;1
28/05/2014;17:31:00;4179;sem vítima;110;BR-040/RJ;Sul;Colisão Lateral;1;2;;;;;1
28/05/2014;17:58:00;4186;sem vítima;110;BR-040/RJ;Sul;Engavetamento;1;3;;;;;1
28/05/2014;18:12:00;4187;sem vítima;110;BR-040/RJ;Sul;Colisão Traseira;1;2;;;;;1
28/05/2014;07:21:00;4102;sem vítima;123;BR-040/RJ;Sul;Colisão Lateral;1;2;;;;;1
29/05/2014;09:50:00;4258;sem vítima;22;BR-040/RJ;Sul;Choque - Objeto Fixo;2;2;;;;;1
29/05/2014;10:50:00;4261;com vítima;105;BR-040/RJ;Norte;Atropelamento - Pedestre;1;1;1;;;;1
29/05/2014;06:53:00;4234;sem vítima;121;BR-040/RJ;Sul;Colisão Lateral;1;2;;;;;1
30/05/2014;16:30:00;4451;sem vítima;87;BR-040/RJ;Sul;Choque - Objeto Fixo;1;1;;;;;1
30/05/2014;15:53:00;4444;com vítima;98;BR-040/RJ;Sul;Colisão Lateral;1;1;2;;;;1
30/05/2014;06:01:00;4380;sem vítima;115;BR-040/RJ;Norte;Colisão Traseira;1;2;;;;;1
30/05/2014;15:22:00;4435;sem vítima;119;BR-040/RJ;Sul;Colisão Lateral;1;2;;;;;1
31/05/2014;04:28:00;4532;sem vítima;91;BR-040/RJ;Norte;Tombamento;1;1;;;;;1
31/05/2014;08:31:00;4562;sem vítima;123;BR-040/RJ;Sul;Colisão Lateral;2;3;;;;;1
01/06/2014;18:27:00;100;sem vítima;82;BR-040/RJ;Sul;Colisão Traseira;1;2;;;;;1
02/06/2014;07:53:00;154;com vítima;25;BR-040/RJ;Sul;Tombamento;1;1;1;;;;1
02/06/2014;07:43:00;153;sem vítima;123;BR-040/RJ;Sul;Colisão Lateral;1;2;;;;;1
03/06/2014;18:00:00;383;sem vítima;64;BR-040/RJ;Norte;Colisão Lateral;1;2;;;;;1
03/06/2014;15:42:00;363;com vítima;94;BR-040/RJ;Sul;Tombamento;1;0;3;;;;1
03/06/2014;18:06:00;381;com vítima;94;BR-040/RJ;Sul;Engavetamento;3;0;2;5;;;2
03/06/2014;16:56:00;371;sem vítima;114;BR-040/RJ;Sul;Colisão Traseira;1;2;;;;;1
03/06/2014;04:55:00;276;com vítima;121;BR-040/RJ;Sul;Colisão Traseira;1;1;1;1;;;2
03/06/2014;05:48:00;284;sem vítima;122;BR-040/RJ;Sul;Colisão Lateral;1;2;;;;;1
03/06/2014;12:51:00;337;com vítima;124;BR-040/RJ;Norte;Atropelamento - Pedestre;1;1;;1;;;2
04/06/2014;00:22:00;413;com vítima;43;BR-040/RJ;Norte;Tombamento;1;0;1;;;;1
04/06/2014;19:33:00;527;sem vítima;108;BR-040/RJ;Sul;Capotamento;1;2;;;;;1
04/06/2014;15:36:00;492;com vítima;115;BR-040/RJ;Sul;Colisão Traseira;1;1;2;;;;1
04/06/2014;06:00:00;432;sem vítima;813;BR-040/MG;Sul;Colisão Lateral;2;2;;;;;1
04/06/2014;17:00:00;506;sem vítima;124;BR-040/RJ;Norte;Colisão Traseira;1;2;;;;;1
05/06/2014;16:35:00;655;sem vítima;97;BR-040/RJ;Norte;Colisão Lateral;1;2;;;;;1
05/06/2014;14:36:00;639;sem vítima;801;BR-040/MG;Norte;Colisão Lateral;1;2;;;;;1
06/06/2014;12:57:00;775;sem vítima;108;BR-040/RJ;Sul;Colisão Lateral;1;2;;;;;1
07/06/2014;17:45:00;976;sem vítima;86;BR-040/RJ;Sul;Colisão Traseira;1;2;;;;;1
07/06/2014;15:46:00;963;com vítima;93;BR-040/RJ;Sul;Tombamento;1;0;;1;;;2
07/06/2014;05:14:00;888;com vítima;113;BR-040/RJ;Sul;Engavetamento;1;2;1;1;1;;2
09/06/2014;07:30:00;1195;sem vítima;799;BR-040/MG;Norte;Colisão Lateral;1;2;;;;;1
09/06/2014;07:48:00;1197;com vítima;118;BR-040/RJ;Sul;Colisão Traseira;1;1;1;;;;1
10/06/2014;06:16:00;1340;com vítima;84;BR-040/RJ;Sul;Choque - Objeto Fixo;1;0;1;;;;1
10/06/2014;17:52:00;1423;sem vítima;110;BR-040/RJ;Norte;Colisão Traseira;1;2;;;;;1
10/06/2014;07:28:00;1344;com vítima;111;BR-040/RJ;Sul;Colisão Traseira;1;6;8;;;;1
10/06/2014;08:20:00;1350;sem vítima;773;BR-040/MG;Norte;Tombamento;1;1;;;;;1
10/06/2014;06:55:00;1343;sem vítima;120;BR-040/RJ;Sul;Colisão Traseira;1;2;;;;;1
10/06/2014;10:05:00;1361;sem vítima;122;BR-040/RJ;Sul;Colisão Traseira;2;2;;;;;1
11/06/2014;21:43:00;1600;com vítima;793;BR-040/MG;Norte;Colisão Traseira;1;1;1;;;;1
11/06/2014;16:08:00;1561;sem vítima;123;BR-040/RJ;Norte;Colisão Traseira;1;2;;;;;1
12/06/2014;12:36:00;1697;sem vítima;92;BR-040/RJ;Norte;Colisão Traseira;1;2;;;;;1
12/06/2014;22:05:00;1752;com vítima;99;BR-040/RJ;Norte;Tombamento;1;0;;1;;;2
12/06/2014;12:58:00;1695;sem vítima;119;BR-040/RJ;Norte;Colisão Lateral;1;2;;;;;1
12/06/2014;11:16:00;1686;com vítima;123;BR-040/RJ;Norte;Colisão Traseira;1;1;1;;;;1
12/06/2014;12:24:00;1691;sem vítima;125;BR-040/RJ;Sul;Colisão Lateral;1;2;;;;;1
14/06/2014;14:30:00;1995;sem vítima;98;BR-040/RJ;Norte;Colisão Lateral;1;2;;;;;1
14/06/2014;15:41:00;2007;com vítima;107;BR-040/RJ;Sul;Atropelamento - Pedestre;1;0;1;;;1;3