data;horario;n_da_ocorrencia;tipo_de_ocorrencia;km;trecho;sentido;tipo_de_acidente;caminhao;ilesos;levemente_feridos;moderadamente_feridos;gravemente_feridos;mortos;3
15/06/2014;14:44:00;2151;sem vítima;108;BR-040/RJ;Norte;Colisão Lateral;1;2;;;;;1
16/06/2014;01:27:00;2227;com vítima;90;BR-040/RJ;Sul;Tombamento;1;0;1;;;;1
16/06/2014;15:30:00;2330;com vítima;96;BR-040/RJ;Sul;Engavetamento;2;11;;1;;;2
16/06/2014;06:16:00;2253;com vítima;120;BR-040/RJ;Sul;Colisão Traseira;1;1;;2;;;2
16/06/2014;10:50:00;2289;com vítima;120;BR-040/RJ;Sul;Engavetamento;1;4;1;;;;1
17/06/2014;07:48:00;2424;com vítima;93;BR-040/RJ;Sul;Choque - Objeto Fixo;1;0;;1;;;2
18/06/2014;08:45:00;2572;sem vítima;78;BR-040/RJ;Sul;Colisão Lateral;1;2;;;;;1
18/06/2014;07:34:00;2564;com vítima;108;BR-040/RJ;Norte;Colisão Lateral;1;1;1;;;;1
18/06/2014;12:38:00;2598;sem vítima;121;BR-040/RJ;Norte;Colisão Lateral;1;2;;;;;1
20/06/2014;04:18:00;2852;sem vítima;40;BR-040/RJ;Sul;Choque - Objeto Fixo;1;1;;;;;1
20/06/2014;15:08:00;2927;sem vítima;78;BR-040/RJ;Sul;Derrapagem;1;1;;;;;1
20/06/2014;07:56:00;2875;sem vítima;93;BR-040/RJ;Norte;Engavetamento;1;3;;;;;1
21/06/2014;03:46:00;3011;sem vítima;111;BR-040/RJ;Sul;Colisão Traseira;1;2;;;;;1
22/06/2014;22:05:00;3280;sem vítima;94;BR-040/RJ;Sul;Choque - Objeto Fixo;1;1;;;;;1
23/06/2014;14:33:00;3371;sem vítima;97;BR-040/RJ;Norte;Choque - Objeto Fixo;1;1;;;;;1
25/06/2014;06:57:00;3600;com vítima;38;BR-040/RJ;Norte;Tombamento;1;0;;;1;;2
26/06/2014;10:02:00;3747;com vítima;100;BR-040/RJ;Norte;Tombamento;1;0;1;;;;1
26/06/2014;10:52:00;3752;sem vítima;122;BR-040/RJ;Sul;Colisão Traseira;1;2;;;;;1
26/06/2014;13:25:00;3773;sem vítima;122;BR-040/RJ;Sul;Colisão Lateral;1;2;;;;;1
26/06/2014;06:57:00;3725;sem vítima;123;BR-040/RJ;Sul;Colisão Lateral;1;2;;;;;1
27/06/2014;12:24:00;3908;sem vítima;25;BR-040/RJ;Norte;Engavetamento;1;3;;;;;1
27/06/2014;17:31:00;3969;com vítima;45;BR-040/RJ;Sul;Colisão Traseira;1;0;6;;;;1
27/06/2014;02:07:00;3853;com vítima;85;BR-040/RJ;Sul;Tombamento;1;0;;2;;;2
28/06/2014;18:53:00;4139;com vítima;118;BR-040/RJ;Sul;Tombamento;1;0;4;;;;1
29/06/2014;18:14:00;4244;sem vítima;122;BR-040/RJ;Norte;Colisão Lateral;1;2;;;;;1
30/06/2014;06:45:00;4306;com vítima;79;BR-040/RJ;Sul;Tombamento;1;0;;;1;;2
30/06/2014;10:23:00;4334;com vítima;104;BR-040/RJ;Sul;Colisão Traseira;1;1;1;;;;1
30/06/2014;06:44:00;4305;sem vítima;123;BR-040/RJ;Sul;Colisão Lateral;1;2;;;;;1
01/07/2014;14:15:00;79;sem vítima;102;BR-040/RJ;Norte;Colisão Lateral;2;2;;;;;1
01/07/2014;10:35:00;45;sem vítima;113;BR-040/RJ;Sul;Derrapagem;1;1;;;;;1
02/07/2014;13:18:00;220;sem vítima;80;BR-040/RJ;Norte;Colisão Lateral;1;2;;;;;1
03/07/2014;17:18:00;412;com vítima;803;BR-040/MG;Norte;Colisão Traseira;1;1;4;;;;1
03/07/2014;17:00:00;408;sem vítima;121;BR-040/RJ;Sul;Colisão Traseira;1;2;;;;;1
03/07/2014;07:50:00;336;com vítima;123;BR-040/RJ;Norte;Colisão Lateral;1;1;1;;;;1
07/07/2014;04:45:00;914;sem vítima;72;BR-040/RJ;Norte;Choque - Objeto Fixo;1;1;;;;;1
07/07/2014;16:55:00;1014;sem vítima;108;BR-040/RJ;Norte;Colisão Lateral;1;3;;;;;1
07/07/2014;06:09:00;926;com vítima;783;BR-040/MG;Sul;Colisão Traseira;1;0;3;;;;1
07/07/2014;08:39:00;945;sem vítima;783;BR-040/MG;Sul;Colisão Transversal;2;2;;;;;1
07/07/2014;05:26:00;922;sem vítima;123;BR-040/RJ;Sul;Colisão Traseira;1;2;;;;;1
08/07/2014;21:32:00;1187;com vítima;73;BR-040/RJ;Sul;Derrapagem;1;1;1;;;;1
08/07/2014;19:41:00;1172;sem vítima;106;BR-040/RJ;Norte;Colisão Traseira;1;2;;;;;1
09/07/2014;18:46:00;1308;sem vítima;82;BR-040/RJ;Norte;Colisão Lateral;1;2;;;;;1
10/07/2014;07:40:00;1375;com vítima;25;BR-040/RJ;Sul;Tombamento;1;0;1;;;;1
11/07/2014;04:42:00;1510;com vítima;97;BR-040/RJ;Sul;Tombamento;1;0;1;;;;1
11/07/2014;12:43:00;1559;sem vítima;101;BR-040/RJ;Sul;Colisão Lateral;1;2;;;;;1
11/07/2014;15:04:00;1578;com vítima;817;BR-040/MG;Sul;Colisão Lateral;1;0;2;2;;;2
11/07/2014;16:34:00;1595;sem vítima;122;BR-040/RJ;Norte;Colisão Lateral;1;2;;;;;1
12/07/2014;10:43:00;1699;com vítima;115;BR-040/RJ;Norte;Engavetamento;1;2;1;;1;;2
14/07/2014;18:08:00;2016;sem vítima;78;BR-040/RJ;Sul;Colisão Lateral;1;2;;;;;1
14/07/2014;07:58:00;1942;com vítima;122;BR-040/RJ;Sul;Engavetamento;1;0;6;;;;1
15/07/2014;13:24:00;2132;sem vítima;104;BR-040/RJ;Sul;Colisão Traseira;1;2;;;;;1
15/07/2014;19:49:00;2187;sem vítima;119;BR-040/RJ;Norte;Colisão Lateral;1;2;;;;;1
16/07/2014;15:05:00;2316;sem vítima;88;BR-040/RJ;Norte;Colisão Lateral;1;2;;;;;1
17/07/2014;19:41:00;2497;com vítima;17;BR-040/RJ;Norte;Colisão Lateral;1;1;2;;;;1
18/07/2014;17:21:00;2634;sem vítima;31;BR-040/RJ;Norte;Tombamento;1;1;;;;;1
18/07/2014;19:31:00;2658;sem vítima;39;BR-040/RJ;Norte;Choque - Objeto Fixo;1;1;;;;;1
18/07/2014;14:21:00;2593;sem vítima;109;BR-040/RJ;Sul;Colisão Lateral;1;2;;;;;1
18/07/2014;08:40:00;2554;sem vítima;124;BR-040/RJ;Sul;Colisão Lateral;1;2;;;;;1
19/07/2014;14:29:00;2781;sem vítima;72;BR-040/RJ;Norte;Engavetamento;1;3;;;;;1
19/07/2014;09:14:00;2739;sem vítima;120;BR-040/RJ;Norte;Choque - Objeto Fixo;1;1;;;;;1
20/07/2014;18:29:00;2932;com vítima;122;BR-040/RJ;Sul;Colisão Traseira;1;2;1;;;;1
21/07/2014;20:23:00;3108;sem vítima;102;BR-040/RJ;Norte;Colisão Traseira;1;2;;;;;1
21/07/2014;19:12:00;3099;sem vítima;110;BR-040/RJ;Norte;Colisão Lateral;1;2;;;;;1
21/07/2014;05:05:00;2988;com vítima;121;BR-040/RJ;Sul;Engavetamento;1;2;3;3;;;2
22/07/2014;06:48:00;3161;com vítima;52;BR-040/RJ;Sul;Colisão Traseira;1;1;;1;;;2
23/07/2014;21:45:00;3387;com vítima;113;BR-040/RJ;Sul;Colisão Traseira;1;1;1;1;;;2
24/07/2014;19:01:00;3525;sem vítima;115;BR-040/RJ;Norte;Engavetamento;1;4;;;;;1
24/07/2014;14:11:00;3483;sem vítima;123;BR-040/RJ;Norte;Colisão Lateral;1;2;;;;;1
25/07/2014;05:44:00;3590;sem vítima;102;BR-040/RJ;Sul;Engavetamento;1;3;;;;;1
25/07/2014;03:22:00;3577;com vítima;781;BR-040/MG;Sul;Derrapagem;1;0;1;;;;1
26/07/2014;05:50:00;3747;sem vítima;119;BR-040/RJ;Norte;Engavetamento;1;3;;;;;1
27/07/2014;02:00:00;3893;com vítima;122;BR-040/RJ;Sul;Tombamento;1;2;;2;;;2
28/07/2014;05:35:00;4047;sem vítima;120;BR-040/RJ;Sul;Colisão Lateral;1;2;;;;;1
29/07/2014;08:20:00;4218;sem vítima;105;BR-040/RJ;Norte;Colisão Lateral;1;2;;;;;1
30/07/2014;14:18:00;4408;com vítima;51;BR-040/RJ;Sul;Tombamento;1;0;1;;;;1
30/07/2014;13:34:00;4402;sem vítima;101;BR-040/RJ;Norte;Colisão Lateral;1;2;;;;;1
30/07/2014;04:26:00;4349;sem vítima;825;BR-040/MG;Norte;Colisão Traseira;1;2;;;;;1
31/07/2014;05:05:00;4497;sem vítima;81;BR-040/RJ;Sul;Choque - Objeto Fixo;1;1;;;;;1
31/07/2014;15:21:00;4559;sem vítima;110;BR-040/RJ;Norte;Engavetamento;2;3;;;;;1
31/07/2014;04:21:00;4494;com vítima;780;BR-040/MG;Sul;Tombamento;1;0;;;;1;3
01/08/2014;18:01:00;101;com vítima;89;BR-040/RJ;Sul;Colisão Traseira;2;1;;2;;;2
01/08/2014;19:29:00;119;sem vítima;105;BR-040/RJ;Norte;Colisão Lateral;1;2;;;;;1
01/08/2014;14:37:00;70;sem vítima;109;BR-040/RJ;Norte;Colisão Lateral;1;2;;;;;1
01/08/2014;15:03:00;75;sem vítima;121;BR-040/RJ;Norte;Colisão Traseira;1;2;;;;;1
01/08/2014;16:27:00;86;sem vítima;124;BR-040/RJ;Norte;Colisão Lateral;1;2;;;;;1
02/08/2014;01:44:00;161;com vítima;34;BR-040/RJ;Norte;Tombamento;1;0;;1;;;2
02/08/2014;18:21:00;272;com vítima;43;BR-040/RJ;Norte;Tombamento;1;0;2;;;;1
04/08/2014;08:22:00;496;sem vítima;84;BR-040/RJ;Sul;Choque - Objeto Fixo;1;1;;;;;1
04/08/2014;20:56:00;586;com vítima;101;BR-040/RJ;Norte;Tombamento;1;0;1;;;;1
05/08/2014;04:29:00;620;com vítima;39;BR-040/RJ;Sul;Colisão Traseira;1;0;1;;;;1
05/08/2014;08:38:00;647;com vítima;90;BR-040/RJ;Sul;Colisão Traseira;2;1;;1;;;2
05/08/2014;04:38:00;622;sem vítima;118;BR-040/RJ;Sul;Choque - Objeto Fixo;1;1;;;;;1
06/08/2014;19:34:00;899;sem vítima;114;BR-040/RJ;Norte;Colisão Lateral;1;2;;;;;1
07/08/2014;13:36:00;992;sem vítima;87;BR-040/RJ;Norte;Colisão Traseira;1;2;;;;;1
07/08/2014;12:47:00;987;com vítima;110;BR-040/RJ;Norte;Colisão Traseira;1;0;3;;;;1
07/08/2014;18:45:00;1030;com vítima;776;BR-040/MG;Sul;Tombamento;1;0;1;;;;1
07/08/2014;20:42:00;1043;com vítima;784;BR-040/MG;Norte;Colisão Lateral;1;0;2;;;;1
07/08/2014;21:27:00;1049;com vítima;786;BR-040/MG;Sul;Tombamento;1;0;1;;;;1
08/08/2014;10:49:00;1119;sem vítima;123;BR-040/RJ;Sul;Colisão Traseira;1;2;;;;;1
09/08/2014;05:15:00;1263;sem vítima;814;BR-040/MG;Norte;Colisão Traseira;2;2;;;;;1
09/08/2014;12:55:00;1311;com vítima;123;BR-040/RJ;Sul;Colisão Traseira;1;1;1;;;;1
11/08/2014;11:25:00;1605;sem vítima;778;BR-040/MG;Sul;Colisão Traseira;1;2;;;;;1
11/08/2014;07:14:00;1570;sem vítima;122;BR-040/RJ;Sul;Colisão Traseira;1;2;;;;;1
12/08/2014;01:19:00;1722;sem vítima;111;BR-040/RJ;Sul;Choque - Objeto Fixo;1;1;;;;;1
12/08/2014;07:58:00;1743;com vítima;781;BR-040/MG;Sul;Colisão Lateral;1;2;1;1;;;2
12/08/2014;20:02:00;1847;com vítima;788;BR-040/MG;Sul;Colisão Traseira;2;0;2;;;;1
13/08/2014;00:08:00;1866;com vítima;51;BR-040/RJ;Sul;Tombamento;1;0;1;;;;1
13/08/2014;06:27:00;1882;sem vítima;59;BR-040/RJ;Sul;Choque - Objeto Fixo;1;1;;;;;1
13/08/2014;17:51:00;1987;sem vítima;120;BR-040/RJ;Norte;Colisão Traseira;1;2;;;;;1
14/08/2014;15:46:00;2096;sem vítima;109;BR-040/RJ;Sul;Colisão Traseira;1;2;;;;;1
14/08/2014;00:08:00;2023;com vítima;111;BR-040/RJ;Sul;Colisão Traseira;2;0;3;;;;1
14/08/2014;05:35:00;2044;sem vítima;124;BR-040/RJ;Norte;Colisão Lateral;2;2;;;;;1
15/08/2014;06:30:00;2177;sem vítima;2;BR-040/RJ;Sul;Choque - Objeto Fixo;1;1;;;;;1
15/08/2014;16:19:00;2251;sem vítima;102;BR-040/RJ;Norte;Colisão Lateral;1;2;;;;;1
15/08/2014;15:08:00;2240;sem vítima;109;BR-040/RJ;Norte;Colisão Lateral;1;2;;;;;1
16/08/2014;14:55:00;2366;sem vítima;123;BR-040/RJ;Sul;Colisão Traseira;1;2;;;;;1
17/08/2014;05:15:00;2459;com vítima;121;BR-040/RJ;Norte;Colisão Frontal;1;1;1;;;;1
18/08/2014;15:50:00;2695;sem vítima;111;BR-040/RJ;Sul;Colisão Traseira;1;2;;;;;1
18/08/2014;22:39:00;2733;sem vítima;816;BR-040/MG;Sul;Colisão Lateral;1;2;;;;;1
19/08/2014;00:13:00;2740;sem vítima;73;BR-040/RJ;Sul;Choque - Objeto Fixo;1;1;;;;;1
19/08/2014;06:12:00;2752;com vítima;84;BR-040/RJ;Norte;Choque - Objeto Fixo;1;0;1;;;;1
20/08/2014;19:12:00;2982;com vítima;96;BR-040/RJ;Norte;Tombamento;1;0;;1;;;2
20/08/2014;16:10:00;2955;sem vítima;108;BR-040/RJ;Norte;Colisão Lateral;1;2;;;;;1
20/08/2014;07:38:00;2899;sem vítima;123;BR-040/RJ;Sul;Colisão Lateral;1;2;;;;;1
21/08/2014;07:57:00;3027;sem vítima;80;BR-040/RJ;Sul;Tombamento;1;1;;;;;1
21/08/2014;08:09:00;3028;sem vítima;80;BR-040/RJ;Sul;Tombamento;1;1;;;;;1
22/08/2014;15:50:00;3216;sem vítima;113;BR-040/RJ;Norte;Colisão Traseira;1;2;;;;;1
24/08/2014;06:52:00;3422;sem vítima;115;BR-040/RJ;Norte;Colisão Lateral;1;2;;;;;1
24/08/2014;13:25:00;3455;com vítima;783;BR-040/MG;Norte;Tombamento;1;0;;2;;;2
24/08/2014;19:54:00;3517;sem vítima;122;BR-040/RJ;Sul;Colisão Traseira;1;2;;;;;1
25/08/2014;05:44:00;3548;com vítima;52;BR-040/RJ;Sul;Colisão Traseira;1;1;1;;;;1
26/08/2014;16:22:00;3777;com vítima;108;BR-040/RJ;Norte;Tombamento;1;0;1;;;;1
26/08/2014;11:35:00;3736;sem vítima;109;BR-040/RJ;Norte;Colisão Lateral;1;2;;;;;1
27/08/2014;16:25:00;3905;sem vítima;102;BR-040/RJ;Norte;Colisão Lateral;1;2;;;;;1
27/08/2014;19:38:00;3929;sem vítima;121;BR-040/RJ;Sul;Colisão Traseira;1;2;;;;;1
28/08/2014;11:40:00;3990;sem vítima;113;BR-040/RJ;Sul;Choque - Objeto Fixo;1;1;;;;;1
29/08/2014;06:45:00;4089;sem vítima;122;BR-040/RJ;Sul;Colisão Traseira;1;2;;;;;1
30/08/2014;01:33:00;4220;com vítima;82;BR-040/RJ;Norte;Choque - Objeto Fixo;1;0;1;;;;1
30/08/2014;12:03:00;4265;com vítima;810;BR-040/MG;Sul;Tombamento;1;0;1;;;;1
30/08/2014;13:14:00;4271;sem vítima;122;BR-040/RJ;Norte;Colisão Lateral;1;2;;;;;1
30/08/2014;15:19:00;4278;sem vítima;122;BR-040/RJ;Norte;Colisão Lateral;1;2;;;;;1
01/09/2014;19:28:00;143;sem vítima;55;BR-040/RJ;Sul;Choque - Objeto Fixo;1;1;;;;;1
02/09/2014;20:18:00;299;com vítima;123;BR-040/RJ;Norte;Colisão Traseira;1;1;1;;;;1
03/09/2014;06:39:00;333;sem vítima;45;BR-040/RJ;Sul;Colisão Lateral;1;2;;;;;1
03/09/2014;19:26:00;442;sem vítima;105;BR-040/RJ;Norte;Colisão Lateral;1;2;;;;;1
03/09/2014;14:01:00;397;sem vítima;113;BR-040/RJ;Norte;Colisão Traseira;1;2;;;;;1
04/09/2014;12:50:00;504;com vítima;73;BR-040/RJ;Sul;Colisão Traseira;1;1;1;;;;1
04/09/2014;13:06:00;505;sem vítima;119;BR-040/RJ;Norte;Colisão Lateral;2;2;;;;;1
04/09/2014;21:31:00;565;com vítima;121;BR-040/RJ;Norte;Colisão Frontal;1;1;2;;;;1
05/09/2014;07:40:00;612;sem vítima;84;BR-040/RJ;Norte;Derrapagem;1;1;;;;;1
05/09/2014;22:35:00;722;com vítima;97;BR-040/RJ;Sul;Engavetamento;2;3;;;2;;2
05/09/2014;05:00:00;596;com vítima;810;BR-040/MG;Norte;Atropelamento - Pedestre;1;0;1;1;;;2
08/09/2014;19:26:00;1170;sem vítima;101;BR-040/RJ;Sul;Choque - Objeto Fixo;1;1;;;;;1
08/09/2014;05:24:00;1042;sem vítima;114;BR-040/RJ;Sul;Colisão Lateral;1;2;;;;;1
09/09/2014;07:18:00;1236;sem vítima;123;BR-040/RJ;Sul;Colisão Lateral;1;2;;;;;1
10/09/2014;13:30:00;1456;sem vítima;89;BR-040/RJ;Sul;Colisão Traseira;2;2;;;;;1
10/09/2014;16:20:00;1481;com vítima;96;BR-040/RJ;Norte;Tombamento;1;0;1;;;;1
11/09/2014;13:05:00;1597;sem vítima;45;BR-040/RJ;Norte;Colisão Lateral;1;2;;;;;1
11/09/2014;06:44:00;1548;sem vítima;109;BR-040/RJ;Norte;Colisão Lateral;1;2;;;;;1
11/09/2014;15:30:00;1616;sem vítima;110;BR-040/RJ;Norte;Colisão Lateral;1;2;;;;;1
12/09/2014;10:33:00;1731;sem vítima;83;BR-040/RJ;Norte;Engavetamento;1;3;;;;;1
15/09/2014;08:12:00;2195;sem vítima;97;BR-040/RJ;Sul;Derrapagem;1;1;;;;;1
16/09/2014;16:38:00;2425;sem vítima;101;BR-040/RJ;Norte;Colisão Traseira;1;2;;;;;1
16/09/2014;08:22:00;2351;sem vítima;102;BR-040/RJ;Sul;Choque - Objeto Fixo;1;1;;;;;1
16/09/2014;12:37:00;2386;sem vítima;113;BR-040/RJ;Norte;Colisão Lateral;1;2;;;;;1
17/09/2014;10:50:00;2519;sem vítima;125;BR-040/RJ;Sul;Colisão Traseira;2;2;;;;;1
18/09/2014;14:13:00;2677;sem vítima;123;BR-040/RJ;Norte;Colisão Lateral;1;2;;;;;1
19/09/2014;05:07:00;2773;com vítima;31;BR-040/RJ;Norte;Tombamento;1;0;1;;;;1
19/09/2014;23:47:00;2943;com vítima;97;BR-040/RJ;Sul;Choque - Objeto Fixo;1;0;1;;;;1
20/09/2014;15:34:00;3052;com vítima;101;BR-040/RJ;Sul;Colisão Traseira;1;1;1;;;;1
20/09/2014;12:51:00;3024;sem vítima;110;BR-040/RJ;Norte;Colisão Traseira;2;2;;;;;1
22/09/2014;16:22:00;3395;com vítima;39;BR-040/RJ;Sul;Tombamento;1;0;1;;;;1
22/09/2014;02:19:00;3284;sem vítima;102;BR-040/RJ;Norte;Colisão Traseira;1;2;;;;;1
22/09/2014;16:26:00;3396;com vítima;115;BR-040/RJ;Sul;Colisão Lateral;1;0;2;;;;1
22/09/2014;08:04:00;3319;com vítima;124;BR-040/RJ;Sul;Colisão Traseira;1;1;1;;;;1
22/09/2014;08:40:00;3329;sem vítima;124;BR-040/RJ;Sul;Colisão Lateral;1;2;;;;;1
23/09/2014;16:48:00;3518;sem vítima;110;BR-040/RJ;Norte;Colisão Lateral;2;2;;;;;1
23/09/2014;13:38:00;3496;sem vítima;803;BR-040/MG;Norte;Colisão Lateral;1;2;;;;;1
25/09/2014;13:01:00;3799;sem vítima;93;BR-040/RJ;Norte;Colisão Lateral;2;2;;;;;1
25/09/2014;14:13:00;3808;sem vítima;101;BR-040/RJ;Sul;Colisão Traseira;1;2;;;;;1
25/09/2014;07:23:00;3760;com vítima;102;BR-040/RJ;Sul;Colisão Traseira;1;1;;1;;;2
26/09/2014;04:24:00;3872;com vítima;80;BR-040/RJ;Sul;Choque - Objeto Fixo;1;0;;1;;;2
26/09/2014;10:41:00;3915;com vítima;105;BR-040/RJ;Norte;Colisão Lateral;1;1;;1;;;2
26/09/2014;15:38:00;3953;com vítima;113;BR-040/RJ;Norte;Colisão Traseira;1;1;1;;;;1
29/09/2014;11:21:00;4398;com vítima;70;BR-040/RJ;Sul;Colisão Traseira;1;3;1;;;;1
29/09/2014;01:05:00;4326;com vítima;117;BR-040/RJ;Norte;Colisão Traseira;1;1;1;;;;1
30/09/2014;17:07:00;4596;com vítima;25;BR-040/RJ;Sul;Colisão Frontal;1;2;2;;;;1
30/09/2014;15:16:00;4580;sem vítima;68;BR-040/RJ;Norte;Derrapagem;1;1;;;;;1
30/09/2014;20:43:00;4625;com vítima;94;BR-040/RJ;Sul;Colisão Traseira;2;0;2;;;2;3
30/09/2014;17:23:00;4599;sem vítima;114;BR-040/RJ;Sul;Colisão Lateral;1;2;;;;;1
01/10/2014;15:46:00;98;sem vítima;115;BR-040/RJ;Norte;Colisão Traseira;1;2;;;;;1
03/10/2014;12:47:00;416;sem vítima;76;BR-040/RJ;Sul;Choque - Objeto Fixo;1;1;;;;;1
03/10/2014;12:43:00;415;sem vítima;88;BR-040/RJ;Norte;Choque - Objeto Fixo;1;1;;;;;1
03/10/2014;07:30:00;376;sem vítima;122;BR-040/RJ;Sul;Colisão Traseira;1;2;;;;;1
04/10/2014;02:07:00;525;sem vítima;112;BR-040/RJ;Norte;Colisão Traseira;1;2;;;;;1
06/10/2014;01:14:00;803;com vítima;110;BR-040/RJ;Sul;Colisão Traseira;1;1;;1;;;2
06/10/2014;07:16:00;822;sem vítima;110;BR-040/RJ;Sul;Colisão Traseira;1;2;;;;;1
07/10/2014;16:23:00;1007;com vítima;96;BR-040/RJ;Norte;Tombamento;1;0;1;;;;1
07/10/2014;17:16:00;1013;sem vítima;124;BR-040/RJ;Norte;Colisão Lateral;1;2;;;;;1
08/10/2014;12:22:00;1121;sem vítima;95;BR-040/RJ;Sul;Colisão Traseira;1;2;;;;;1
08/10/2014;08:32:00;1101;com vítima;108;BR-040/RJ;Norte;Tombamento;1;0;1;;;;1
08/10/2014;11:43:00;1119;com vítima;111;BR-040/RJ;Norte;Engavetamento;1;4;1;2;;;2
08/10/2014;15:31:00;1144;sem vítima;112;BR-040/RJ;Sul;Colisão Lateral;1;2;;;;;1
08/10/2014;23:00:00;1203;sem vítima;790;BR-040/MG;Norte;Engavetamento;3;3;;;;;1
09/10/2014;22:07:00;1367;com vítima;9;BR-040/RJ;Sul;Atropelamento - Animal;1;0;5;;;;1
09/10/2014;05:45:00;1230;sem vítima;120;BR-040/RJ;Sul;Colisão Lateral;1;2;;;;;1
09/10/2014;10:36:00;1264;sem vítima;123;BR-040/RJ;Sul;Colisão Lateral;1;2;;;;;1
10/10/2014;06:25:00;1403;sem vítima;21;BR-040/RJ;Norte;Tombamento;1;1;;;;;1
11/10/2014;10:37:00;1638;sem vítima;123;BR-040/RJ;Norte;Engavetamento;1;3;;;;;1
13/10/2014;09:55:00;1980;sem vítima;78;BR-040/RJ;Sul;Colisão Traseira;1;2;;;;;1
13/10/2014;07:11:00;1964;com vítima;80;BR-040/RJ;Sul;Tombamento;1;0;1;;;;1
13/10/2014;06:05:00;1956;com vítima;108;BR-040/RJ;Sul;Colisão Lateral;1;1;1;;;;1
13/10/2014;19:09:00;2081;sem vítima;112;BR-040/RJ;Norte;Colisão Frontal;1;3;;;;;1
13/10/2014;16:55:00;2063;com vítima;117;BR-040/RJ;Norte;Colisão Lateral;1;0;3;;;;1
14/10/2014;08:04:00;2147;sem vítima;72;BR-040/RJ;Sul;Engavetamento;2;5;;;;;1
15/10/2014;17:34:00;2362;sem vítima;120;BR-040/RJ;Norte;Colisão Traseira;1;2;;;;;1
16/10/2014;08:08:00;2443;com vítima;122;BR-040/RJ;Norte;Colisão Traseira;1;1;1;;;;1
16/10/2014;07:25:00;2433;sem vítima;123;BR-040/RJ;Sul;Colisão Traseira;1;2;;;;;1
16/10/2014;19:51:00;2560;sem vítima;125;BR-040/RJ;Sul;Choque - Objeto Fixo;1;1;;;;;1
17/10/2014;06:21:00;2608;sem vítima;90;BR-040/RJ;Sul;Choque - Objeto Fixo;1;1;;;;;1
17/10/2014;21:58:00;2770;sem vítima;112;BR-040/RJ;Norte;Colisão Traseira;1;2;;;;;1
17/10/2014;15:45:00;2701;sem vítima;119;BR-040/RJ;Norte;Engavetamento;1;3;;;;;1
18/10/2014;00:20:00;2785;sem vítima;35;BR-040/RJ;Sul;Colisão Traseira;2;2;;;;;1
18/10/2014;04:44:00;2798;sem vítima;81;BR-040/RJ;Sul;Choque - Objeto Fixo;1;1;;;;;1
19/10/2014;09:52:00;2998;com vítima;119;BR-040/RJ;Sul;Tombamento;1;0;1;;;;1
20/10/2014;00:19:00;3123;com vítima;30;BR-040/RJ;Norte;Tombamento;1;0;1;;;;1
20/10/2014;06:10:00;3152;com vítima;816;BR-040/MG;Norte;Colisão Traseira;1;1;1;;;;1
20/10/2014;23:47:00;3274;sem vítima;120;BR-040/RJ;Norte;Colisão Traseira;2;2;;;;;1
21/10/2014;11:13:00;3346;sem vítima;45;BR-040/RJ;Norte;Colisão Traseira;1;2;;;;;1
21/10/2014;11:54:00;3353;com vítima;74;BR-040/RJ;Norte;Capotamento;1;1;;1;;;2
22/10/2014;04:45:00;3449;com vítima;101;BR-040/RJ;Sul;Choque - Objeto Fixo;1;0;2;;;;1
23/10/2014;16:18:00;3681;sem vítima;793;BR-040/MG;Norte;Colisão Lateral;1;2;;;;;1
24/10/2014;10:48:00;3807;com vítima;71;BR-040/RJ;Sul;Choque - Objeto Fixo;1;0;2;;;;1
25/10/2014;11:32:00;4002;com vítima;89;BR-040/RJ;Sul;Tombamento;1;0;3;;;;1
25/10/2014;21:33:00;4086;sem vítima;781;BR-040/MG;Sul;Choque - Objeto Fixo;1;1;;;;;1
26/10/2014;10:26:00;4132;com vítima;96;BR-040/RJ;Sul;Tombamento;1;0;;;1;;2
26/10/2014;09:48:00;4130;sem vítima;796;BR-040/MG;Sul;Colisão Frontal;1;2;;;;;1
27/10/2014;15:24:00;4322;com vítima;111;BR-040/RJ;Sul;Colisão Traseira;1;1;1;;;;1
28/10/2014;00:25:00;4387;sem vítima;91;BR-040/RJ;Sul;Choque - Objeto Fixo;1;1;;;;;1
28/10/2014;07:42:00;4420;sem vítima;109;BR-040/RJ;Norte;Colisão Traseira;1;3;;;;;1
29/10/2014;20:17:00;4640;com vítima;96;BR-040/RJ;Norte;Tombamento;1;0;;1;;;2
30/10/2014;11:08:00;4723;sem vítima;124;BR-040/RJ;Sul;Colisão Lateral;1;2;;;;;1
31/10/2014;07:36:00;4864;sem vítima;90;BR-040/RJ;Norte;Colisão Lateral;1;2;;;;;1
31/10/2014;16:39:00;4947;sem vítima;109;BR-040/RJ;Norte;Colisão Lateral;1;2;;;;;1
31/10/2014;20:28:00;4987;sem vítima;123;BR-040/RJ;Sul;Colisão Traseira;1;2;;;;;1
03/11/2014;12:35:00;375;com vítima;94;BR-040/RJ;Sul;Tombamento;1;0;1;;;;1
03/11/2014;12:29:00;374;sem vítima;118;BR-040/RJ;Sul;Colisão Traseira;1;2;;;;;1