data;horario;n_da_ocorrencia;tipo_de_ocorrencia;km;trecho;sentido;tipo_de_acidente;caminhao;ilesos;levemente_feridos;moderadamente_feridos;gravemente_feridos;mortos;3
04/11/2014;09:43:00;513;com vítima;103;BR-040/RJ;Sul;Choque - Objeto Fixo;1;1;1;;;;1
04/11/2014;21:35:00;618;sem vítima;112;BR-040/RJ;Norte;Colisão Lateral;1;2;;;;;1
05/11/2014;14:35:00;717;sem vítima;112;BR-040/RJ;Sul;Colisão Traseira;1;2;;;;;1
05/11/2014;18:31:00;752;com vítima;120;BR-040/RJ;Norte;Engavetamento;1;2;1;;;;1
05/11/2014;05:33:00;647;sem vítima;123;BR-040/RJ;Sul;Colisão Lateral;1;2;;;;;1
05/11/2014;06:47:00;653;sem vítima;123;BR-040/RJ;Sul;Engavetamento;1;3;;;;;1
05/11/2014;08:52:00;670;sem vítima;123;BR-040/RJ;Sul;Colisão Lateral;1;2;;;;;1
06/11/2014;13:05:00;858;com vítima;52;BR-040/RJ;Norte;Colisão Lateral;1;1;1;;;;1
06/11/2014;04:19:00;798;com vítima;75;BR-040/RJ;Sul;Colisão Traseira;1;0;2;;;;1
07/11/2014;12:31:00;998;sem vítima;87;BR-040/RJ;Norte;Colisão Traseira;1;2;;;;;1
07/11/2014;08:04:00;967;sem vítima;100;BR-040/RJ;Norte;Colisão Lateral;1;2;;;;;1
07/11/2014;16:50:00;1044;sem vítima;111;BR-040/RJ;Norte;Colisão Lateral;1;2;;;;;1
08/11/2014;06:56:00;1141;sem vítima;7;BR-040/RJ;Norte;Colisão Lateral;1;2;;;;;1
10/11/2014;10:32:00;1455;sem vítima;123;BR-040/RJ;Sul;Colisão Lateral;1;2;;;;;1
11/11/2014;18:44:00;1663;com vítima;17;BR-040/RJ;Sul;Tombamento;1;0;1;;;;1
11/11/2014;19:13:00;1666;sem vítima;109;BR-040/RJ;Norte;Colisão Lateral;1;2;;;;;1
11/11/2014;12:38:00;1617;sem vítima;114;BR-040/RJ;Sul;Colisão Lateral;1;2;;;;;1
12/11/2014;08:43:00;1738;com vítima;85;BR-040/RJ;Sul;Engavetamento;1;2;;1;;;2
12/11/2014;17:08:00;1803;sem vítima;93;BR-040/RJ;Sul;Choque - Objeto Fixo;1;1;;;;;1
12/11/2014;19:08:00;1819;sem vítima;110;BR-040/RJ;Norte;Colisão Lateral;1;2;;;;;1
12/11/2014;19:35:00;1821;com vítima;110;BR-040/RJ;Sul;Engavetamento;2;1;7;2;;;2
13/11/2014;08:32:00;1872;com vítima;7;BR-040/RJ;Sul;Tombamento;1;0;1;;;;1
13/11/2014;16:54:00;1922;sem vítima;99;BR-040/RJ;Norte;Colisão Lateral;1;2;;;;;1
13/11/2014;15:13:00;1909;sem vítima;109;BR-040/RJ;Norte;Colisão Lateral;1;2;;;;;1
13/11/2014;02:20:00;1845;com vítima;815;BR-040/MG;Sul;Tombamento;2;0;2;;;;1
14/11/2014;13:03:00;2032;sem vítima;85;BR-040/RJ;Norte;Choque - Objeto Fixo;1;1;;;;;1
14/11/2014;13:11:00;2033;sem vítima;113;BR-040/RJ;Sul;Colisão Lateral;2;2;;;;;1
15/11/2014;15:37:00;2227;com vítima;828;BR-040/MG;Norte;Choque - Objeto Fixo;1;0;2;;;;1
15/11/2014;01:30:00;2139;sem vítima;124;BR-040/RJ;Sul;Colisão Traseira;1;2;;;;;1
16/11/2014;11:16:00;2348;com vítima;39;BR-040/RJ;Norte;Tombamento;1;0;1;;;;1
16/11/2014;21:40:00;2415;sem vítima;79;BR-040/RJ;Sul;Colisão Traseira;1;2;;;;;1
16/11/2014;18:54:00;2397;sem vítima;795;BR-040/MG;Sul;Colisão Lateral;1;2;;;;;1
17/11/2014;19:21:00;2548;sem vítima;109;BR-040/RJ;Norte;Colisão Lateral;1;2;;;;;1
18/11/2014;23:33:00;2708;sem vítima;98;BR-040/RJ;Norte;Choque - Objeto Fixo;1;1;;;;;1
18/11/2014;09:17:00;2611;sem vítima;121;BR-040/RJ;Norte;Colisão Traseira;1;2;;;;;1
18/11/2014;10:21:00;2620;sem vítima;123;BR-040/RJ;Sul;Colisão Lateral;1;2;;;;;1
19/11/2014;18:19:00;2826;sem vítima;118;BR-040/RJ;Norte;Colisão Lateral;1;2;;;;;1
19/11/2014;13:12:00;2776;com vítima;120;BR-040/RJ;Norte;Colisão Lateral;1;1;1;;;;1
19/11/2014;07:50:00;2739;sem vítima;124;BR-040/RJ;Sul;Colisão Traseira;1;2;;;;;1
20/11/2014;07:23:00;2885;com vítima;108;BR-040/RJ;Norte;Tombamento;1;0;1;;;;1
20/11/2014;11:00:00;2913;sem vítima;118;BR-040/RJ;Sul;Colisão Lateral;1;2;;;;;1
21/11/2014;13:05:00;3075;sem vítima;90;BR-040/RJ;Norte;Colisão Lateral;1;2;;;;;1
21/11/2014;16:59:00;3127;com vítima;101;BR-040/RJ;Sul;Atropelamento - Pedestre;1;1;;;1;;2
21/11/2014;12:10:00;3070;sem vítima;102;BR-040/RJ;Norte;Colisão Lateral;1;2;;;;;1
21/11/2014;12:35:00;3072;sem vítima;102;BR-040/RJ;Norte;Colisão Traseira;1;2;;;;;1
21/11/2014;02:16:00;3015;com vítima;110;BR-040/RJ;Sul;Capotamento;1;0;1;;;;1
22/11/2014;09:51:00;3231;sem vítima;21;BR-040/RJ;Sul;Colisão Traseira;1;2;;;;;1
23/11/2014;18:24:00;3479;sem vítima;85;BR-040/RJ;Sul;Engavetamento;1;4;;;;;1
23/11/2014;22:24:00;3511;sem vítima;93;BR-040/RJ;Norte;Colisão Traseira;1;2;;;;;1
24/11/2014;16:24:00;3622;sem vítima;80;BR-040/RJ;Norte;Colisão Traseira;1;2;;;;;1
24/11/2014;13:55:00;3607;sem vítima;113;BR-040/RJ;Sul;Colisão Traseira;1;2;;;;;1
24/11/2014;20:40:00;3662;sem vítima;114;BR-040/RJ;Sul;Colisão Lateral;1;2;;;;;1
25/11/2014;18:15:00;3805;sem vítima;101;BR-040/RJ;Norte;Colisão Lateral;1;2;;;;;1
26/11/2014;17:38:00;3975;com vítima;35;BR-040/RJ;Norte;Choque - Objeto Fixo;1;0;2;;;;1
26/11/2014;18:35:00;3982;sem vítima;91;BR-040/RJ;Norte;Colisão Lateral;1;2;;;;;1
26/11/2014;03:09:00;3850;com vítima;102;BR-040/RJ;Sul;Choque - Objeto Fixo;1;0;;1;;;2
26/11/2014;00:58:00;3848;sem vítima;105;BR-040/RJ;Norte;Tombamento;1;1;;;;;1
26/11/2014;20:57:00;3995;sem vítima;110;BR-040/RJ;Sul;Choque - Objeto Fixo;1;1;;;;;1
26/11/2014;23:46:00;4014;sem vítima;799;BR-040/MG;Norte;Colisão Traseira;2;2;;;;;1
26/11/2014;21:06:00;3998;com vítima;120;BR-040/RJ;Sul;Colisão Transversal;1;0;2;2;;;2
26/11/2014;09:11:00;3881;com vítima;123;BR-040/RJ;Sul;Colisão Traseira;1;1;1;1;;;2
26/11/2014;20:45:00;3997;sem vítima;124;BR-040/RJ;Norte;Tombamento;1;1;;;;;1
27/11/2014;17:16:00;4122;com vítima;38;BR-040/RJ;Norte;Tombamento;1;0;3;;;;1
27/11/2014;08:50:00;4052;sem vítima;40;BR-040/RJ;Sul;Tombamento;1;1;;;;;1
27/11/2014;14:34:00;4095;sem vítima;77;BR-040/RJ;Sul;Colisão Traseira;2;2;;;;;1
28/11/2014;15:24:00;4264;sem vítima;77;BR-040/RJ;Sul;Colisão Lateral;1;2;;;;;1
30/11/2014;15:55:00;4538;sem vítima;123;BR-040/RJ;Norte;Colisão Lateral;1;2;;;;;1
02/12/2014;20:13:00;292;sem vítima;82;BR-040/RJ;Sul;Colisão Lateral;1;2;;;;;1
02/12/2014;16:14:00;258;com vítima;87;BR-040/RJ;Sul;Choque - Objeto Fixo;1;0;3;;;;1
02/12/2014;20:44:00;294;sem vítima;89;BR-040/RJ;Sul;Choque - Objeto Fixo;1;1;;;;;1
02/12/2014;09:52:00;213;sem vítima;94;BR-040/RJ;Norte;Engavetamento;1;3;;;;;1
03/12/2014;10:15:00;365;sem vítima;121;BR-040/RJ;Sul;Colisão Lateral;1;2;;;;;1
04/12/2014;12:21:00;540;sem vítima;124;BR-040/RJ;Sul;Colisão Traseira;1;2;;;;;1
05/12/2014;04:37:00;638;sem vítima;82;BR-040/RJ;Sul;Colisão Traseira;1;2;;;;;1
07/12/2014;04:44:00;983;com vítima;109;BR-040/RJ;Sul;Colisão Lateral;1;0;3;;;;1
08/12/2014;22:40:00;1267;com vítima;65;BR-040/RJ;Sul;Colisão Lateral;2;1;2;;;;1
09/12/2014;13:06:00;1358;com vítima;58;BR-040/RJ;Sul;Colisão Traseira;1;0;1;1;;;2
09/12/2014;16:16:00;1392;com vítima;95;BR-040/RJ;Sul;Engavetamento;1;2;1;2;;;2
09/12/2014;10:10:00;1331;sem vítima;123;BR-040/RJ;Sul;Colisão Lateral;1;2;;;;;1
09/12/2014;10:19:00;1335;com vítima;124;BR-040/RJ;Sul;Colisão Traseira;1;1;4;;;;1
10/12/2014;22:30:00;1603;sem vítima;14;BR-040/RJ;Norte;Colisão Lateral;1;2;;;;;1
10/12/2014;03:15:00;1465;sem vítima;816;BR-040/MG;Norte;Colisão Traseira;1;2;;;;;1
10/12/2014;12:31:00;1518;sem vítima;119;BR-040/RJ;Norte;Colisão Traseira;1;2;;;;;1
11/12/2014;00:15:00;1614;sem vítima;821;BR-040/MG;Norte;Colisão Traseira;1;2;;;;;1
11/12/2014;23:03:00;1779;sem vítima;824;BR-040/MG;Norte;Colisão Lateral;1;2;;;;;1
12/12/2014;00:22:00;1785;sem vítima;45;BR-040/RJ;Sul;Colisão Lateral;2;2;;;;;1
12/12/2014;10:07:00;1832;sem vítima;58;BR-040/RJ;Sul;Colisão Lateral;1;2;;;;;1
12/12/2014;01:15:00;1789;com vítima;124;BR-040/RJ;Sul;Tombamento;1;0;1;;;;1
12/12/2014;07:17:00;1813;sem vítima;124;BR-040/RJ;Sul;Colisão Lateral;1;2;;;;;1
13/12/2014;22:24:00;2130;sem vítima;111;BR-040/RJ;Sul;Choque - Objeto Fixo;1;1;;;;;1
13/12/2014;07:32:00;2016;com vítima;123;BR-040/RJ;Sul;Colisão Lateral;1;1;;1;;;2
14/12/2014;20:02:00;2267;sem vítima;124;BR-040/RJ;Sul;Colisão Traseira;1;2;;;;;1
15/12/2014;09:40:00;2354;sem vítima;123;BR-040/RJ;Sul;Colisão Lateral;1;2;;;;;1
17/12/2014;11:44:00;2687;sem vítima;109;BR-040/RJ;Norte;Colisão Lateral;2;2;;;;;1
17/12/2014;07:20:00;2655;com vítima;790;BR-040/MG;Sul;Tombamento;1;0;1;;;;1
18/12/2014;13:11:00;2883;sem vítima;60;BR-040/RJ;Norte;Colisão Lateral;1;2;;;;;1
18/12/2014;08:06:00;2829;sem vítima;123;BR-040/RJ;Sul;Colisão Lateral;1;2;;;;;1
19/12/2014;10:30:00;3029;com vítima;84;BR-040/RJ;Sul;Colisão Traseira;2;0;2;;;;1
19/12/2014;16:52:00;3090;sem vítima;120;BR-040/RJ;Norte;Colisão Lateral;1;3;;;;;1
19/12/2014;05:33:00;2998;sem vítima;123;BR-040/RJ;Sul;Colisão Traseira;1;2;;;;;1
20/12/2014;08:30:00;3204;sem vítima;90;BR-040/RJ;Sul;Colisão Lateral;2;2;;;;;1
20/12/2014;16:19:00;3293;sem vítima;123;BR-040/RJ;Norte;Colisão Lateral;1;2;;;;;1
21/12/2014;03:50:00;3366;com vítima;107;BR-040/RJ;Sul;Colisão Traseira;1;1;5;;;;1
22/12/2014;20:01:00;3652;com vítima;96;BR-040/RJ;Norte;Tombamento;1;0;1;;;;1
23/12/2014;00:43:00;3679;com vítima;69;BR-040/RJ;Sul;Colisão Traseira;2;0;2;;;;1
23/12/2014;14:40:00;3768;com vítima;121;BR-040/RJ;Sul;Colisão Frontal;1;1;;;;1;3
23/12/2014;15:32:00;3776;sem vítima;121;BR-040/RJ;Norte;Colisão Lateral;1;2;;;;;1
24/12/2014;14:04:00;3962;sem vítima;11;BR-040/RJ;Sul;Choque - Objeto Fixo;1;2;;;;;1
24/12/2014;16:58:00;3982;sem vítima;83;BR-040/RJ;Norte;Colisão Traseira;1;2;;;;;1
24/12/2014;05:13:00;3890;sem vítima;122;BR-040/RJ;Sul;Choque - Objeto Fixo;1;2;;;;;1
29/12/2014;17:02:00;4741;sem vítima;89;BR-040/RJ;Norte;Colisão Lateral;1;2;;;;;1
29/12/2014;04:46:00;4659;com vítima;108;BR-040/RJ;Sul;Colisão Traseira;1;1;1;;;;1
29/12/2014;11:18:00;4689;sem vítima;117;BR-040/RJ;Sul;Colisão Traseira;1;2;;;;;1
30/12/2014;08:51:00;4851;com vítima;39;BR-040/RJ;Sul;Colisão Lateral;1;0;5;;;;1
30/12/2014;19:27:00;4958;sem vítima;96;BR-040/RJ;Sul;Colisão Lateral;1;2;;;;;1
30/12/2014;10:48:00;4870;com vítima;108;BR-040/RJ;Norte;Tombamento;1;0;1;;;;1
31/12/2014;06:31:00;5036;com vítima;45;BR-040/RJ;Norte;Colisão Traseira;1;1;2;;;;1
03/01/2015;21:40:00;395;sem vítima;61;BR-040/RJ;Norte;Colisão Lateral;1;2;;;;;1
05/01/2015;21:16:00;712;sem vítima;89;BR-040/RJ;Sul;Choque - Objeto Fixo;1;1;;;;;1
05/01/2015;18:19:00;686;sem vítima;102;BR-040/RJ;Norte;Colisão Traseira;1;2;;;;;1
05/01/2015;18:16:00;685;com vítima;816;BR-040/MG;Norte;Colisão Traseira;1;1;1;;;;1
05/01/2015;19:06:00;696;sem vítima;123;BR-040/RJ;Norte;Colisão Lateral;1;2;;;;;1
06/01/2015;15:17:00;808;com vítima;58;BR-040/RJ;Sul;Choque - Objeto Fixo;1;0;1;;1;;2
07/01/2015;13:39:00;927;sem vítima;60;BR-040/RJ;Sul;Colisão Traseira;2;2;;;;;1
07/01/2015;14:19:00;930;com vítima;94;BR-040/RJ;Sul;Tombamento;1;0;3;;;;1
07/01/2015;11:43:00;916;sem vítima;98;BR-040/RJ;Norte;Colisão Lateral;1;2;;;;;1
07/01/2015;21:53:00;993;com vítima;117;BR-040/RJ;Sul;Tombamento;1;0;1;;;;1
08/01/2015;17:01:00;1075;sem vítima;45;BR-040/RJ;Norte;Engavetamento;1;4;;;;;1
08/01/2015;10:02:00;1039;com vítima;73;BR-040/RJ;Norte;Tombamento;1;0;;1;;;2
08/01/2015;16:40:00;1073;sem vítima;104;BR-040/RJ;Sul;Colisão Transversal;1;2;;;;;1
08/01/2015;10:51:00;1043;sem vítima;125;BR-040/RJ;Sul;Colisão Lateral;1;2;;;;;1
09/01/2015;15:30:00;1212;com vítima;87;BR-040/RJ;Norte;Engavetamento;1;0;8;;;;1
09/01/2015;15:45:00;1226;sem vítima;87;BR-040/RJ;Norte;Colisão Traseira;1;2;;;;;1
09/01/2015;17:07:00;1233;sem vítima;110;BR-040/RJ;Norte;Engavetamento;1;4;;;;;1
09/01/2015;18:56:00;1250;com vítima;773;BR-040/MG;Norte;Tombamento;1;1;1;;;;1
11/01/2015;18:44:00;1607;com vítima;783;BR-040/MG;Sul;Colisão Traseira;1;1;2;;2;;2
12/01/2015;09:50:00;1703;sem vítima;102;BR-040/RJ;Sul;Colisão Lateral;1;2;;;;;1
12/01/2015;13:58:00;1738;com vítima;810;BR-040/MG;Sul;Colisão Lateral;1;0;4;;;;1
13/01/2015;15:40:00;1950;com vítima;23;BR-040/RJ;Norte;Choque - Objeto Fixo;1;0;;1;;;2
13/01/2015;09:42:00;1898;sem vítima;74;BR-040/RJ;Norte;Colisão Traseira;1;2;;;;;1
13/01/2015;18:08:00;1974;sem vítima;105;BR-040/RJ;Norte;Colisão Traseira;1;2;;;;;1
13/01/2015;08:09:00;1885;com vítima;111;BR-040/RJ;Sul;Colisão Lateral;1;1;1;;;;1
13/01/2015;08:53:00;1890;sem vítima;113;BR-040/RJ;Sul;Colisão Traseira;2;2;;;;;1
14/01/2015;01:01:00;2011;sem vítima;94;BR-040/RJ;Sul;Colisão Lateral;2;2;;;;;1
14/01/2015;02:24:00;2020;sem vítima;102;BR-040/RJ;Sul;Colisão Traseira;2;2;;;;;1
14/01/2015;10:44:00;2064;sem vítima;124;BR-040/RJ;Sul;Colisão Lateral;1;2;;;;;1
15/01/2015;14:41:00;2246;sem vítima;805;BR-040/MG;Norte;Colisão Traseira;1;2;;;;;1
15/01/2015;17:20:00;2291;sem vítima;120;BR-040/RJ;Norte;Colisão Transversal;1;2;;;;;1
15/01/2015;17:40:00;2292;sem vítima;120;BR-040/RJ;Norte;Colisão Lateral;1;2;;;;;1
16/01/2015;11:59:00;2403;sem vítima;121;BR-040/RJ;Sul;Colisão Traseira;1;2;;;;;1
16/01/2015;21:46:00;2482;com vítima;124;BR-040/RJ;Norte;Colisão Traseira;1;1;;;;1;3
18/01/2015;18:26:00;2767;com vítima;80;BR-040/RJ;Norte;Tombamento;1;0;1;;;;1
18/01/2015;20:20:00;2780;sem vítima;110;BR-040/RJ;Sul;Colisão Lateral;1;2;;;;;1
18/01/2015;17:40:00;2761;com vítima;815;BR-040/MG;Sul;Colisão Lateral;1;1;1;;;;1
19/01/2015;14:03:00;2887;com vítima;825;BR-040/MG;Sul;Tombamento;1;0;;1;;;2
21/01/2015;18:01:00;3294;com vítima;39;BR-040/RJ;Norte;Choque - Objeto Fixo;1;0;1;;;;1
21/01/2015;19:48:00;3311;sem vítima;88;BR-040/RJ;Norte;Colisão Traseira;2;2;;;;;1
22/01/2015;17:04:00;3443;sem vítima;38;BR-040/RJ;Sul;Colisão Lateral;1;2;;;;;1
22/01/2015;07:11:00;3358;sem vítima;821;BR-040/MG;Sul;Tombamento;1;1;;;;;1
23/01/2015;16:51:00;3605;sem vítima;113;BR-040/RJ;Norte;Colisão Traseira;1;2;;;;;1
23/01/2015;17:24:00;3615;sem vítima;113;BR-040/RJ;Norte;Choque - Objeto Fixo;1;1;;;;;1
28/01/2015;10:02:00;4321;sem vítima;52;BR-040/RJ;Sul;Colisão Lateral;1;2;;;;;1
28/01/2015;16:45:00;4375;com vítima;116;BR-040/RJ;Norte;Engavetamento;1;2;1;;;;1
28/01/2015;11:16:00;4336;sem vítima;123;BR-040/RJ;Norte;Colisão Lateral;2;3;;;;;1
29/01/2015;13:00:00;4505;sem vítima;119;BR-040/RJ;Sul;Colisão Traseira;1;2;;;;;1
29/01/2015;22:10:00;4605;sem vítima;120;BR-040/RJ;Norte;Colisão Lateral;1;2;;;;;1
30/01/2015;18:03:00;4747;com vítima;103;BR-040/RJ;Sul;Colisão Lateral;1;1;;1;;;2
30/01/2015;08:57:00;4662;sem vítima;104;BR-040/RJ;Sul;Colisão Lateral;2;2;;;;;1
30/01/2015;16:50:00;4734;sem vítima;116;BR-040/RJ;Norte;Colisão Traseira;1;2;;;;;1
30/01/2015;15:09:00;4715;sem vítima;123;BR-040/RJ;Sul;Engavetamento;1;3;;;;;1
02/02/2015;04:37:00;162;sem vítima;102;BR-040/RJ;Sul;Choque - Objeto Fixo;1;1;;;;;1
02/02/2015;08:23:00;187;sem vítima;826;BR-040/MG;Norte;Colisão Traseira;1;2;;;;;1
03/02/2015;09:55:00;313;com vítima;96;BR-040/RJ;Norte;Tombamento;1;0;1;;;;1
03/02/2015;17:56:00;385;sem vítima;119;BR-040/RJ;Norte;Colisão Lateral;1;2;;;;;1
04/02/2015;15:35:00;503;com vítima;96;BR-040/RJ;Norte;Tombamento;1;0;1;;;;1
04/02/2015;06:03:00;450;com vítima;821;BR-040/MG;Norte;Tombamento;1;0;;1;;;2
05/02/2015;09:25:00;597;sem vítima;109;BR-040/RJ;Sul;Colisão Traseira;1;2;;;;;1
06/02/2015;16:32:00;778;sem vítima;112;BR-040/RJ;Sul;Colisão Lateral;1;2;;;;;1
06/02/2015;13:53:00;756;sem vítima;115;BR-040/RJ;Sul;Colisão Traseira;2;2;;;;;1
06/02/2015;18:21:00;800;com vítima;115;BR-040/RJ;Norte;Colisão Traseira;1;1;;2;;;2
07/02/2015;11:33:00;897;sem vítima;102;BR-040/RJ;Sul;Colisão Traseira;1;2;;;;;1
07/02/2015;14:58:00;912;com vítima;105;BR-040/RJ;Norte;Choque - Objeto Fixo;1;0;3;;;;1
07/02/2015;17:02:00;927;com vítima;110;BR-040/RJ;Norte;Colisão Traseira;1;1;1;;;;1
07/02/2015;15:23:00;920;sem vítima;113;BR-040/RJ;Norte;Colisão Traseira;1;4;;;;;1
08/02/2015;13:33:00;1029;sem vítima;783;BR-040/MG;Norte;Colisão Traseira;1;2;;;;;1
09/02/2015;14:17:00;1191;sem vítima;100;BR-040/RJ;Norte;Colisão Traseira;1;2;;;;;1
10/02/2015;14:06:00;1337;sem vítima;87;BR-040/RJ;Sul;Colisão Lateral;1;2;;;;;1
10/02/2015;15:48:00;1366;sem vítima;102;BR-040/RJ;Norte;Colisão Traseira;1;2;;;;;1
10/02/2015;12:48:00;1326;com vítima;114;BR-040/RJ;Sul;Colisão Lateral;1;1;1;;;;1
10/02/2015;10:00:00;1311;sem vítima;118;BR-040/RJ;Sul;Colisão Traseira;2;2;;;;;1
10/02/2015;18:00:00;1383;com vítima;119;BR-040/RJ;Sul;Capotamento;1;1;1;;;;1
11/02/2015;00:32:00;1415;com vítima;95;BR-040/RJ;Norte;Choque - Objeto Fixo;1;0;1;;;;1
11/02/2015;19:34:00;1590;sem vítima;111;BR-040/RJ;Norte;Colisão Lateral;1;2;;;;;1
11/02/2015;15:34:00;1528;com vítima;123;BR-040/RJ;Sul;Engavetamento;2;1;1;1;;;2
12/02/2015;14:38:00;1703;sem vítima;88;BR-040/RJ;Norte;Choque - Objeto Fixo;1;1;;;;;1
12/02/2015;17:04:00;1741;com vítima;96;BR-040/RJ;Norte;Tombamento;1;0;;1;;;2
12/02/2015;12:38:00;1684;com vítima;112;BR-040/RJ;Norte;Engavetamento;1;4;1;;;;1
12/02/2015;13:21:00;1692;sem vítima;123;BR-040/RJ;Norte;Colisão Lateral;1;2;;;;;1
13/02/2015;10:41:00;1877;com vítima;102;BR-040/RJ;Sul;Colisão Traseira;1;1;2;;;;1
13/02/2015;13:51:00;1923;sem vítima;110;BR-040/RJ;Norte;Colisão Traseira;1;2;;;;;1
13/02/2015;06:46:00;1841;com vítima;813;BR-040/MG;Norte;Engavetamento;1;1;4;;;;1
14/02/2015;10:39:00;2111;sem vítima;119;BR-040/RJ;Sul;Colisão Lateral;1;2;;;;;1
16/02/2015;20:19:00;2501;com vítima;102;BR-040/RJ;Norte;Colisão Lateral;1;1;5;;;;1
16/02/2015;07:49:00;2434;sem vítima;109;BR-040/RJ;Norte;Colisão Lateral;1;2;;;;;1
16/02/2015;08:03:00;2436;com vítima;117;BR-040/RJ;Sul;Colisão Lateral;1;1;1;;;;1
16/02/2015;10:24:00;2446;com vítima;807;BR-040/MG;Sul;Colisão Traseira;1;1;;2;;;2
18/02/2015;17:51:00;2756;sem vítima;790;BR-040/MG;Sul;Colisão Lateral;1;2;;;;;1
19/02/2015;18:06:00;2908;sem vítima;816;BR-040/MG;Norte;Colisão Traseira;2;2;;;;;1
20/02/2015;02:46:00;2957;com vítima;94;BR-040/RJ;Sul;Tombamento;1;0;;1;;;2
20/02/2015;22:10:00;3069;com vítima;101;BR-040/RJ;Norte;Capotamento;1;1;1;;;;1
20/02/2015;17:19:00;3035;sem vítima;118;BR-040/RJ;Sul;Colisão Traseira;1;2;;;;;1
20/02/2015;17:29:00;3038;com vítima;118;BR-040/RJ;Norte;Choque - Objeto Fixo;1;0;1;2;;;2
21/02/2015;13:02:00;3139;com vítima;46;BR-040/RJ;Norte;Choque - Objeto Fixo;1;1;1;;;;1
21/02/2015;22:40:00;3217;sem vítima;108;BR-040/RJ;Norte;Colisão Lateral;1;2;;;;;1
21/02/2015;10:51:00;3124;com vítima;822;BR-040/MG;Norte;Colisão Traseira;2;0;2;;;;1
21/02/2015;10:45:00;3122;sem vítima;123;BR-040/RJ;Norte;Colisão Lateral;1;2;;;;;1
21/02/2015;16:43:00;3173;sem vítima;124;BR-040/RJ;Norte;Colisão Transversal;1;2;;;;;1
23/02/2015;12:13:00;3421;com vítima;96;BR-040/RJ;Norte;Choque - Objeto Fixo;1;0;1;;;;1
23/02/2015;15:12:00;3441;sem vítima;108;BR-040/RJ;Sul;Colisão Traseira;1;2;;;;;1
23/02/2015;17:48:00;3464;sem vítima;114;BR-040/RJ;Norte;Tombamento;1;1;;;;;1
23/02/2015;05:49:00;3387;com vítima;118;BR-040/RJ;Sul;Colisão Traseira;1;1;;1;;;2
24/02/2015;16:46:00;3588;sem vítima;109;BR-040/RJ;Norte;Colisão Traseira;1;2;;;;;1
24/02/2015;14:52:00;3572;sem vítima;122;BR-040/RJ;Sul;Colisão Transversal;1;2;;;;;1
26/02/2015;16:05:00;3832;sem vítima;77;BR-040/RJ;Norte;Colisão Lateral;1;1;;;;;1
26/02/2015;04:34:00;3786;com vítima;96;BR-040/RJ;Norte;Tombamento;1;0;;1;;;2
27/02/2015;14:56:00;3963;com vítima;22;BR-040/RJ;Sul;Tombamento;1;0;2;;;;1
27/02/2015;15:29:00;3966;sem vítima;113;BR-040/RJ;Norte;Colisão Lateral;1;2;;;;;1
27/02/2015;05:48:00;3902;sem vítima;118;BR-040/RJ;Norte;Colisão Traseira;1;2;;;;;1
27/02/2015;13:55:00;3956;sem vítima;822;BR-040/MG;Norte;Colisão Traseira;2;2;;;;;1
28/02/2015;04:05:00;4049;com vítima;34;BR-040/RJ;Norte;Tombamento;1;0;3;;;;1
28/02/2015;02:49:00;4043;sem vítima;111;BR-040/RJ;Sul;Colisão Lateral;1;2;;;;;1
28/02/2015;21:20:00;4174;sem vítima;123;BR-040/RJ;Sul;Colisão Lateral;1;2;;;;;1
01/03/2015;22:22:00;134;com vítima;45;BR-040/RJ;Sul;Colisão Traseira;1;0;2;;;;1
01/03/2015;21:47:00;131;sem vítima;103;BR-040/RJ;Norte;Colisão Lateral;1;2;;;;;1
01/03/2015;20:39:00;124;com vítima;121;BR-040/RJ;Sul;Colisão Traseira;1;1;1;;;;1
02/03/2015;09:31:00;199;sem vítima;91;BR-040/RJ;Sul;Colisão Traseira;1;2;;;;;1
03/03/2015;14:13:00;353;sem vítima;80;BR-040/RJ;Sul;Colisão Lateral;1;2;;;;;1
03/03/2015;21:33:00;412;sem vítima;113;BR-040/RJ;Norte;Tombamento;1;2;;;;;1
04/03/2015;12:31:00;487;com vítima;79;BR-040/RJ;Norte;Tombamento;1;0;1;;;;1
04/03/2015;15:37:00;506;sem vítima;111;BR-040/RJ;Sul;Colisão Traseira;1;2;;;;;1
04/03/2015;13:25:00;492;sem vítima;120;BR-040/RJ;Norte;Engavetamento;1;3;;;;;1
04/03/2015;14:00:00;496;sem vítima;120;BR-040/RJ;Norte;Colisão Lateral;1;2;;;;;1
05/03/2015;21:58:00;696;sem vítima;101;BR-040/RJ;Sul;Colisão Lateral;2;2;;;;;1
05/03/2015;12:40:00;632;com vítima;123;BR-040/RJ;Sul;Engavetamento;2;2;2;;;;1
05/03/2015;13:35:00;637;sem vítima;123;BR-040/RJ;Sul;Colisão Lateral;1;2;;;;;1
06/03/2015;14:56:00;790;sem vítima;5;BR-040/RJ;Norte;Colisão Traseira;1;2;;;;;1
06/03/2015;06:50:00;730;com vítima;78;BR-040/RJ;Sul;Tombamento;1;0;;1;;;2
06/03/2015;05:10:00;726;sem vítima;104;BR-040/RJ;Norte;Colisão Frontal;1;2;;;;;1