data;horario;n_da_ocorrencia;tipo_de_ocorrencia;km;trecho;sentido;tipo_de_acidente;caminhao;ilesos;levemente_feridos;moderadamente_feridos;gravemente_feridos;mortos;3
06/03/2015;10:03:00;753;sem vítima;123;BR-040/RJ;Sul;Engavetamento;1;3;;;;;1
07/03/2015;19:24:00;987;sem vítima;785;BR-040/MG;Sul;Colisão Lateral;1;2;;;;;1
09/03/2015;15:56:00;1233;sem vítima;118;BR-040/RJ;Sul;Colisão Traseira;1;2;;;;;1
09/03/2015;13:58:00;1218;sem vítima;121;BR-040/RJ;Sul;Colisão Lateral;1;2;;;;;1
09/03/2015;09:46:00;1191;com vítima;122;BR-040/RJ;Norte;Colisão Traseira;1;1;1;;;;1
10/03/2015;22:30:00;1407;sem vítima;41;BR-040/RJ;Sul;Colisão Lateral;1;2;;;;;1
10/03/2015;17:01:00;1374;sem vítima;85;BR-040/RJ;Sul;Colisão Traseira;2;2;;;;;1
10/03/2015;03:10:00;1287;sem vítima;95;BR-040/RJ;Sul;Colisão Traseira;2;2;;;;;1
10/03/2015;17:42:00;1381;sem vítima;101;BR-040/RJ;Norte;Colisão Lateral;1;2;;;;;1
10/03/2015;17:06:00;1376;sem vítima;115;BR-040/RJ;Norte;Colisão Traseira;2;3;;;;;1
10/03/2015;14:06:00;1346;sem vítima;124;BR-040/RJ;Norte;Colisão Traseira;2;2;;;;;1
11/03/2015;12:55:00;1511;com vítima;123;BR-040/RJ;Norte;Colisão Lateral;1;1;;2;;;2
12/03/2015;04:49:00;1598;sem vítima;94;BR-040/RJ;Sul;Choque - Objeto Fixo;1;1;;;;;1
12/03/2015;06:07:00;1606;sem vítima;110;BR-040/RJ;Sul;Engavetamento;1;4;;;;;1
13/03/2015;23:55:00;1886;com vítima;61;BR-040/RJ;Norte;Colisão Lateral;1;0;3;;;;1
13/03/2015;12:40:00;1809;com vítima;87;BR-040/RJ;Norte;Engavetamento;1;2;1;;;;1
13/03/2015;11:25:00;1799;com vítima;94;BR-040/RJ;Sul;Colisão Traseira;2;1;;1;;;2
13/03/2015;09:24:00;1784;sem vítima;110;BR-040/RJ;Norte;Capotamento;1;3;;;;;1
14/03/2015;13:04:00;1955;sem vítima;21;BR-040/RJ;Norte;Tombamento;1;1;;;;;1
14/03/2015;18:17:00;1993;sem vítima;98;BR-040/RJ;Sul;Colisão Traseira;1;2;;;;;1
14/03/2015;19:25:00;2003;sem vítima;123;BR-040/RJ;Norte;Colisão Lateral;1;2;;;;;1
15/03/2015;22:30:00;2175;com vítima;90;BR-040/RJ;Sul;Colisão Traseira;1;1;1;;;;1
16/03/2015;13:45:00;2240;sem vítima;102;BR-040/RJ;Sul;Choque - Objeto Fixo;1;2;;;;;1
17/03/2015;08:57:00;2354;sem vítima;80;BR-040/RJ;Sul;Choque - Objeto Fixo;1;1;;;;;1
17/03/2015;17:01:00;2409;com vítima;109;BR-040/RJ;Sul;Colisão Traseira;1;1;2;;;;1
17/03/2015;09:58:00;2364;sem vítima;782;BR-040/MG;Sul;Choque - Objeto Fixo;1;1;;;;;1
17/03/2015;17:17:00;2414;sem vítima;123;BR-040/RJ;Norte;Colisão Traseira;1;2;;;;;1
19/03/2015;22:35:00;2737;sem vítima;816;BR-040/MG;Sul;Engavetamento;3;3;;;;;1
20/03/2015;18:12:00;2857;sem vítima;82;BR-040/RJ;Sul;Colisão Transversal;1;2;;;;;1
20/03/2015;17:27:00;2847;com vítima;94;BR-040/RJ;Sul;Colisão Traseira;1;0;2;;;;1
23/03/2015;13:17:00;3284;com vítima;785;BR-040/MG;Norte;Choque - Objeto Fixo;1;0;;;1;1;3
23/03/2015;15:10:00;3304;sem vítima;121;BR-040/RJ;Sul;Colisão Traseira;1;3;;;;;1
23/03/2015;19:44:00;3337;sem vítima;124;BR-040/RJ;Sul;Colisão Traseira;1;2;;;;;1
24/03/2015;10:11:00;3417;com vítima;90;BR-040/RJ;Sul;Colisão Traseira;2;2;;1;;;2
24/03/2015;07:26:00;3397;sem vítima;98;BR-040/RJ;Sul;Colisão Lateral;1;2;;;;;1
24/03/2015;05:23:00;3385;com vítima;117;BR-040/RJ;Sul;Colisão Traseira;1;0;8;;;;1
25/03/2015;22:35:00;3633;sem vítima;31;BR-040/RJ;Norte;Choque - Objeto Fixo;1;1;;;;;1
25/03/2015;11:48:00;3552;com vítima;124;BR-040/RJ;Sul;Colisão Lateral;1;1;1;;;;1
26/03/2015;15:28:00;3710;com vítima;62;BR-040/RJ;Sul;Colisão Frontal;1;3;1;;;;1
26/03/2015;17:10:00;3728;sem vítima;110;BR-040/RJ;Norte;Engavetamento;1;3;;;;;1
27/03/2015;16:01:00;3872;sem vítima;97;BR-040/RJ;Sul;Colisão Traseira;1;2;;;;;1
27/03/2015;06:35:00;3786;sem vítima;109;BR-040/RJ;Norte;Colisão Lateral;1;2;;;;;1
27/03/2015;13:51:00;3851;sem vítima;793;BR-040/MG;Norte;Colisão Lateral;1;2;;;;;1
27/03/2015;12:59:00;3844;sem vítima;123;BR-040/RJ;Sul;Colisão Lateral;1;2;;;;;1
27/03/2015;15:40:00;3868;sem vítima;124;BR-040/RJ;Norte;Colisão Traseira;1;2;;;;;1
28/03/2015;04:17:00;3948;sem vítima;95;BR-040/RJ;Sul;Choque - Objeto Fixo;1;1;;;;;1
28/03/2015;17:40:00;4048;sem vítima;113;BR-040/RJ;Norte;Colisão Lateral;1;2;;;;;1
28/03/2015;08:53:00;3978;com vítima;124;BR-040/RJ;Sul;Colisão Lateral;1;1;;;1;;2
30/03/2015;19:22:00;4376;com vítima;113;BR-040/RJ;Sul;Engavetamento;1;4;3;;;;1
30/03/2015;19:39:00;4380;com vítima;803;BR-040/MG;Sul;Choque - Objeto Fixo;1;0;2;;;;1
30/03/2015;07:20:00;4279;com vítima;820;BR-040/MG;Sul;Queda de Moto;1;1;1;;;;1
31/03/2015;15:45:00;4490;sem vítima;808;BR-040/MG;Norte;Choque - Objeto Fixo;1;1;;;;;1
01/04/2015;13:01:00;55;sem vítima;38;BR-040/RJ;Norte;Choque - Objeto Fixo;1;1;;;;;1
01/04/2015;05:48:00;18;sem vítima;92;BR-040/RJ;Sul;Colisão Lateral;1;2;;;;;1
02/04/2015;09:25:00;205;com vítima;83;BR-040/RJ;Sul;Colisão Lateral;1;1;2;;;;1
02/04/2015;18:37:00;280;sem vítima;124;BR-040/RJ;Norte;Colisão Traseira;1;2;;;;;1
03/04/2015;04:40:00;341;com vítima;43;BR-040/RJ;Sul;Colisão Traseira;2;2;1;;;;1
03/04/2015;06:33:00;348;sem vítima;109;BR-040/RJ;Sul;Engavetamento;1;3;;;;;1
04/04/2015;06:01:00;458;sem vítima;114;BR-040/RJ;Norte;Choque - Objeto Fixo;1;1;;;;;1
06/04/2015;14:28:00;800;sem vítima;107;BR-040/RJ;Sul;Engavetamento;1;3;;;;;1
07/04/2015;21:21:00;992;com vítima;80;BR-040/RJ;Sul;Colisão Traseira;2;0;3;;;;1
08/04/2015;07:14:00;1019;com vítima;30;BR-040/RJ;Norte;Tombamento;1;0;;1;;;2
09/04/2015;09:30:00;1201;com vítima;107;BR-040/RJ;Norte;Atropelamento - Pedestre;1;1;;;;1;3
09/04/2015;09:47:00;1196;sem vítima;121;BR-040/RJ;Sul;Colisão Traseira;1;2;;;;;1
11/04/2015;04:50:00;1460;com vítima;113;BR-040/RJ;Norte;Colisão Traseira;1;0;3;2;;;2
13/04/2015;01:17:00;1705;com vítima;104;BR-040/RJ;Norte;Colisão Lateral;1;1;;1;;;2
13/04/2015;15:46:00;1780;com vítima;111;BR-040/RJ;Sul;Tombamento;1;0;1;;;;1
14/04/2015;08:41:00;1860;com vítima;77;BR-040/RJ;Sul;Tombamento;1;0;;1;;;2
14/04/2015;09:37:00;1863;sem vítima;124;BR-040/RJ;Norte;Colisão Lateral;2;2;;;;;1
15/04/2015;15:23:00;2028;sem vítima;76;BR-040/RJ;Sul;Choque - Objeto Fixo;1;1;;;;;1
15/04/2015;16:43:00;2038;sem vítima;102;BR-040/RJ;Norte;Colisão Lateral;1;2;;;;;1
15/04/2015;19:41:00;2065;com vítima;827;BR-040/MG;Norte;Colisão Lateral;1;1;1;;;;1
15/04/2015;18:45:00;2061;sem vítima;123;BR-040/RJ;Norte;Colisão Lateral;1;2;;;;;1
16/04/2015;16:50:00;2188;com vítima;105;BR-040/RJ;Norte;Atropelamento - Pedestre;1;1;;1;;;2
17/04/2015;06:26:00;2244;com vítima;43;BR-040/RJ;Norte;Choque - Objeto Fixo;1;0;1;;;;1
17/04/2015;12:42:00;2291;com vítima;96;BR-040/RJ;Sul;Colisão Traseira;2;0;3;;;;1
18/04/2015;14:40:00;2458;sem vítima;102;BR-040/RJ;Norte;Colisão Lateral;1;2;;;;;1
18/04/2015;09:02:00;2419;sem vítima;123;BR-040/RJ;Sul;Colisão Traseira;1;2;;;;;1
19/04/2015;09:18:00;2574;com vítima;98;BR-040/RJ;Sul;Colisão Traseira;1;1;1;;;;1
20/04/2015;12:50:00;2742;sem vítima;93;BR-040/RJ;Norte;Colisão Lateral;1;2;;;;;1
20/04/2015;09:02:00;2720;com vítima;822;BR-040/MG;Norte;Colisão Traseira;1;1;3;;;;1
21/04/2015;17:52:00;2917;sem vítima;96;BR-040/RJ;Norte;Tombamento;1;1;;;;;1
23/04/2015;12:48:00;3154;sem vítima;109;BR-040/RJ;Norte;Colisão Lateral;1;2;;;;;1
23/04/2015;15:20:00;3168;com vítima;787;BR-040/MG;Norte;Tombamento;1;0;1;;;;1
24/04/2015;19:56:00;3338;sem vítima;99,002;BR-040/RJ;Norte;Colisão Traseira;1;2;;;;;1
24/04/2015;21:59:00;3351;sem vítima;103;BR-040/RJ;Norte;Colisão Lateral;1;2;;;;;1
24/04/2015;23:00:00;3353;sem vítima;816;BR-040/MG;Norte;Colisão Traseira;1;2;;;;;1
24/04/2015;11:12:00;3270;sem vítima;124;BR-040/RJ;Sul;Colisão Lateral;2;2;;;;;1
24/04/2015;14:43:00;3286;sem vítima;125;BR-040/RJ;Sul;Engavetamento;1;3;;;;;1
25/04/2015;04:58:00;3383;com vítima;113;BR-040/RJ;Norte;Engavetamento;1;1;3;4;;;2
27/04/2015;06:24:00;3641;com vítima;24;BR-040/RJ;Sul;Tombamento;1;0;1;;;;1
27/04/2015;23:26:00;3754;com vítima;810;BR-040/MG;Sul;Colisão Traseira;2;1;1;;;;1
28/04/2015;17:15:00;3870;sem vítima;104;BR-040/RJ;Norte;Choque - Objeto Fixo;1;1;;;;;1
29/04/2015;06:46:00;3936;com vítima;30;BR-040/RJ;Norte;Tombamento;1;0;;1;;;2
29/04/2015;12:58:00;3973;sem vítima;102;BR-040/RJ;Sul;Colisão Traseira;1;2;;;;;1
29/04/2015;23:44:00;4051;sem vítima;120;BR-040/RJ;Norte;Colisão Lateral;2;2;;;;;1
30/04/2015;02:50:00;4061;sem vítima;85;BR-040/RJ;Sul;Choque - Objeto Fixo;1;1;;;;;1
30/04/2015;15:28:00;4141;sem vítima;94;BR-040/RJ;Sul;Choque - Objeto Fixo;1;1;;;;;1
30/04/2015;12:30:00;4120;sem vítima;105;BR-040/RJ;Norte;Colisão Lateral;1;2;;;;;1
30/04/2015;19:47:00;4176;sem vítima;110;BR-040/RJ;Norte;Colisão Lateral;1;2;;;;;1
30/04/2015;16:13:00;4148;sem vítima;790;BR-040/MG;Norte;Colisão Lateral;1;2;;;;;1
02/05/2015;10:18:00;146;sem vítima;118;BR-040/RJ;Sul;Colisão Lateral;1;2;;;;;1
03/05/2015;21:54:00;363;com vítima;821;BR-040/MG;Norte;Colisão Traseira;1;0;1;1;;;2
05/05/2015;05:46:00;553;sem vítima;116;BR-040/RJ;Norte;Colisão Traseira;1;2;;;;;1
05/05/2015;08:26:00;567;com vítima;786;BR-040/MG;Norte;Choque - Objeto Fixo;1;0;1;;;;1
06/05/2015;19:57:00;788;sem vítima;80;BR-040/RJ;Norte;Colisão Traseira;2;2;;;;;1
06/05/2015;16:19:00;750;com vítima;110;BR-040/RJ;Sul;Engavetamento;1;3;2;1;;;2
07/05/2015;22:22:00;940;com vítima;123;BR-040/RJ;Sul;Colisão Traseira;1;0;1;;1;;2
08/05/2015;14:33:00;1018;sem vítima;62;BR-040/RJ;Sul;Colisão Lateral;1;2;;;;;1
08/05/2015;07:40:00;970;sem vítima;120;BR-040/RJ;Sul;Colisão Lateral;1;2;;;;;1
08/05/2015;11:56:00;1004;sem vítima;122;BR-040/RJ;Sul;Colisão Lateral;1;2;;;;;1
09/05/2015;11:46:00;1151;sem vítima;81;BR-040/RJ;Norte;Colisão Traseira;2;2;;;;;1
10/05/2015;10:10:00;1275;sem vítima;101;BR-040/RJ;Sul;Colisão Traseira;1;2;;;;;1
11/05/2015;13:35:00;1449;sem vítima;109;BR-040/RJ;Sul;Choque - Objeto Fixo;1;1;;;;;1
12/05/2015;16:14:00;1605;com vítima;96;BR-040/RJ;Norte;Tombamento;1;0;1;;;;1
12/05/2015;16:30:00;1608;com vítima;109;BR-040/RJ;Norte;Colisão Traseira;1;1;3;;;;1
13/05/2015;06:21:00;1666;sem vítima;118;BR-040/RJ;Sul;Colisão Frontal;1;2;;;;;1
14/05/2015;10:55:00;1827;com vítima;84;BR-040/RJ;Sul;Colisão Traseira;1;1;1;;;;1
14/05/2015;06:37:00;1793;com vítima;94;BR-040/RJ;Sul;Tombamento;1;0;1;;;;1
15/05/2015;09:51:00;1949;sem vítima;122;BR-040/RJ;Sul;Colisão Lateral;1;2;;;;;1
16/05/2015;12:16:00;2129;sem vítima;121;BR-040/RJ;Norte;Colisão Traseira;1;2;;;;;1
17/05/2015;20:30:00;2323;sem vítima;40;BR-040/RJ;Sul;Colisão Lateral;1;2;;;;;1
17/05/2015;23:27:00;2335;com vítima;96;BR-040/RJ;Norte;Tombamento;1;0;1;;;;1
17/05/2015;19:30:00;2314;com vítima;99;BR-040/RJ;Sul;Choque - Objeto Fixo;1;0;;3;;;2
19/05/2015;06:14:00;2483;sem vítima;67;BR-040/RJ;Sul;Colisão Lateral;1;2;;;;;1
19/05/2015;19:08:00;2567;com vítima;89;BR-040/RJ;Sul;Tombamento;1;0;3;;;;1
20/05/2015;23:42:00;2747;sem vítima;99;BR-040/RJ;Norte;Colisão Lateral;1;2;;;;;1
20/05/2015;09:46:00;2638;com vítima;773;BR-040/MG;Norte;Tombamento;1;0;1;;;;1
20/05/2015;23:33:00;2749;sem vítima;121;BR-040/RJ;Norte;Colisão Traseira;1;2;;;;;1
20/05/2015;09:30:00;2635;sem vítima;122;BR-040/RJ;Sul;Colisão Lateral;1;2;;;;;1
21/05/2015;00:10:00;2750;sem vítima;109;BR-040/RJ;Norte;Colisão Lateral;1;2;;;;;1
22/05/2015;09:20:00;2948;com vítima;98;BR-040/RJ;Sul;Colisão Lateral;2;0;2;;;;1
24/05/2015;07:24:00;3223;com vítima;79;BR-040/RJ;Sul;Colisão Traseira;1;1;;;;1;3
25/05/2015;14:32:00;3399;sem vítima;11;BR-040/RJ;Norte;Colisão Traseira;2;2;;;;;1
25/05/2015;16:51:00;3423;com vítima;82;BR-040/RJ;Sul;Choque - Objeto Fixo;1;0;1;;;;1
25/05/2015;12:58:00;3385;com vítima;102;BR-040/RJ;Sul;Colisão Lateral;1;1;2;;;;1
25/05/2015;14:56:00;3404;com vítima;112;BR-040/RJ;Norte;Engavetamento;1;3;2;;;;1
25/05/2015;07:01:00;3334;com vítima;120;BR-040/RJ;Sul;Colisão Lateral;1;2;1;;;;1
26/05/2015;16:09:00;3546;sem vítima;88;BR-040/RJ;Sul;Tombamento;1;1;;;;;1
26/05/2015;04:58:00;3471;com vítima;109;BR-040/RJ;Norte;Colisão Transversal;1;1;1;;;;1
27/05/2015;15:05:00;3693;sem vítima;123;BR-040/RJ;Sul;Colisão Traseira;1;2;;;;;1
28/05/2015;08:19:00;3788;sem vítima;102;BR-040/RJ;Sul;Colisão Traseira;1;2;;;;;1
28/05/2015;22:35:00;3896;com vítima;784;BR-040/MG;Sul;Colisão Traseira;1;1;1;;;;1
29/05/2015;23:20:00;4039;sem vítima;89;BR-040/RJ;Sul;Derrapagem;1;1;;;;;1
30/05/2015;12:27:00;4108;sem vítima;120;BR-040/RJ;Sul;Colisão Traseira;1;2;;;;;1
01/06/2015;02:02:00;9;com vítima;15;BR-040/RJ;Norte;Colisão Traseira;1;1;3;;;;1
02/06/2015;20:12:00;267;com vítima;822;BR-040/MG;Norte;Choque - Objeto Fixo;1;0;1;;;;1
06/06/2015;10:09:00;762;com vítima;122;BR-040/RJ;Norte;Colisão Lateral;1;1;3;;;;1
07/06/2015;03:11:00;868;sem vítima;21;BR-040/RJ;Sul;Colisão Lateral;1;2;;;;;1
09/06/2015;19:33:00;1299;com vítima;32;BR-040/RJ;Sul;Colisão Lateral;2;0;2;;;;1
09/06/2015;08:43:00;1222;sem vítima;101;BR-040/RJ;Norte;Colisão Transversal;1;2;;;;;1
11/06/2015;10:45:00;1514;sem vítima;97;BR-040/RJ;Sul;Colisão Traseira;2;2;;;;;1
11/06/2015;04:02:00;1471;sem vítima;108;BR-040/RJ;Sul;Colisão Lateral;1;2;;;;;1
11/06/2015;06:56:00;1482;sem vítima;121;BR-040/RJ;Norte;Engavetamento;1;3;;;;;1
12/06/2015;18:50:00;1786;sem vítima;99;BR-040/RJ;Norte;Choque - Objeto Fixo;1;1;;;;;1
12/06/2015;11:00:00;1682;sem vítima;110;BR-040/RJ;Norte;Colisão Traseira;1;2;;;;;1
12/06/2015;07:47:00;1638;sem vítima;120;BR-040/RJ;Sul;Colisão Traseira;1;2;;;;;1
15/06/2015;14:50:00;2183;com vítima;110;BR-040/RJ;Norte;Engavetamento;1;3;2;;;;1
16/06/2015;15:21:00;2308;sem vítima;109;BR-040/RJ;Sul;Colisão Lateral;1;2;;;;;1
16/06/2015;08:57:00;2268;sem vítima;110;BR-040/RJ;Sul;Colisão Transversal;2;2;;;;;1
16/06/2015;04:24:00;2253;com vítima;122;BR-040/RJ;Sul;Atropelamento - Pedestre;1;1;;;;1;3
17/06/2015;13:17:00;2431;sem vítima;83;BR-040/RJ;Norte;Colisão Lateral;2;2;;;;;1
17/06/2015;16:16:00;2451;sem vítima;85;BR-040/RJ;Norte;Colisão Traseira;1;2;;;;;1
17/06/2015;11:19:00;2424;sem vítima;89;BR-040/RJ;Sul;Tombamento;2;2;;;;;1
17/06/2015;15:14:00;2449;sem vítima;124;BR-040/RJ;Norte;Colisão Traseira;1;2;;;;;1
18/06/2015;18:00:00;2611;sem vítima;55;BR-040/RJ;Norte;Colisão Lateral;1;2;;;;;1
18/06/2015;14:54:00;2577;com vítima;59;BR-040/RJ;Norte;Colisão Traseira;1;0;2;;;;1
19/06/2015;01:03:00;2648;sem vítima;73;BR-040/RJ;Norte;Derrapagem;1;1;;;;;1
19/06/2015;16:50:00;2747;sem vítima;97;BR-040/RJ;Sul;Colisão Traseira;1;2;;;;;1
19/06/2015;22:35:00;2778;com vítima;102;BR-040/RJ;Norte;Colisão Lateral;1;1;;1;;;2
19/06/2015;12:19:00;2715;com vítima;118;BR-040/RJ;Sul;Choque - Objeto Fixo;1;0;2;;;;1
19/06/2015;04:41:00;2659;com vítima;124;BR-040/RJ;Sul;Engavetamento;1;2;1;;;;1
21/06/2015;11:59:00;2986;com vítima;15;BR-040/RJ;Norte;Colisão Traseira;1;1;3;;;;1
23/06/2015;14:46:00;3302;sem vítima;87;BR-040/RJ;Sul;Colisão Traseira;1;2;;;;;1
24/06/2015;17:15:00;3480;sem vítima;34;BR-040/RJ;Norte;Colisão Lateral;1;2;;;;;1
24/06/2015;16:39:00;3470;sem vítima;120;BR-040/RJ;Sul;Colisão Transversal;1;2;;;;;1
24/06/2015;08:06:00;3402;sem vítima;121;BR-040/RJ;Sul;Colisão Traseira;1;2;;;;;1
25/06/2015;18:28:00;3617;com vítima;117;BR-040/RJ;Norte;Tombamento;1;1;3;;;;1
26/06/2015;04:58:00;3666;sem vítima;75;BR-040/RJ;Sul;Colisão Transversal;1;1;;;;;1
26/06/2015;12:57:00;3725;com vítima;93;BR-040/RJ;Norte;Tombamento;1;0;1;1;;;2
27/06/2015;07:14:00;3850;sem vítima;123;BR-040/RJ;Norte;Colisão Lateral;1;2;;;;;1
29/06/2015;21:25:00;4254;sem vítima;22;BR-040/RJ;Sul;Tombamento;1;1;;;;;1
30/06/2015;12:19:00;4324;sem vítima;119;BR-040/RJ;Sul;Engavetamento;2;3;;;;;1
30/06/2015;05:46:00;4287;sem vítima;124;BR-040/RJ;Sul;Colisão Traseira;1;2;;;;;1
01/07/2015;12:15:00;63;com vítima;110;BR-040/RJ;Norte;Colisão Traseira;1;1;;1;;;2
01/07/2015;11:27:00;59;sem vítima;120;BR-040/RJ;Norte;Choque - Objeto Fixo;1;1;;;;;1
03/07/2015;10:17:00;306;com vítima;104;BR-040/RJ;Norte;Colisão Traseira;1;1;1;;;;1
03/07/2015;17:39:00;372;sem vítima;811;BR-040/MG;Norte;Colisão Lateral;3;3;;;;;1
05/07/2015;10:36:00;622;com vítima;780;BR-040/MG;Norte;Tombamento;1;0;1;;;;1
07/07/2015;16:36:00;933;sem vítima;123;BR-040/RJ;Sul;Colisão Transversal;1;2;;;;;1
08/07/2015;23:45:00;1119;com vítima;96;BR-040/RJ;Sul;Tombamento;1;0;;1;;1;3
08/07/2015;05:45:00;1019;sem vítima;124;BR-040/RJ;Sul;Colisão Lateral;1;2;;;;;1
09/07/2015;18:41:00;1233;sem vítima;111;BR-040/RJ;Sul;Colisão Traseira;1;2;;;;;1
09/07/2015;22:49:00;1257;sem vítima;118;BR-040/RJ;Norte;Colisão Lateral;1;2;;;;;1
10/07/2015;18:04:00;1390;com vítima;41;BR-040/RJ;Norte;Colisão Lateral;1;0;4;;;;1
10/07/2015;19:21:00;1397;com vítima;97;BR-040/RJ;Sul;Colisão Lateral;1;0;3;;;;1
10/07/2015;18:22:00;1393;com vítima;115;BR-040/RJ;Norte;Engavetamento;1;2;1;;;;1
10/07/2015;13:40:00;1349;sem vítima;117;BR-040/RJ;Sul;Colisão Traseira;1;2;;;;;1
11/07/2015;14:25:00;1500;sem vítima;98;BR-040/RJ;Norte;Colisão Lateral;1;2;;;;;1
11/07/2015;14:28:00;1503;sem vítima;110;BR-040/RJ;Norte;Colisão Lateral;1;2;;;;;1
11/07/2015;11:17:00;1483;com vítima;112;BR-040/RJ;Norte;Engavetamento;2;7;1;;;;1
11/07/2015;07:43:00;1454;com vítima;794;BR-040/MG;Sul;Choque - Objeto Fixo;1;0;1;;;1;3
13/07/2015;02:40:00;1752;sem vítima;69;BR-040/RJ;Sul;Choque - Objeto Fixo;1;1;;;;;1
13/07/2015;07:45:00;1781;sem vítima;108;BR-040/RJ;Sul;Colisão Traseira;2;2;;;;;1
13/07/2015;20:13:00;1876;sem vítima;124;BR-040/RJ;Norte;Colisão Lateral;1;2;;;;;1
14/07/2015;10:00:00;1945;com vítima;123;BR-040/RJ;Sul;Colisão Lateral;1;1;;1;;;2
15/07/2015;06:57:00;2070;com vítima;65;BR-040/RJ;Sul;Tombamento;1;0;;;;1;3
15/07/2015;13:42:00;2111;sem vítima;84;BR-040/RJ;Sul;Engavetamento;2;5;;;;;1
16/07/2015;15:56:00;2273;sem vítima;80;BR-040/RJ;Sul;Choque - Objeto Fixo;1;1;;;;;1
16/07/2015;20:30:00;2306;sem vítima;85;BR-040/RJ;Norte;Engavetamento;1;3;;;;;1
17/07/2015;14:00:00;2395;sem vítima;97;BR-040/RJ;Norte;Colisão Lateral;1;2;;;;;1
17/07/2015;16:05:00;2428;com vítima;122;BR-040/RJ;Norte;Colisão Traseira;1;1;;1;;;2
18/07/2015;16:31:00;2596;sem vítima;83;BR-040/RJ;Norte;Colisão Lateral;1;2;;;;;1
19/07/2015;23:16:00;2767;sem vítima;91;BR-040/RJ;Sul;Derrapagem;1;1;;;;;1
20/07/2015;13:06:00;2850;sem vítima;84;BR-040/RJ;Sul;Colisão Traseira;1;2;;;;;1
21/07/2015;08:06:00;2941;com vítima;87;BR-040/RJ;Sul;Choque - Objeto Fixo;1;0;1;;;;1
21/07/2015;00:27:00;2919;sem vítima;92;BR-040/RJ;Sul;Choque - Objeto Fixo;1;1;;;;;1
21/07/2015;08:22:00;2943;sem vítima;109;BR-040/RJ;Norte;Colisão Traseira;2;2;;;;;1
21/07/2015;17:42:00;3017;sem vítima;115;BR-040/RJ;Norte;Colisão Lateral;1;2;;;;;1
22/07/2015;11:43:00;3119;sem vítima;91;BR-040/RJ;Norte;Colisão Lateral;1;2;;;;;1
23/07/2015;09:17:00;3245;com vítima;78;BR-040/RJ;Sul;Tombamento;1;0;1;;;;1
23/07/2015;11:39:00;3258;com vítima;96;BR-040/RJ;Norte;Tombamento;1;0;1;;;;1
24/07/2015;15:46:00;3401;com vítima;109;BR-040/RJ;Norte;Engavetamento;1;2;1;1;;;2
24/07/2015;09:45:00;3353;sem vítima;113;BR-040/RJ;Norte;Colisão Lateral;1;2;;;;;1
28/07/2015;06:20:00;3889;sem vítima;93;BR-040/RJ;Norte;Colisão Lateral;1;2;;;;;1
29/07/2015;23:23:00;4137;com vítima;110;BR-040/RJ;Sul;Colisão Traseira;1;0;2;;;;1
30/07/2015;15:52:00;4225;com vítima;116;BR-040/RJ;Sul;Capotamento;1;1;5;;;;1
31/07/2015;17:00:00;4406;sem vítima;90;BR-040/RJ;Sul;Colisão Lateral;1;2;;;;;1
31/07/2015;09:18:00;4331;sem vítima;777;BR-040/MG;Sul;Colisão Traseira;1;2;;;;;1
31/07/2015;12:36:00;4354;sem vítima;125;BR-040/RJ;Sul;Colisão Traseira;2;2;;;;;1
01/08/2015;14:37:00;79;com vítima;78;BR-040/RJ;Norte;Colisão Lateral;1;0;6;;;;1
03/08/2015;19:02:00;392;sem vítima;124;BR-040/RJ;Sul;Colisão Traseira;1;2;;;;;1
04/08/2015;23:39:00;572;com vítima;59;BR-040/RJ;Sul;Choque - Objeto Fixo;1;0;1;;;;1
04/08/2015;05:29:00;455;sem vítima;122;BR-040/RJ;Sul;Colisão Lateral;1;2;;;;;1
05/08/2015;12:01:00;633;sem vítima;120;BR-040/RJ;Sul;Colisão Traseira;1;2;;;;;1
05/08/2015;14:41:00;658;sem vítima;120;BR-040/RJ;Norte;Colisão Traseira;1;2;;;;;1
06/08/2015;19:49:00;830;com vítima;60;BR-040/RJ;Norte;Tombamento;1;0;1;;;;1
07/08/2015;05:17:00;868;sem vítima;116;BR-040/RJ;Sul;Colisão Lateral;1;2;;;;;1
10/08/2015;08:11:00;1326;sem vítima;59;BR-040/RJ;Sul;Colisão Lateral;1;2;;;;;1
10/08/2015;00:28:00;1296;com vítima;793;BR-040/MG;Sul;Tombamento;1;0;1;;;;1
11/08/2015;19:40:00;1540;com vítima;58;BR-040/RJ;Sul;Engavetamento;1;1;4;;;;1
11/08/2015;10:23:00;1489;sem vítima;90;BR-040/RJ;Sul;Choque - Objeto Fixo;1;1;;;;;1
12/08/2015;05:58:00;1585;com vítima;7;BR-040/RJ;Sul;Engavetamento;2;2;2;;;1;3
13/08/2015;09:54:00;1753;sem vítima;45;BR-040/RJ;Sul;Colisão Traseira;1;3;;;;;1
13/08/2015;23:18:00;1836;com vítima;109;BR-040/RJ;Norte;Colisão Traseira;1;0;10;2;3;3;3
14/08/2015;13:29:00;1903;com vítima;800;BR-040/MG;Sul;Colisão Lateral;1;1;3;;;;1