data;horario;n_da_ocorrencia;tipo_de_ocorrencia;km;trecho;sentido;tipo_de_acidente;caminhao;ilesos;levemente_feridos;moderadamente_feridos;gravemente_feridos;mortos;3
05/02/2016;17:36:00;791;com vítima;25;BR-040/RJ;Sul;Tombamento;1;0;;1;;;2
05/02/2016;11:15:00;722;sem vítima;58;BR-040/RJ;Norte;Colisão Traseira;1;2;;;;;1
05/02/2016;22:32:00;843;com vítima;85;BR-040/RJ;Sul;Tombamento;1;0;;1;;;2
06/02/2016;04:38:00;886;sem vítima;112;BR-040/RJ;Norte;Colisão Traseira;1;2;;;;;1
09/02/2016;20:28:00;1447;com vítima;109;BR-040/RJ;Sul;Colisão Traseira;1;4;2;;;;1
11/02/2016;13:41:00;1723;com vítima;112;BR-040/RJ;Norte;Colisão Traseira;1;1;1;;;;1
11/02/2016;20:50:00;1782;sem vítima;113;BR-040/RJ;Norte;Engavetamento;1;3;;;;;1
15/02/2016;17:39:00;2370;sem vítima;105;BR-040/RJ;Norte;Engavetamento;1;4;;;;;1
15/02/2016;07:51:00;2263;com vítima;124;BR-040/RJ;Sul;Colisão Transversal;1;1;1;;;;1
16/02/2016;18:48:00;2537;sem vítima;89;BR-040/RJ;Sul;Colisão Traseira;1;2;;;;;1
17/02/2016;02:14:00;2577;com vítima;36;BR-040/RJ;Sul;Tombamento;1;0;1;;;;1
18/02/2016;15:14:00;2805;com vítima;795;BR-040/MG;Sul;Choque - Objeto Fixo;1;0;1;;;;1
19/02/2016;01:21:00;2864;sem vítima;17;BR-040/RJ;Norte;Derrapagem;1;1;;;;;1
19/02/2016;07:19:00;2890;com vítima;78;BR-040/RJ;Sul;Tombamento;1;0;1;;;;1
19/02/2016;08:56:00;2903;com vítima;109;BR-040/RJ;Sul;Colisão Traseira;2;1;3;;;;1
19/02/2016;19:11:00;2995;sem vítima;110;BR-040/RJ;Norte;Colisão Lateral;1;2;;;;;1
19/02/2016;08:48:00;2902;sem vítima;115;BR-040/RJ;Norte;Colisão Traseira;2;2;;;;;1
21/02/2016;22:31:00;3302;com vítima;822;BR-040/MG;Norte;Colisão Traseira;1;1;4;;;;1
22/02/2016;09:03:00;3350;com vítima;19;BR-040/RJ;Sul;Colisão Traseira;2;1;2;;;;1
22/02/2016;11:43:00;3367;com vítima;19;BR-040/RJ;Norte;Colisão Lateral;2;1;1;;;;1
22/02/2016;05:19:00;3324;com vítima;95;BR-040/RJ;Sul;Colisão Lateral;2;0;4;;;;1
22/02/2016;16:17:00;3392;com vítima;109;BR-040/RJ;Norte;Tombamento;1;0;1;;;;1
22/02/2016;02:38:00;3320;com vítima;110;BR-040/RJ;Sul;Colisão Traseira;1;1;1;;;;1
23/02/2016;08:09:00;3483;sem vítima;82;BR-040/RJ;Sul;Choque - Objeto Fixo;1;1;;;;;1
24/02/2016;15:48:00;3675;sem vítima;96;BR-040/RJ;Norte;Colisão Traseira;1;2;;;;;1
26/02/2016;04:47:00;3872;sem vítima;88;BR-040/RJ;Sul;Choque - Objeto Fixo;1;1;;;;;1
26/02/2016;14:00:00;3931;sem vítima;90;BR-040/RJ;Sul;Colisão Traseira;1;2;;;;;1
26/02/2016;05:52:00;3874;sem vítima;803;BR-040/MG;Sul;Choque - Objeto Fixo;1;1;;;;;1
27/02/2016;16:28:00;4119;sem vítima;118;BR-040/RJ;Sul;Colisão Traseira;1;2;;;;;1
28/02/2016;15:00:00;4225;com vítima;111;BR-040/RJ;Norte;Colisão Traseira;1;0;1;1;;;2
29/02/2016;21:32:00;4421;sem vítima;56;BR-040/RJ;Sul;Colisão Traseira;2;2;;;;;1
29/02/2016;13:12:00;4364;sem vítima;93;BR-040/RJ;Sul;Choque - Objeto Fixo;1;1;;;;;1
29/02/2016;09:51:00;4333;sem vítima;101;BR-040/RJ;Sul;Colisão Traseira;1;2;;;;;1
29/02/2016;12:17:00;4354;com vítima;108;BR-040/RJ;Norte;Tombamento;1;0;1;;;;1
29/02/2016;21:56:00;4422;com vítima;811;BR-040/MG;Sul;Colisão Traseira;2;0;1;1;;;2
02/03/2016;10:18:00;185;sem vítima;784;BR-040/MG;Norte;Colisão Transversal;1;2;;;;;1
02/03/2016;09:07:00;174;sem vítima;120;BR-040/RJ;Sul;Colisão Lateral;1;2;;;;;1
03/03/2016;15:38:00;363;com vítima;50;BR-040/RJ;Sul;Choque - Objeto Fixo;1;0;1;;;;1
03/03/2016;23:36:00;424;com vítima;108;BR-040/RJ;Sul;Tombamento;1;0;1;;;;1
06/03/2016;17:10:00;784;sem vítima;108;BR-040/RJ;Sul;Colisão Traseira;1;2;;;;;1
07/03/2016;09:48:00;874;sem vítima;124;BR-040/RJ;Sul;Colisão Lateral;1;2;;;;;1
10/03/2016;12:20:00;1300;com vítima;783;BR-040/MG;Norte;Tombamento;1;0;1;;;;1
10/03/2016;18:22:00;1349;com vítima;107;BR-040/RJ;Norte;Colisão Traseira;1;0;2;;;;1
10/03/2016;18:28:00;1350;com vítima;107;BR-040/RJ;Sul;Colisão Traseira;1;0;1;;;;1
11/03/2016;10:40:00;1434;com vítima;22;BR-040/RJ;Norte;Tombamento;1;0;2;;;;1
12/03/2016;21:02:00;1666;com vítima;118;BR-040/RJ;Norte;Choque - Objeto Fixo;1;0;4;;;;1
13/03/2016;14:47:00;1746;com vítima;85;BR-040/RJ;Norte;Choque - Objeto Fixo;1;0;2;;;;1
13/03/2016;08:04:00;1708;sem vítima;118;BR-040/RJ;Sul;Colisão Traseira;1;2;;;;;1
16/03/2016;16:03:00;2178;com vítima;39;BR-040/RJ;Sul;Choque - Objeto Fixo;1;0;1;1;;;2
16/03/2016;04:22:00;2108;sem vítima;97;BR-040/RJ;Sul;Tombamento;1;3;;;;;1
16/03/2016;16:09:00;2180;sem vítima;97;BR-040/RJ;Sul;Choque - Objeto Fixo;1;1;;;;;1
17/03/2016;03:52:00;2259;com vítima;94;BR-040/RJ;Sul;Tombamento;1;0;;1;;;2
17/03/2016;13:48:00;2318;sem vítima;824;BR-040/MG;Sul;Choque - Objeto Fixo;1;1;;;;;1
17/03/2016;08:21:00;2277;sem vítima;123;BR-040/RJ;Sul;Colisão Traseira;1;2;;;;;1
18/03/2016;16:11:00;2485;sem vítima;84;BR-040/RJ;Norte;Colisão Lateral;1;2;;;;;1
18/03/2016;16:41:00;2489;sem vítima;123;BR-040/RJ;Norte;Colisão Lateral;1;2;;;;;1
19/03/2016;08:37:00;2583;sem vítima;783;BR-040/MG;Norte;Colisão Lateral;1;2;;;;;1
19/03/2016;01:10:00;2546;sem vítima;122;BR-040/RJ;Norte;Colisão Traseira;1;2;;;;;1
21/03/2016;10:56:00;2880;sem vítima;83;BR-040/RJ;Norte;Choque - Objeto Fixo;1;1;;;;;1
21/03/2016;12:00:00;2886;com vítima;96;BR-040/RJ;Norte;Tombamento;1;0;1;;;;1
22/03/2016;06:50:00;2970;sem vítima;111;BR-040/RJ;Sul;Engavetamento;1;3;;;;;1
24/03/2016;10:44:00;3310;sem vítima;124;BR-040/RJ;Norte;Colisão Traseira;2;2;;;;;1
29/03/2016;13:46:00;4109;sem vítima;85;BR-040/RJ;Norte;Colisão Lateral;1;2;;;;;1
29/03/2016;18:38:00;4149;sem vítima;89;BR-040/RJ;Sul;Choque - Objeto Fixo;1;1;;;;;1
29/03/2016;13:56:00;4110;com vítima;118;BR-040/RJ;Norte;Colisão Lateral;1;1;1;;;;1
29/03/2016;09:09:00;4072;com vítima;122;BR-040/RJ;Sul;Choque - Objeto Fixo;1;1;1;;;;1
30/03/2016;13:41:00;4247;sem vítima;113;BR-040/RJ;Sul;Engavetamento;1;4;;;;;1
30/03/2016;11:59:00;4236;com vítima;117;BR-040/RJ;Sul;Colisão Traseira;1;1;;1;;;2
30/03/2016;10:38:00;4231;sem vítima;124;BR-040/RJ;Sul;Colisão Lateral;1;2;;;;;1
31/03/2016;13:11:00;4368;com vítima;94;BR-040/RJ;Sul;Choque - Objeto Fixo;1;0;1;;;;1
31/03/2016;11:11:00;4356;com vítima;107;BR-040/RJ;Norte;Atropelamento - Pedestre;1;1;;1;;;2
31/03/2016;07:58:00;4335;sem vítima;109;BR-040/RJ;Sul;Colisão Lateral;1;2;;;;;1
01/04/2016;17:40:00;96;sem vítima;78;BR-040/RJ;Sul;Choque - Objeto Fixo;1;1;;;;;1
01/04/2016;14:54:00;61;sem vítima;111;BR-040/RJ;Sul;Choque - Objeto Fixo;1;1;;;;;1
01/04/2016;15:06:00;65;sem vítima;111;BR-040/RJ;Sul;Colisão Traseira;2;2;;;;;1
05/04/2016;09:54:00;573;sem vítima;89;BR-040/RJ;Norte;Choque - Objeto Fixo;1;1;;;;;1
05/04/2016;14:30:00;600;sem vítima;113;BR-040/RJ;Sul;Choque - Objeto Fixo;1;1;;;;;1
05/04/2016;15:23:00;617;sem vítima;116;BR-040/RJ;Norte;Colisão Traseira;1;2;;;;;1
06/04/2016;20:57:00;789;com vítima;108;BR-040/RJ;Norte;Tombamento;1;0;;1;;;2
07/04/2016;05:51:00;821;sem vítima;795;BR-040/MG;Sul;Colisão Traseira;2;2;;;;;1
07/04/2016;08:03:00;833;sem vítima;123;BR-040/RJ;Sul;Colisão Lateral;1;2;;;;;1
08/04/2016;07:10:00;959;com vítima;61;BR-040/RJ;Norte;Colisão Traseira;1;1;;;1;;2
09/04/2016;09:29:00;1146;sem vítima;111;BR-040/RJ;Sul;Engavetamento;1;6;;;;;1
11/04/2016;08:35:00;1410;com vítima;109;BR-040/RJ;Sul;Engavetamento;1;2;3;;;;1
13/04/2016;10:20:00;1687;sem vítima;74;BR-040/RJ;Norte;Choque - Objeto Fixo;1;1;;;;;1
13/04/2016;13:11:00;1701;sem vítima;100;BR-040/RJ;Sul;Choque - Objeto Fixo;1;1;;;;;1
14/04/2016;13:49:00;1830;sem vítima;98;BR-040/RJ;Sul;Colisão Lateral;1;2;;;;;1
15/04/2016;00:41:00;1911;sem vítima;776;BR-040/MG;Sul;Colisão Traseira;2;2;;;;;1
15/04/2016;12:56:00;1974;com vítima;84;BR-040/RJ;Sul;Choque - Objeto Fixo;1;0;2;;;;1
15/04/2016;13:38:00;1982;sem vítima;119;BR-040/RJ;Norte;Colisão Traseira;1;2;;;;;1
16/04/2016;12:18:00;2132;sem vítima;109;BR-040/RJ;Norte;Colisão Lateral;1;2;;;;;1
18/04/2016;05:06:00;2331;sem vítima;14;BR-040/RJ;Norte;Choque - Objeto Fixo;1;1;;;;;1
18/04/2016;08:31:00;2359;com vítima;105;BR-040/RJ;Norte;Colisão Traseira;1;1;1;;;;1
18/04/2016;16:03:00;2408;com vítima;108;BR-040/RJ;Norte;Tombamento;2;0;3;;;;1
18/04/2016;14:18:00;2393;com vítima;113;BR-040/RJ;Sul;Engavetamento;1;2;;1;;;2
19/04/2016;06:46:00;2483;com vítima;113;BR-040/RJ;Sul;Choque - Objeto Fixo;1;0;3;;;;1
19/04/2016;23:52:00;2600;sem vítima;114;BR-040/RJ;Norte;Derrapagem;1;1;;;;;1
20/04/2016;05:37:00;2621;com vítima;78;BR-040/RJ;Sul;Colisão Traseira;2;0;2;1;;;2
20/04/2016;16:24:00;2704;sem vítima;89;BR-040/RJ;Norte;Colisão Lateral;1;2;;;;;1
24/04/2016;11:32:00;3263;com vítima;111;BR-040/RJ;Sul;Tombamento;1;0;2;;;;1
25/04/2016;05:40:00;3391;com vítima;1;BR-040/RJ;Norte;Tombamento;1;0;;1;;;2
25/04/2016;05:37:00;3390;sem vítima;102;BR-040/RJ;Sul;Colisão Traseira;1;2;;;;;1
25/04/2016;07:51:00;3403;sem vítima;123;BR-040/RJ;Sul;Colisão Lateral;1;2;;;;;1
27/04/2016;12:21:00;3672;com vítima;77;BR-040/RJ;Sul;Colisão Traseira;2;0;3;2;;;2
27/04/2016;22:31:00;3733;com vítima;92;BR-040/RJ;Sul;Derrapagem;1;0;2;;;;1
28/04/2016;05:15:00;3761;com vítima;37;BR-040/RJ;Sul;Choque - Objeto Fixo;1;0;1;;;;1
28/04/2016;08:50:00;3778;sem vítima;104;BR-040/RJ;Norte;Colisão Transversal;1;2;;;;;1
30/04/2016;15:47:00;4096;com vítima;112;BR-040/RJ;Sul;Colisão Lateral;1;1;2;;;;1
30/04/2016;08:28:00;4054;com vítima;117;BR-040/RJ;Sul;Colisão Lateral;1;1;1;;;;1
02/05/2016;16:02:00;200;sem vítima;9;BR-040/RJ;Norte;Choque - Objeto Fixo;1;1;;;;;1
02/05/2016;13:24:00;176;sem vítima;65;BR-040/RJ;Norte;Tombamento;1;1;;;;;1
02/05/2016;17:15:00;209;sem vítima;95;BR-040/RJ;Sul;Tombamento;1;1;;;;;1
03/05/2016;09:33:00;299;sem vítima;113;BR-040/RJ;Norte;Tombamento;1;1;;;;;1
03/05/2016;06:44:00;272;com vítima;803;BR-040/MG;Norte;Colisão Traseira;1;1;1;;;;1
03/05/2016;15:10:00;345;sem vítima;823;BR-040/MG;Norte;Colisão Traseira;2;2;;;;;1
04/05/2016;10:00:00;433;com vítima;89;BR-040/RJ;Norte;Tombamento;1;0;;1;;;2
04/05/2016;13:51:00;457;com vítima;92;BR-040/RJ;Sul;Colisão Traseira;1;0;2;2;;;2
04/05/2016;15:45:00;472;com vítima;786;BR-040/MG;Norte;Tombamento;1;0;1;1;;;2
07/05/2016;08:18:00;842;sem vítima;778;BR-040/MG;Sul;Colisão Lateral;1;2;;;;;1
07/05/2016;16:21:00;893;com vítima;109;BR-040/RJ;Norte;Colisão Traseira;2;0;2;;;;1
09/05/2016;15:04:00;1145;com vítima;121;BR-040/RJ;Norte;Colisão Frontal;3;2;;1;;;2
10/05/2016;11:24:00;1249;com vítima;111;BR-040/RJ;Norte;Colisão Traseira;2;1;1;;;;1
11/05/2016;23:31:00;1468;com vítima;818;BR-040/MG;Norte;Colisão Traseira;2;0;;;1;1;3
12/05/2016;23:34:00;1604;com vítima;78;BR-040/RJ;Sul;Tombamento;1;0;1;;;;1
12/05/2016;06:17:00;1489;sem vítima;91;BR-040/RJ;Norte;Derrapagem;1;1;;;;;1
13/05/2016;02:57:00;1612;sem vítima;97;BR-040/RJ;Sul;Derrapagem;1;1;;;;;1
13/05/2016;10:56:00;1654;com vítima;121;BR-040/RJ;Norte;Colisão Lateral;1;1;1;;;;1
13/05/2016;18:29:00;1718;com vítima;124;BR-040/RJ;Norte;Engavetamento;4;2;1;1;;;2
16/05/2016;14:19:00;2076;com vítima;79;BR-040/RJ;Norte;Tombamento;1;0;1;;;;1
16/05/2016;15:54:00;2090;com vítima;121;BR-040/RJ;Norte;Colisão Frontal;1;0;1;1;;;2
17/05/2016;11:18:00;2197;sem vítima;74;BR-040/RJ;Norte;Choque - Objeto Fixo;1;1;;;;;1
17/05/2016;00:56:00;2147;com vítima;103;BR-040/RJ;Norte;Atropelamento - Pedestre;1;1;;;1;;2
17/05/2016;10:52:00;2193;com vítima;796;BR-040/MG;Norte;Choque - Objeto Fixo;1;0;1;;;;1
17/05/2016;07:22:00;2165;sem vítima;800;BR-040/MG;Norte;Engavetamento;1;3;;;;;1
18/05/2016;18:24:00;2369;sem vítima;85;BR-040/RJ;Norte;Colisão Lateral;1;2;;;;;1
18/05/2016;20:21:00;2381;com vítima;111;BR-040/RJ;Sul;Choque - Objeto Fixo;1;0;2;;;;1
18/05/2016;08:06:00;2283;sem vítima;122;BR-040/RJ;Sul;Colisão Lateral;1;2;;;;;1
23/05/2016;07:30:00;3000;sem vítima;76;BR-040/RJ;Sul;Derrapagem;1;1;;;;;1
23/05/2016;01:55:00;2982;com vítima;80;BR-040/RJ;Sul;Tombamento;1;0;;1;;;2
23/05/2016;14:27:00;3040;sem vítima;94;BR-040/RJ;Sul;Colisão Traseira;1;2;;;;;1
24/05/2016;14:00:00;3177;sem vítima;123;BR-040/RJ;Norte;Colisão Lateral;1;2;;;;;1
25/05/2016;23:39:00;3385;sem vítima;109;BR-040/RJ;Sul;Colisão Lateral;1;2;;;;;1
25/05/2016;18:13:00;3347;sem vítima;113;BR-040/RJ;Norte;Engavetamento;1;5;;;;;1
26/05/2016;04:36:00;3410;sem vítima;83;BR-040/RJ;Norte;Choque - Objeto Fixo;1;1;;;;;1
27/05/2016;17:09:00;3609;sem vítima;60;BR-040/RJ;Sul;Colisão Lateral;1;2;;;;;1
27/05/2016;22:44:00;3645;sem vítima;73;BR-040/RJ;Sul;Colisão Lateral;2;2;;;;;1
27/05/2016;13:35:00;3582;com vítima;107;BR-040/RJ;Norte;Colisão Traseira;1;0;2;1;;;2
27/05/2016;10:28:00;3562;com vítima;122;BR-040/RJ;Norte;Colisão Lateral;1;1;1;;;;1
28/05/2016;06:45:00;3668;com vítima;47;BR-040/RJ;Sul;Colisão Lateral;1;1;1;;;;1
01/06/2016;05:08:00;12;com vítima;39;BR-040/RJ;Sul;Colisão Traseira;1;0;4;;;1;3
03/06/2016;16:20:00;348;sem vítima;31;BR-040/RJ;Norte;Colisão Traseira;1;2;;;;;1
03/06/2016;11:54:00;328;com vítima;124;BR-040/RJ;Norte;Tombamento;1;0;2;;;;1
04/06/2016;14:26:00;476;sem vítima;94;BR-040/RJ;Norte;Colisão Lateral;1;2;;;;;1
06/06/2016;13:07:00;731;com vítima;38;BR-040/RJ;Norte;Tombamento;1;0;1;;;;1
06/06/2016;23:43:00;781;sem vítima;95;BR-040/RJ;Sul;Choque - Objeto Fixo;1;1;;;;;1
06/06/2016;16:08:00;749;sem vítima;116;BR-040/RJ;Sul;Colisão Lateral;1;2;;;;;1
07/06/2016;20:37:00;904;sem vítima;781;BR-040/MG;Norte;Atropelamento - Animal;1;1;;;;;1
07/06/2016;17:30:00;883;sem vítima;812;BR-040/MG;Norte;Colisão Traseira;1;2;;;;;1
07/06/2016;06:15:00;809;sem vítima;118;BR-040/RJ;Sul;Colisão Lateral;2;2;;;;;1
07/06/2016;18:28:00;891;sem vítima;124;BR-040/RJ;Norte;Colisão Lateral;1;2;;;;;1
09/06/2016;15:10:00;1166;sem vítima;109;BR-040/RJ;Norte;Colisão Lateral;1;2;;;;;1
10/06/2016;06:04:00;1251;sem vítima;19;BR-040/RJ;Sul;Atropelamento - Animal;1;1;;;;;1
10/06/2016;12:54:00;1305;sem vítima;45;BR-040/RJ;Norte;Colisão Lateral;1;2;;;;;1
10/06/2016;16:28:00;1327;sem vítima;110;BR-040/RJ;Norte;Colisão Traseira;1;2;;;;;1
11/06/2016;14:31:00;1484;com vítima;87;BR-040/RJ;Sul;Tombamento;1;0;4;;;;1
13/06/2016;10:51:00;1740;com vítima;94;BR-040/RJ;Sul;Colisão Traseira;1;1;2;;;;1
13/06/2016;11:48:00;1750;sem vítima;797;BR-040/MG;Sul;Colisão Traseira;1;2;;;;;1
14/06/2016;00:03:00;1854;sem vítima;86;BR-040/RJ;Sul;Derrapagem;1;1;;;;;1
16/06/2016;02:59:00;2116;sem vítima;34;BR-040/RJ;Sul;Choque - Objeto Fixo;1;1;;;;;1
16/06/2016;16:35:00;2196;sem vítima;84;BR-040/RJ;Sul;Choque - Objeto Fixo;1;1;;;;;1
17/06/2016;18:01:00;2365;sem vítima;113;BR-040/RJ;Norte;Engavetamento;1;7;;;;;1
17/06/2016;07:50:00;2271;sem vítima;125;BR-040/RJ;Sul;Colisão Lateral;1;2;;;;;1
18/06/2016;12:39:00;2471;com vítima;774;BR-040/MG;Norte;Colisão Traseira;1;1;3;1;;;2
18/06/2016;03:20:00;2422;sem vítima;108;BR-040/RJ;Norte;Colisão Lateral;1;2;;;;;1
18/06/2016;07:22:00;2433;com vítima;803;BR-040/MG;Norte;Colisão Traseira;1;0;2;;;;1
20/06/2016;16:55:00;2780;sem vítima;110;BR-040/RJ;Sul;Colisão Lateral;1;2;;;;;1
21/06/2016;11:10:00;2885;sem vítima;62;BR-040/RJ;Sul;Colisão Traseira;1;2;;;;;1
21/06/2016;08:14:00;2864;sem vítima;105;BR-040/RJ;Sul;Colisão Lateral;1;2;;;;;1
21/06/2016;18:42:00;2934;com vítima;801;BR-040/MG;Norte;Colisão Traseira;1;0;4;;;;1
22/06/2016;10:43:00;3009;sem vítima;90;BR-040/RJ;Sul;Colisão Traseira;1;2;;;;;1
23/06/2016;08:43:00;3127;com vítima;54;BR-040/RJ;Sul;Colisão Traseira;1;0;3;;;;1
23/06/2016;17:23:00;3202;sem vítima;92;BR-040/RJ;Sul;Choque - Objeto Fixo;1;1;;;;;1
23/06/2016;10:04:00;3140;sem vítima;123;BR-040/RJ;Sul;Colisão Traseira;2;2;;;;;1
24/06/2016;14:11:00;3318;sem vítima;109;BR-040/RJ;Norte;Colisão Lateral;1;2;;;;;1
24/06/2016;20:10:00;3366;sem vítima;113;BR-040/RJ;Norte;Engavetamento;1;4;;;;;1
29/06/2016;17:16:00;4058;com vítima;42;BR-040/RJ;Sul;Colisão Traseira;1;1;;1;;;2
29/06/2016;13:53:00;4030;com vítima;43;BR-040/RJ;Norte;Tombamento;1;0;1;;;;1
30/06/2016;13:16:00;4177;sem vítima;78;BR-040/RJ;Norte;Colisão Lateral;1;2;;;;;1
02/07/2016;15:49:00;272;sem vítima;96;BR-040/RJ;Norte;Colisão Traseira;1;2;;;;;1
02/07/2016;09:46:00;208;sem vítima;109;BR-040/RJ;Norte;Colisão Lateral;1;2;;;;;1
02/07/2016;12:29:00;235;com vítima;113;BR-040/RJ;Sul;Colisão Lateral;1;1;1;1;;;2
03/07/2016;16:40:00;424;com vítima;14;BR-040/RJ;Norte;Colisão Traseira;1;1;1;;;;1
04/07/2016;16:50:00;577;sem vítima;110;BR-040/RJ;Norte;Choque - Objeto Fixo;1;1;;;;;1
06/07/2016;11:53:00;817;com vítima;82;BR-040/RJ;Sul;Tombamento;1;1;;1;;;2
06/07/2016;15:08:00;836;com vítima;108;BR-040/RJ;Norte;Tombamento;1;0;1;;;;1
07/07/2016;18:20:00;983;com vítima;69;BR-040/RJ;Norte;Choque - Objeto Fixo;1;0;1;;;;1
08/07/2016;06:53:00;1036;sem vítima;13;BR-040/RJ;Sul;Colisão Traseira;1;2;;;;;1
08/07/2016;13:02:00;1082;sem vítima;112;BR-040/RJ;Norte;Colisão Traseira;1;2;;;;;1
09/07/2016;16:32:00;1270;com vítima;89;BR-040/RJ;Sul;Choque - Objeto Fixo;1;0;;1;;;2
11/07/2016;23:17:00;1623;sem vítima;90;BR-040/RJ;Sul;Colisão Traseira;1;2;;;;;1
11/07/2016;07:42:00;1491;sem vítima;124;BR-040/RJ;Sul;Colisão Lateral;1;2;;;;;1
12/07/2016;07:44:00;1651;sem vítima;111;BR-040/RJ;Norte;Colisão Lateral;1;2;;;;;1
15/07/2016;09:21:00;2115;sem vítima;11;BR-040/RJ;Norte;Tombamento;1;1;;;;;1
15/07/2016;07:35:00;2102;com vítima;102;BR-040/RJ;Norte;Colisão Traseira;1;1;2;;;;1
15/07/2016;22:58:00;2233;sem vítima;104;BR-040/RJ;Norte;Colisão Lateral;1;2;;;;;1
16/07/2016;07:32:00;2270;com vítima;34;BR-040/RJ;Norte;Tombamento;1;0;1;;;;1
18/07/2016;16:14:00;2630;com vítima;115;BR-040/RJ;Norte;Colisão Traseira;1;0;5;;;;1
19/07/2016;16:22:00;2771;sem vítima;61;BR-040/RJ;Sul;Colisão Lateral;2;2;;;;;1
19/07/2016;12:12:00;2729;sem vítima;95;BR-040/RJ;Sul;Colisão Traseira;1;2;;;;;1
20/07/2016;10:49:00;2897;sem vítima;94;BR-040/RJ;Norte;Choque - Objeto Fixo;1;1;;;;;1
21/07/2016;13:19:00;3064;sem vítima;91;BR-040/RJ;Norte;Choque - Objeto Fixo;1;1;;;;;1
21/07/2016;01:39:00;2984;sem vítima;96;BR-040/RJ;Sul;Choque - Objeto Fixo;1;1;;;;;1
21/07/2016;11:03:00;3043;com vítima;102;BR-040/RJ;Norte;Colisão Lateral;1;1;1;;;;1
21/07/2016;12:20:00;3056;sem vítima;107;BR-040/RJ;Sul;Atropelamento - Animal;1;1;;;;;1
21/07/2016;05:50:00;3001;sem vítima;123;BR-040/RJ;Sul;Colisão Traseira;1;2;;;;;1
22/07/2016;02:34:00;3143;sem vítima;71;BR-040/RJ;Sul;Choque - Objeto Fixo;1;1;;;;;1
22/07/2016;12:24:00;3200;com vítima;109;BR-040/RJ;Norte;Engavetamento;1;2;2;;;;1
24/07/2016;20:46:00;3565;com vítima;80;BR-040/RJ;Sul;Tombamento;1;0;;;1;;2
25/07/2016;07:42:00;3607;sem vítima;803;BR-040/MG;Norte;Colisão Traseira;2;2;;;;;1
25/07/2016;20:00:00;3706;sem vítima;820;BR-040/MG;Norte;Colisão Lateral;1;2;;;;;1
26/07/2016;15:03:00;3829;sem vítima;109;BR-040/RJ;Sul;Engavetamento;1;3;;;;;1
26/07/2016;11:55:00;3810;sem vítima;124;BR-040/RJ;Sul;Colisão Traseira;1;2;;;;;1
26/07/2016;16:27:00;3846;sem vítima;125;BR-040/RJ;Norte;Colisão Lateral;2;3;;;;;1
29/07/2016;06:57:00;4220;com vítima;36;BR-040/RJ;Norte;Tombamento;1;0;1;;;;1
30/07/2016;18:18:00;4441;com vítima;25;BR-040/RJ;Norte;Colisão Traseira;1;0;2;1;;;2
30/07/2016;04:24:00;4356;com vítima;52;BR-040/RJ;Sul;Choque - Objeto Fixo;1;0;2;;;;1
30/07/2016;13:44:00;4408;sem vítima;123;BR-040/RJ;Norte;Colisão Lateral;1;2;;;;;1
01/08/2016;15:43:00;94;sem vítima;64;BR-040/RJ;Norte;Colisão Traseira;1;2;;;;;1
01/08/2016;14:25:00;81;com vítima;72;BR-040/RJ;Norte;Tombamento;1;0;;;;1;3
01/08/2016;16:41:00;103;com vítima;828;BR-040/MG;Norte;Tombamento;1;0;1;;;;1
02/08/2016;08:54:00;181;sem vítima;783;BR-040/MG;Sul;Colisão Traseira;2;2;;;;;1
02/08/2016;15:51:00;247;sem vítima;110;BR-040/RJ;Sul;Colisão Traseira;1;2;;;;;1
03/08/2016;07:30:00;329;sem vítima;121;BR-040/RJ;Norte;Colisão Lateral;1;2;;;;;1
05/08/2016;10:53:00;636;sem vítima;107;BR-040/RJ;Sul;Colisão Traseira;1;2;;;;;1
06/08/2016;11:39:00;815;sem vítima;93;BR-040/RJ;Sul;Choque - Objeto Fixo;1;1;;;;;1
06/08/2016;14:22:00;835;sem vítima;95;BR-040/RJ;Norte;Colisão Traseira;3;3;;;;;1
06/08/2016;12:46:00;823;com vítima;108;BR-040/RJ;Norte;Tombamento;1;0;1;;;;1
06/08/2016;09:47:00;802;com vítima;122;BR-040/RJ;Sul;Colisão Traseira;1;1;2;;;;1
07/08/2016;15:40:00;969;sem vítima;122;BR-040/RJ;Norte;Colisão Transversal;1;2;;;;;1
10/08/2016;07:10:00;1339;sem vítima;77;BR-040/RJ;Norte;Colisão Traseira;2;2;;;;;1
10/08/2016;13:07:00;1382;sem vítima;125;BR-040/RJ;Norte;Colisão Lateral;1;2;;;;;1
13/08/2016;17:53:00;1846;sem vítima;794;BR-040/MG;Sul;Colisão Traseira;1;2;;;;;1
15/08/2016;12:21:00;2115;sem vítima;124;BR-040/RJ;Sul;Colisão Traseira;2;2;;;;;1
16/08/2016;08:12:00;2244;sem vítima;41;BR-040/RJ;Norte;Colisão Traseira;1;2;;;;;1
16/08/2016;02:11:00;2224;sem vítima;791;BR-040/MG;Norte;Colisão Transversal;1;2;;;;;1
16/08/2016;06:37:00;2234;sem vítima;813;BR-040/MG;Norte;Colisão Lateral;2;2;;;;;1