data;horario;n_da_ocorrencia;tipo_de_ocorrencia;km;trecho;sentido;tipo_de_acidente;caminhao;ilesos;levemente_feridos;moderadamente_feridos;gravemente_feridos;mortos;3
17/08/2016;12:27:00;2411;sem vítima;102;BR-040/RJ;Sul;Colisão Traseira;1;2;;;;;1
17/08/2016;16:36:00;2447;com vítima;804;BR-040/MG;Norte;Colisão Traseira;1;0;2;;;;1
17/08/2016;06:45:00;2364;sem vítima;120;BR-040/RJ;Sul;Colisão Lateral;1;2;;;;;1
18/08/2016;08:23:00;2527;sem vítima;84;BR-040/RJ;Norte;Choque - Objeto Fixo;1;2;;;;;1
19/08/2016;09:30:00;2677;com vítima;113;BR-040/RJ;Sul;Atropelamento - Pedestre;1;1;1;;;;1
20/08/2016;15:28:00;2900;com vítima;34;BR-040/RJ;Norte;Tombamento;1;1;1;;;1;3
22/08/2016;08:55:00;3122;com vítima;37;BR-040/RJ;Norte;Tombamento;1;0;1;;;;1
22/08/2016;13:11:00;3164;com vítima;51;BR-040/RJ;Norte;Tombamento;1;0;;;;1;3
22/08/2016;06:23:00;3102;com vítima;124;BR-040/RJ;Sul;Colisão Traseira;2;1;1;;;;1
23/08/2016;15:19:00;3323;sem vítima;783;BR-040/MG;Sul;Colisão Lateral;1;2;;;;;1
23/08/2016;17:27:00;3340;com vítima;96;BR-040/RJ;Norte;Tombamento;1;0;1;;;;1
23/08/2016;12:34:00;3301;sem vítima;800;BR-040/MG;Sul;Colisão Traseira;1;2;;;;;1
24/08/2016;05:46:00;3383;sem vítima;45;BR-040/RJ;Sul;Colisão Traseira;2;2;;;;;1
26/08/2016;22:00:00;3764;sem vítima;110;BR-040/RJ;Norte;Engavetamento;2;3;;;;;1
27/08/2016;10:25:00;3839;sem vítima;122;BR-040/RJ;Norte;Colisão Lateral;2;2;;;;;1
28/08/2016;06:20:00;3971;sem vítima;101;BR-040/RJ;Sul;Choque - Objeto Fixo;1;1;;;;;1
29/08/2016;22:49:00;4221;com vítima;109;BR-040/RJ;Sul;Colisão Traseira;1;1;1;1;;;2
31/08/2016;14:53:00;4465;com vítima;112;BR-040/RJ;Norte;Colisão Traseira;1;1;;2;;;2
31/08/2016;11:50:00;4442;com vítima;113;BR-040/RJ;Norte;Tombamento;1;0;1;;;;1
31/08/2016;11:06:00;4434;sem vítima;124;BR-040/RJ;Sul;Colisão Lateral;1;2;;;;;1
01/09/2016;02:24:00;7;com vítima;113;BR-040/RJ;Sul;Colisão Traseira;1;1;;1;;;2
01/09/2016;03:45:00;12;com vítima;125;BR-040/RJ;Sul;Tombamento;1;1;;1;;;2
01/09/2016;08:29:00;35;com vítima;25;BR-040/RJ;Sul;Tombamento;1;0;1;;;;1
01/09/2016;11:19:00;60;sem vítima;123;BR-040/RJ;Sul;Colisão Traseira;1;2;;;;;1
02/09/2016;18:55:00;274;sem vítima;109;BR-040/RJ;Norte;Engavetamento;1;3;;;;;1
04/09/2016;04:57:00;483;sem vítima;124;BR-040/RJ;Sul;Choque - Objeto Fixo;1;1;;;;;1
04/09/2016;07:09:00;489;sem vítima;794;BR-040/MG;Sul;Colisão Traseira;1;2;;;;;1
05/09/2016;13:16:00;691;sem vítima;112;BR-040/RJ;Norte;Colisão Lateral;1;2;;;;;1
06/09/2016;07:16:00;783;sem vítima;61;BR-040/RJ;Norte;Colisão Traseira;2;2;;;;;1
07/09/2016;15:01:00;1011;sem vítima;89;BR-040/RJ;Sul;Choque - Objeto Fixo;1;1;;;;;1
08/09/2016;23:41:00;1236;sem vítima;113;BR-040/RJ;Sul;Derrapagem;1;1;;;;;1
11/09/2016;12:57:00;1569;sem vítima;104;BR-040/RJ;Norte;Colisão Transversal;1;2;;;;;1
13/09/2016;12:11:00;1889;sem vítima;95;BR-040/RJ;Norte;Colisão Traseira;1;2;;;;;1
13/09/2016;16:09:00;1925;sem vítima;113;BR-040/RJ;Norte;Colisão Lateral;1;2;;;;;1
14/09/2016;19:04:00;2113;sem vítima;89;BR-040/RJ;Sul;Choque - Objeto Fixo;1;1;;;;;1
14/09/2016;23:41:00;2140;sem vítima;121;BR-040/RJ;Norte;Derrapagem;1;1;;;;;1
16/09/2016;07:59:00;2313;com vítima;109;BR-040/RJ;Norte;Tombamento;1;0;1;;;;1
16/09/2016;19:07:00;2398;sem vítima;84;BR-040/RJ;Sul;Choque - Objeto Fixo;1;1;;;;;1
19/09/2016;12:23:00;2801;sem vítima;109;BR-040/RJ;Norte;Colisão Traseira;1;2;;;;;1
20/09/2016;09:26:00;2934;sem vítima;77;BR-040/RJ;Sul;Colisão Traseira;2;3;;;;;1
20/09/2016;15:28:00;2980;sem vítima;92;BR-040/RJ;Norte;Colisão Lateral;1;2;;;;;1
20/09/2016;18:02:00;3002;sem vítima;777;BR-040/MG;Sul;Choque - Objeto Fixo;1;1;;;;;1
21/09/2016;08:41:00;3070;sem vítima;77;BR-040/RJ;Sul;Colisão Traseira;1;2;;;;;1
22/09/2016;04:36:00;3175;com vítima;796;BR-040/MG;Sul;Colisão Traseira;2;0;2;;;;1
23/09/2016;00:28:00;3286;com vítima;88;BR-040/RJ;Sul;Colisão Traseira;2;0;2;;;;1
23/09/2016;03:53:00;3295;sem vítima;53;BR-040/RJ;Sul;Atropelamento - Animal;1;1;;;;;1
23/09/2016;15:18:00;3364;com vítima;96;BR-040/RJ;Norte;Tombamento;1;0;;1;;;2
26/09/2016;04:16:00;3745;sem vítima;75;BR-040/RJ;Norte;Choque - Objeto Fixo;1;1;;;;;1
26/09/2016;07:48:00;3767;sem vítima;84;BR-040/RJ;Norte;Colisão Traseira;1;2;;;;;1
27/09/2016;01:14:00;3873;com vítima;77;BR-040/RJ;Sul;Derrapagem;1;0;1;;;;1
30/09/2016;08:05:00;4274;com vítima;21;BR-040/RJ;Norte;Tombamento;1;0;2;;;;1
01/10/2016;10:19:00;53;com vítima;50;BR-040/RJ;Sul;Atropelamento - Pedestre;1;0;1;1;;;2
02/10/2016;22:18:00;233;com vítima;9;BR-040/RJ;Sul;Tombamento;1;0;1;;;;1
03/10/2016;11:36:00;296;sem vítima;120;BR-040/RJ;Norte;Colisão Traseira;1;2;;;;;1
03/10/2016;12:49:00;302;sem vítima;109;BR-040/RJ;Sul;Colisão Traseira;1;2;;;;;1
03/10/2016;12:56:00;303;com vítima;30;BR-040/RJ;Norte;Tombamento;1;0;2;;;;1
04/10/2016;18:26:00;437;sem vítima;109;BR-040/RJ;Norte;Colisão Lateral;1;2;;;;;1
05/10/2016;22:39:00;587;sem vítima;790;BR-040/MG;Sul;Colisão Frontal;1;2;;;;;1
06/10/2016;20:20:00;718;com vítima;804;BR-040/MG;Norte;Colisão Traseira;1;1;;1;;;2
07/10/2016;15:48:00;831;sem vítima;92;BR-040/RJ;Sul;Choque - Objeto Fixo;1;1;;;;;1
07/10/2016;22:30:00;873;sem vítima;53;BR-040/RJ;Sul;Colisão Traseira;1;2;;;;;1
11/10/2016;19:02:00;1372;com vítima;123;BR-040/RJ;Norte;Engavetamento;1;2;1;;;;1
11/10/2016;20:18:00;1380;sem vítima;123;BR-040/RJ;Sul;Colisão Lateral;1;2;;;;;1
12/10/2016;10:48:00;1446;sem vítima;35;BR-040/RJ;Norte;Choque - Objeto Fixo;2;2;;;;;1
14/10/2016;17:27:00;1776;sem vítima;124;BR-040/RJ;Sul;Colisão Lateral;1;2;;;;;1
15/10/2016;03:48:00;1823;com vítima;31;BR-040/RJ;Norte;Tombamento;1;0;1;1;;;2
15/10/2016;10:59:00;1873;sem vítima;101;BR-040/RJ;Norte;Colisão Traseira;2;2;;;;;1
19/10/2016;10:17:00;2435;com vítima;31;BR-040/RJ;Sul;Tombamento;1;0;;1;;;2
19/10/2016;15:09:00;2472;sem vítima;122;BR-040/RJ;Norte;Engavetamento;1;3;;;;;1
19/10/2016;18:12:00;2498;sem vítima;109;BR-040/RJ;Norte;Engavetamento;1;3;;;;;1
20/10/2016;18:00:00;2647;com vítima;814;BR-040/MG;Sul;Colisão Traseira;1;1;1;;;;1
20/10/2016;23:28:00;2677;sem vítima;84;BR-040/RJ;Norte;Derrapagem;1;1;;;;;1
21/10/2016;05:13:00;2686;sem vítima;83;BR-040/RJ;Sul;Derrapagem;1;1;;;;;1
21/10/2016;07:35:00;2697;com vítima;57;BR-040/RJ;Sul;Colisão Lateral;2;0;3;;;;1
21/10/2016;14:21:00;2751;com vítima;114;BR-040/RJ;Sul;Colisão Lateral;2;2;1;;;;1
22/10/2016;11:32:00;2897;com vítima;82;BR-040/RJ;Sul;Colisão Traseira;1;1;1;;;;1
22/10/2016;12:03:00;2905;sem vítima;110;BR-040/RJ;Norte;Colisão Lateral;2;2;;;;;1
24/10/2016;10:15:00;3149;sem vítima;791;BR-040/MG;Norte;Colisão Lateral;1;2;;;;;1
26/10/2016;07:48:00;3403;sem vítima;91;BR-040/RJ;Norte;Colisão Lateral;1;2;;;;;1
27/10/2016;07:28:00;3521;sem vítima;122;BR-040/RJ;Sul;Colisão Traseira;1;2;;;;;1
27/10/2016;17:30:00;3608;sem vítima;125;BR-040/RJ;Norte;Engavetamento;1;3;;;;;1
28/10/2016;08:07:00;3702;com vítima;84;BR-040/RJ;Sul;Tombamento;1;0;1;;;;1
28/10/2016;16:28:00;3763;sem vítima;101;BR-040/RJ;Sul;Colisão Lateral;1;2;;;;;1
28/10/2016;18:36:00;3781;sem vítima;45;BR-040/RJ;Sul;Colisão Lateral;1;2;;;;;1
29/10/2016;08:21:00;3847;sem vítima;805;BR-040/MG;Norte;Colisão Lateral;2;2;;;;;1
29/10/2016;22:16:00;3941;sem vítima;74;BR-040/RJ;Norte;Choque - Objeto Fixo;1;1;;;;;1
01/11/2016;16:51:00;102;sem vítima;123;BR-040/RJ;Norte;Colisão Lateral;1;3;;;;;1
01/11/2016;17:52:00;109;sem vítima;124;BR-040/RJ;Norte;Colisão Lateral;1;2;;;;;1
02/11/2016;19:20:00;262;com vítima;89;BR-040/RJ;Sul;Tombamento;1;0;;1;;;2
03/11/2016;02:59:00;302;sem vítima;820;BR-040/MG;Norte;Choque - Objeto Fixo;1;1;;;;;1
03/11/2016;11:23:00;352;sem vítima;123;BR-040/RJ;Norte;Colisão Lateral;1;2;;;;;1
03/11/2016;14:40:00;375;sem vítima;109;BR-040/RJ;Norte;Colisão Lateral;1;2;;;;;1
03/11/2016;16:34:00;391;com vítima;123;BR-040/RJ;Norte;Colisão Lateral;1;1;1;;;;1
04/11/2016;14:48:00;510;sem vítima;106;BR-040/RJ;Norte;Colisão Lateral;1;2;;;;;1
04/11/2016;17:08:00;538;sem vítima;55;BR-040/RJ;Norte;Colisão Lateral;1;2;;;;;1
05/11/2016;19:58:00;709;sem vítima;13;BR-040/RJ;Sul;Choque - Objeto Fixo;1;1;;;;;1
08/11/2016;13:47:00;1047;com vítima;91;BR-040/RJ;Norte;Colisão Traseira;1;1;2;;;;1
08/11/2016;14:33:00;1051;com vítima;123;BR-040/RJ;Norte;Colisão Lateral;1;1;2;;;;1
08/11/2016;15:57:00;1062;sem vítima;124;BR-040/RJ;Norte;Colisão Lateral;1;2;;;;;1
09/11/2016;12:46:00;1171;com vítima;113;BR-040/RJ;Norte;Colisão Lateral;1;1;3;;;;1
10/11/2016;12:43:00;1304;sem vítima;109;BR-040/RJ;Norte;Colisão Lateral;1;2;;;;;1
11/11/2016;05:15:00;1420;com vítima;110;BR-040/RJ;Sul;Capotamento;1;1;;1;;;2
14/11/2016;12:22:00;1985;com vítima;17;BR-040/RJ;Norte;Choque - Objeto Fixo;1;0;1;;;;1
17/11/2016;15:02:00;2511;sem vítima;103;BR-040/RJ;Sul;Colisão Traseira;1;2;;;;;1
18/11/2016;01:34:00;2580;sem vítima;96;BR-040/RJ;Sul;Derrapagem;1;1;;;;;1
21/11/2016;09:34:00;3073;com vítima;124;BR-040/RJ;Sul;Colisão Lateral;1;2;1;;;;1
23/11/2016;05:32:00;3348;com vítima;825;BR-040/MG;Norte;Tombamento;1;0;1;;;;1
23/11/2016;13:50:00;3398;sem vítima;93;BR-040/RJ;Norte;Derrapagem;1;1;;;;;1
23/11/2016;16:01:00;3411;sem vítima;89;BR-040/RJ;Sul;Choque - Objeto Fixo;1;1;;;;;1
24/11/2016;08:49:00;3499;com vítima;116;BR-040/RJ;Sul;Colisão Traseira;1;1;1;;;;1
24/11/2016;10:31:00;3520;com vítima;90;BR-040/RJ;Norte;Colisão Lateral;1;1;3;;;;1
24/11/2016;13:20:00;3536;sem vítima;95;BR-040/RJ;Sul;Choque - Objeto Fixo;1;3;;;;;1
25/11/2016;05:25:00;3623;com vítima;22;BR-040/RJ;Sul;Colisão Traseira;2;0;3;;;;1
29/11/2016;08:11:00;4270;com vítima;96;BR-040/RJ;Norte;Tombamento;1;0;1;;;;1
29/11/2016;10:08:00;4282;com vítima;115;BR-040/RJ;Norte;Colisão Traseira;1;1;1;;;;1
29/11/2016;15:48:00;4321;sem vítima;109;BR-040/RJ;Norte;Colisão Lateral;1;2;;;;;1
30/11/2016;06:11:00;4375;sem vítima;92;BR-040/RJ;Sul;Choque - Objeto Fixo;1;1;;;;;1
30/11/2016;13:09:00;4426;com vítima;118;BR-040/RJ;Norte;Colisão Lateral;1;1;;1;;;2
30/11/2016;14:02:00;4432;com vítima;122;BR-040/RJ;Sul;Colisão Traseira;1;1;;4;1;;2
01/12/2016;11:12:00;57;sem vítima;110;BR-040/RJ;Sul;Choque - Objeto Fixo;1;2;;;;;1
02/12/2016;08:54:00;181;sem vítima;123;BR-040/RJ;Sul;Colisão Traseira;1;2;;;;;1
05/12/2016;14:26:00;680;sem vítima;789;BR-040/MG;Sul;Colisão Traseira;2;2;;;;;1
06/12/2016;06:07:00;771;com vítima;808;BR-040/MG;Sul;Colisão Traseira;1;1;3;;;;1
06/12/2016;09:19:00;787;com vítima;113;BR-040/RJ;Norte;Tombamento;1;0;1;;;;1
06/12/2016;11:45:00;799;com vítima;31;BR-040/RJ;Norte;Tombamento;1;0;;1;;;2
08/12/2016;06:05:00;1014;com vítima;85;BR-040/RJ;Sul;Tombamento;1;0;;2;;;2
08/12/2016;09:49:00;1044;sem vítima;782;BR-040/MG;Norte;Colisão Traseira;1;2;;;;;1
08/12/2016;16:00:00;1102;com vítima;800;BR-040/MG;Norte;Colisão Traseira;1;0;3;;;;1
09/12/2016;15:13:00;1254;sem vítima;793;BR-040/MG;Norte;Derrapagem;1;1;;;;;1
09/12/2016;16:19:00;1264;sem vítima;783;BR-040/MG;Norte;Colisão Lateral;1;2;;;;;1
09/12/2016;19:55:00;1307;sem vítima;93;BR-040/RJ;Sul;Choque - Objeto Fixo;1;1;;;;;1
10/12/2016;13:42:00;1421;sem vítima;121;BR-040/RJ;Norte;Engavetamento;1;3;;;;;1
11/12/2016;20:15:00;1632;sem vítima;778;BR-040/MG;Norte;Atropelamento - Animal;1;1;;;;;1
12/12/2016;18:53:00;1785;com vítima;112;BR-040/RJ;Sul;Colisão Traseira;1;1;1;;;;1
12/12/2016;21:59:00;1811;com vítima;117;BR-040/RJ;Sul;Colisão Traseira;1;1;2;1;1;;2
14/12/2016;06:41:00;1991;com vítima;78;BR-040/RJ;Norte;Tombamento;1;0;1;;;;1
14/12/2016;06:52:00;1996;com vítima;5;BR-040/RJ;Norte;Tombamento;1;0;1;;;;1
14/12/2016;11:55:00;2038;sem vítima;783;BR-040/MG;Sul;Colisão Traseira;2;2;;;;;1
14/12/2016;16:35:00;2074;sem vítima;85;BR-040/RJ;Sul;Colisão Traseira;1;2;;;;;1
14/12/2016;23:31:00;2134;sem vítima;13;BR-040/RJ;Sul;Derrapagem;1;1;;;;;1
17/12/2016;12:12:00;2546;com vítima;121;BR-040/RJ;Norte;Colisão Traseira;1;1;1;;;;1
17/12/2016;20:27:00;2614;sem vítima;62;BR-040/RJ;Sul;Colisão Traseira;2;3;;;;;1
19/12/2016;01:41:00;2773;sem vítima;38;BR-040/RJ;Norte;Choque - Objeto Fixo;1;1;;;;;1
19/12/2016;14:50:00;2874;sem vítima;113;BR-040/RJ;Sul;Colisão Lateral;2;2;;;;;1
19/12/2016;15:50:00;2880;sem vítima;108;BR-040/RJ;Norte;Colisão Lateral;1;2;;;;;1
19/12/2016;15:30:00;2881;sem vítima;116;BR-040/RJ;Sul;Colisão Lateral;1;2;;;;;1
20/12/2016;01:16:00;2947;com vítima;806;BR-040/MG;Sul;Tombamento;1;0;1;;;;1
20/12/2016;09:11:00;2977;com vítima;114;BR-040/RJ;Norte;Colisão Traseira;1;1;1;;;;1
20/12/2016;11:00:00;3000;com vítima;122;BR-040/RJ;Norte;Colisão Lateral;1;1;4;;;;1
20/12/2016;14:29:00;3032;sem vítima;124;BR-040/RJ;Sul;Colisão Lateral;1;2;;;;;1
21/12/2016;20:51:00;3269;com vítima;1;BR-040/RJ;Norte;Tombamento;1;0;;;;1;3
23/12/2016;07:20:00;3493;sem vítima;5;BR-040/RJ;Norte;Colisão Traseira;2;2;;;;;1
23/12/2016;07:42:00;3498;com vítima;59;BR-040/RJ;Norte;Tombamento;1;0;;1;;;2
24/12/2016;04:13:00;3660;com vítima;92;BR-040/RJ;Sul;Tombamento;1;0;1;;;;1
24/12/2016;06:47:00;3674;com vítima;118;BR-040/RJ;Norte;Colisão Traseira;1;1;;1;2;;2
26/12/2016;10:10:00;3998;sem vítima;109;BR-040/RJ;Norte;Tombamento;1;1;;;;;1
27/12/2016;13:40:00;4214;sem vítima;816;BR-040/MG;Sul;Colisão Lateral;1;2;;;;;1
28/12/2016;06:47:00;4347;sem vítima;117;BR-040/RJ;Sul;Colisão Lateral;1;2;;;;;1
28/12/2016;16:35:00;4446;sem vítima;114;BR-040/RJ;Sul;Colisão Traseira;1;2;;;;;1
28/12/2016;20:48:00;4482;sem vítima;124;BR-040/RJ;Norte;Colisão Traseira;1;2;;;;;1
29/12/2016;08:26:00;4530;com vítima;85;BR-040/RJ;Sul;Choque - Objeto Fixo;1;1;;1;;;2
29/12/2016;12:44:00;4568;com vítima;118;BR-040/RJ;Sul;Colisão Traseira;1;1;2;;;;1
29/12/2016;13:53:00;4580;sem vítima;117;BR-040/RJ;Sul;Colisão Lateral;1;2;;;;;1
29/12/2016;16:42:00;4608;com vítima;90;BR-040/RJ;Sul;Colisão Traseira;1;1;4;1;;;2
30/12/2016;02:52:00;4680;sem vítima;121;BR-040/RJ;Norte;Derrapagem;1;1;;;;;1
30/12/2016;07:42:00;4703;com vítima;80;BR-040/RJ;Sul;Colisão Lateral;1;0;2;1;;;2
02/01/2017;06:32:00;196;com vítima;821;BR-040/MG;Norte;Choque - Objeto Fixo;1;0;2;;;;1
03/01/2017;11:38:00;419;sem vítima;74;BR-040/RJ;Norte;Colisão Traseira;1;2;;;;;1
03/01/2017;16:51:00;466;sem vítima;99;BR-040/RJ;Norte;Tombamento;1;2;;;;;1
03/01/2017;19:05:00;486;com vítima;64;BR-040/RJ;Sul;Choque - Objeto Fixo;1;0;;1;;;2
03/01/2017;20:54:00;501;sem vítima;13;BR-040/RJ;Sul;Tombamento;1;1;;;;;1
04/01/2017;23:05:00;674;com vítima;76;BR-040/RJ;Sul;Colisão Lateral;1;0;4;;;;1
05/01/2017;13:35:00;743;sem vítima;109;BR-040/RJ;Norte;Colisão Lateral;1;2;;;;;1
05/01/2017;18:14:00;779;sem vítima;92;BR-040/RJ;Sul;Choque - Objeto Fixo;1;1;;;;;1
06/01/2017;10:00:00;868;com vítima;123;BR-040/RJ;Norte;Choque - Objeto Fixo;1;0;1;;;;1
10/01/2017;04:54:00;1458;sem vítima;122;BR-040/RJ;Sul;Colisão Traseira;1;2;;;;;1
10/01/2017;09:40:00;1494;sem vítima;89;BR-040/RJ;Sul;Choque - Objeto Fixo;1;1;;;;;1
10/01/2017;09:52:00;1500;sem vítima;123;BR-040/RJ;Norte;Colisão Lateral;1;2;;;;;1
11/01/2017;15:27:00;1692;sem vítima;10;BR-040/RJ;Norte;Choque - Objeto Fixo;1;1;;;;;1
13/01/2017;07:18:00;1909;com vítima;93;BR-040/RJ;Sul;Tombamento;1;0;2;1;;;2
13/01/2017;13:51:00;1964;sem vítima;63;BR-040/RJ;Sul;Choque - Objeto Fixo;1;1;;;;;1
14/01/2017;04:14:00;2043;com vítima;109;BR-040/RJ;Norte;Colisão Traseira;1;1;;;2;;2
15/01/2017;18:30:00;2278;sem vítima;102;BR-040/RJ;Sul;Engavetamento;1;3;;;;;1
16/01/2017;05:53:00;2345;com vítima;112;BR-040/RJ;Sul;Atropelamento - Pedestre;1;1;;;1;;2
16/01/2017;19:13:00;2466;sem vítima;108;BR-040/RJ;Norte;Tombamento;1;1;;;;;1
17/01/2017;11:14:00;2554;com vítima;85;BR-040/RJ;Sul;Tombamento;1;0;;;1;;2
17/01/2017;14:17:00;2574;sem vítima;123;BR-040/RJ;Sul;Choque - Objeto Fixo;1;1;;;;;1
18/01/2017;11:00:00;2680;com vítima;120;BR-040/RJ;Norte;Colisão Traseira;1;1;1;;;;1
18/01/2017;21:21:00;2750;com vítima;118;BR-040/RJ;Norte;Colisão Frontal;1;1;;2;;;2
20/01/2017;05:55:00;2936;sem vítima;71;BR-040/RJ;Norte;Choque - Objeto Fixo;1;1;;;;;1
21/01/2017;01:20:00;3079;com vítima;824;BR-040/MG;Sul;Colisão Traseira;1;1;3;5;;;2
21/01/2017;13:52:00;3131;sem vítima;3;BR-040/RJ;Sul;Colisão Lateral;1;2;;;;;1
23/01/2017;23:10:00;3444;sem vítima;89;BR-040/RJ;Sul;Choque - Objeto Fixo;1;1;;;;;1
24/01/2017;11:00:00;3495;sem vítima;92;BR-040/RJ;Norte;Choque - Objeto Fixo;1;1;;;;;1
25/01/2017;17:39:00;3715;com vítima;13;BR-040/RJ;Sul;Derrapagem;1;0;1;;;;1
27/01/2017;02:22:00;3884;sem vítima;109;BR-040/RJ;Sul;Choque - Objeto Fixo;1;1;;;;;1
27/01/2017;20:24:00;4043;com vítima;824;BR-040/MG;Norte;Choque - Objeto Fixo;1;1;4;;;;1
28/01/2017;09:57:00;4130;com vítima;86;BR-040/RJ;Sul;Choque - Objeto Fixo;1;0;2;;;;1
28/01/2017;13:41:00;4160;com vítima;91;BR-040/RJ;Sul;Tombamento;1;0;;;2;1;3
30/01/2017;01:39:00;4411;com vítima;806;BR-040/MG;Sul;Choque - Objeto Fixo;1;0;1;;;;1
30/01/2017;15:55:00;4502;sem vítima;824;BR-040/MG;Norte;Choque - Objeto Fixo;1;1;;;;;1
31/01/2017;11:40:00;4618;sem vítima;102;BR-040/RJ;Sul;Engavetamento;1;3;;;;;1
31/01/2017;23:02:00;4705;com vítima;85;BR-040/RJ;Sul;Choque - Objeto Fixo;1;0;1;;;;1
01/02/2017;05:54:00;27;sem vítima;124;BR-040/RJ;Sul;Engavetamento;1;3;;;;;1
01/02/2017;13:11:00;76;sem vítima;119;BR-040/RJ;Sul;Colisão Traseira;1;2;;;;;1
01/02/2017;16:56:00;103;com vítima;119;BR-040/RJ;Norte;Colisão Lateral;1;1;1;;;;1
01/02/2017;17:38:00;110;sem vítima;109;BR-040/RJ;Norte;Colisão Lateral;1;2;;;;;1
02/02/2017;01:55:00;167;sem vítima;823;BR-040/MG;Norte;Colisão Traseira;2;2;;;;;1
02/02/2017;21:58:00;294;sem vítima;114;BR-040/RJ;Sul;Colisão Lateral;1;2;;;;;1
03/02/2017;01:55:00;322;com vítima;70;BR-040/RJ;Norte;Derrapagem;1;0;1;;;;1
03/02/2017;09:05:00;360;com vítima;800;BR-040/MG;Sul;Atropelamento - Pedestre;1;1;;;1;;2
03/02/2017;17:38:00;435;com vítima;18;BR-040/RJ;Norte;Tombamento;1;0;1;;;;1
05/02/2017;13:42:00;643;com vítima;113;BR-040/RJ;Norte;Colisão Traseira;1;0;2;;;;1
06/02/2017;02:50:00;727;com vítima;803;BR-040/MG;Sul;Tombamento;1;0;1;;;;1
06/02/2017;12:03:00;790;sem vítima;796;BR-040/MG;Norte;Choque - Objeto Fixo;1;1;;;;;1
07/02/2017;07:19:00;886;com vítima;119;BR-040/RJ;Sul;Engavetamento;1;2;1;;;;1
07/02/2017;18:23:00;983;com vítima;123;BR-040/RJ;Sul;Colisão Transversal;1;1;3;1;;;2
07/02/2017;19:25:00;990;sem vítima;82;BR-040/RJ;Sul;Choque - Objeto Fixo;1;2;;;;;1
07/02/2017;23:54:00;1019;sem vítima;16;BR-040/RJ;Sul;Atropelamento - Animal;1;1;;;;;1
08/02/2017;08:35:00;1066;sem vítima;92;BR-040/RJ;Sul;Colisão Lateral;1;2;;;;;1
08/02/2017;10:30:00;1077;sem vítima;102;BR-040/RJ;Norte;Choque - Objeto Fixo;1;1;;;;;1
09/02/2017;03:02:00;1177;sem vítima;824;BR-040/MG;Norte;Derrapagem;1;1;;;;;1
10/02/2017;15:54:00;1383;sem vítima;78;BR-040/RJ;Norte;Choque - Objeto Fixo;1;1;;;;;1
11/02/2017;23:34:00;1554;sem vítima;19;BR-040/RJ;Norte;Atropelamento - Animal;1;1;;;;;1
12/02/2017;18:22:00;1633;sem vítima;816;BR-040/MG;Sul;Colisão Lateral;1;2;;;;;1
13/02/2017;06:03:00;1682;com vítima;93;BR-040/RJ;Sul;Tombamento;1;0;1;;;;1
15/02/2017;18:38:00;2028;sem vítima;119;BR-040/RJ;Norte;Colisão Traseira;1;2;;;;;1
17/02/2017;01:17:00;2193;com vítima;62;BR-040/RJ;Sul;Tombamento;1;0;1;;;;1
17/02/2017;09:52:00;2242;com vítima;40;BR-040/RJ;Sul;Colisão Lateral;1;0;2;;;1;3
20/02/2017;21:28:00;2746;com vítima;118;BR-040/RJ;Norte;Colisão Transversal;1;0;3;;;;1
21/02/2017;20:49:00;2883;com vítima;93;BR-040/RJ;Sul;Choque - Objeto Fixo;1;0;1;1;;;2
22/02/2017;01:33:00;2904;sem vítima;92;BR-040/RJ;Sul;Colisão Traseira;2;2;;;;;1
22/02/2017;23:02:00;3038;sem vítima;72;BR-040/RJ;Sul;Colisão Lateral;2;2;;;;;1
23/02/2017;08:41:00;3083;sem vítima;122;BR-040/RJ;Sul;Colisão Traseira;1;2;;;;;1
23/02/2017;13:40:00;3133;com vítima;51;BR-040/RJ;Sul;Colisão Lateral;1;0;3;;;;1
23/02/2017;17:41:00;3164;sem vítima;800;BR-040/MG;Norte;Colisão Traseira;2;3;;;;;1
23/02/2017;18:41:00;3174;sem vítima;85;BR-040/RJ;Sul;Engavetamento;2;3;;;;;1
24/02/2017;19:00:00;3350;sem vítima;113;BR-040/RJ;Norte;Colisão Lateral;2;2;;;;;1
02/03/2017;06:36:00;200;com vítima;111;BR-040/RJ;Sul;Tombamento;1;0;1;;;;1
02/03/2017;16:23:00;274;com vítima;97;BR-040/RJ;Sul;Choque - Objeto Fixo;1;0;1;;;;1
03/03/2017;15:13:00;396;sem vítima;87;BR-040/RJ;Norte;Colisão Traseira;1;2;;;;;1
03/03/2017;20:23:00;426;sem vítima;108;BR-040/RJ;Norte;Colisão Lateral;1;2;;;;;1
04/03/2017;10:35:00;491;com vítima;109;BR-040/RJ;Sul;Engavetamento;2;0;11;6;;;2
04/03/2017;17:47:00;558;sem vítima;109;BR-040/RJ;Sul;Colisão Traseira;1;2;;;;;1
05/03/2017;21:55:00;578;sem vítima;9;BR-040/RJ;Norte;Colisão Traseira;2;2;;;;;1
06/03/2017;05:23:00;732;sem vítima;816;BR-040/MG;Sul;Colisão Lateral;1;2;;;;;1
06/03/2017;16:24:00;818;sem vítima;12;BR-040/RJ;Sul;Choque - Objeto Fixo;1;1;;;;;1