data;horario;n_da_ocorrencia;tipo_de_ocorrencia;km;trecho;sentido;tipo_de_acidente;caminhao;ilesos;levemente_feridos;moderadamente_feridos;gravemente_feridos;mortos;3
06/03/2017;17:35:00;833;sem vítima;783;BR-040/MG;Sul;Colisão Traseira;2;2;;;;;1
07/03/2017;02:03:00;885;com vítima;87;BR-040/RJ;Sul;Derrapagem;1;0;1;;;;1
07/03/2017;21:00:00;1007;sem vítima;111;BR-040/RJ;Norte;Engavetamento;1;3;;;;;1
08/03/2017;07:42:00;1042;sem vítima;77;BR-040/RJ;Sul;Choque - Objeto Fixo;1;1;;;;;1
09/03/2017;20:35:00;1278;sem vítima;84;BR-040/RJ;Sul;Choque - Objeto Fixo;1;1;;;;;1
11/03/2017;10:19:00;1487;sem vítima;124;BR-040/RJ;Norte;Colisão Traseira;1;2;;;;;1
13/03/2017;17:22:00;1822;sem vítima;122;BR-040/RJ;Norte;Colisão Traseira;1;2;;;;;1
15/03/2017;21:25:00;2106;sem vítima;119;BR-040/RJ;Norte;Choque - Objeto Fixo;1;1;;;;;1
16/03/2017;00:46:00;2118;com vítima;780;BR-040/MG;Sul;Derrapagem;1;0;1;;;;1
16/03/2017;09:41:00;2158;com vítima;123;BR-040/RJ;Norte;Colisão Lateral;2;1;3;;;;1
16/03/2017;13:36:00;2187;sem vítima;98;BR-040/RJ;Norte;Choque - Objeto Fixo;1;1;;;;;1
17/03/2017;05:13:00;2269;com vítima;104;BR-040/RJ;Sul;Choque - Objeto Fixo;1;0;3;;;;1
18/03/2017;04:09:00;2404;com vítima;70;BR-040/RJ;Sul;Colisão Traseira;1;1;;1;;;2
18/03/2017;17:40:00;2506;sem vítima;57;BR-040/RJ;Norte;Colisão Lateral;1;2;;;;;1
22/03/2017;15:19:00;3014;com vítima;123;BR-040/RJ;Norte;Colisão Lateral;1;1;4;;;;1
22/03/2017;19:41:00;3038;com vítima;123;BR-040/RJ;Norte;Colisão Lateral;1;1;;1;;;2
28/03/2017;13:51:00;3749;sem vítima;82;BR-040/RJ;Sul;Choque - Objeto Fixo;1;1;;;;;1
28/03/2017;15:28:00;3762;com vítima;39;BR-040/RJ;Norte;Tombamento;1;0;3;;;;1
28/03/2017;15:39:00;3764;com vítima;112;BR-040/RJ;Norte;Colisão Traseira;1;1;2;;;;1
29/03/2017;06:59:00;3837;com vítima;94;BR-040/RJ;Sul;Tombamento;1;0;;;;1;3
29/03/2017;22:27:00;3938;sem vítima;105;BR-040/RJ;Sul;Colisão Frontal;1;2;;;;;1
30/03/2017;00:28:00;3946;sem vítima;94;BR-040/RJ;Sul;Derrapagem;1;1;;;;;1
31/03/2017;10:27:00;4128;sem vítima;124;BR-040/RJ;Sul;Colisão Traseira;1;2;;;;;1
31/03/2017;15:11:00;4154;sem vítima;122;BR-040/RJ;Norte;Colisão Lateral;1;2;;;;;1
31/03/2017;17:13:00;4163;sem vítima;123;BR-040/RJ;Norte;Colisão Lateral;1;2;;;;;1
03/04/2017;21:44:00;386;sem vítima;780;BR-040/MG;Sul;Colisão Lateral;1;2;;;;;1
04/04/2017;16:48:00;500;sem vítima;109;BR-040/RJ;Norte;Colisão Lateral;2;2;;;;;1
05/04/2017;04:00:00;557;com vítima;792;BR-040/MG;Sul;Derrapagem;1;0;2;;;;1
05/04/2017;07:38:00;575;com vítima;87;BR-040/RJ;Sul;Tombamento;1;0;;1;;1;3
05/04/2017;17:36:00;649;sem vítima;60;BR-040/RJ;Norte;Colisão Lateral;1;2;;;;;1
05/04/2017;20:17:00;665;com vítima;821;BR-040/MG;Norte;Colisão Traseira;2;1;;1;;;2
06/04/2017;12:17:00;743;sem vítima;109;BR-040/RJ;Norte;Colisão Lateral;1;2;;;;;1
06/04/2017;14:48:00;765;com vítima;85;BR-040/RJ;Sul;Choque - Objeto Fixo;1;0;3;;;;1
07/04/2017;12:19:00;882;sem vítima;92;BR-040/RJ;Sul;Choque - Objeto Fixo;1;1;;;;;1
07/04/2017;21:39:00;952;com vítima;119;BR-040/RJ;Sul;Choque - Objeto Fixo;1;0;3;;;;1
08/04/2017;06:45:00;1008;com vítima;124;BR-040/RJ;Sul;Engavetamento;1;1;7;;;;1
10/04/2017;07:02:00;1281;com vítima;85;BR-040/RJ;Sul;Tombamento;1;0;;1;;;2
10/04/2017;15:04:00;1337;sem vítima;116;BR-040/RJ;Norte;Colisão Lateral;2;2;;;;;1
11/04/2017;14:55:00;1482;sem vítima;85;BR-040/RJ;Sul;Choque - Objeto Fixo;1;1;;;;;1
11/04/2017;17:34:00;1511;sem vítima;119;BR-040/RJ;Sul;Choque - Objeto Fixo;1;2;;;;;1
14/04/2017;15:43:00;1976;sem vítima;53;BR-040/RJ;Sul;Colisão Lateral;1;2;;;;;1
15/04/2017;07:19:00;2018;com vítima;39;BR-040/RJ;Sul;Choque - Objeto Fixo;1;0;;1;;;2
15/04/2017;20:01:00;2064;com vítima;85;BR-040/RJ;Sul;Tombamento;1;0;1;1;;;2
17/04/2017;08:33:00;2261;sem vítima;121;BR-040/RJ;Sul;Engavetamento;2;3;;;;;1
20/04/2017;07:09:00;2694;sem vítima;108;BR-040/RJ;Sul;Engavetamento;1;3;;;;;1
21/04/2017;05:16:00;2830;com vítima;103;BR-040/RJ;Norte;Colisão Traseira;1;1;;2;;;2
21/04/2017;14:00:00;2880;sem vítima;16;BR-040/RJ;Norte;Tombamento;1;1;;;;;1
22/04/2017;11:52:00;3003;sem vítima;109;BR-040/RJ;Sul;Colisão Traseira;1;2;;;;;1
22/04/2017;16:11:00;3040;com vítima;122;BR-040/RJ;Norte;Tombamento;1;0;;1;1;;2
24/04/2017;14:28:00;3302;sem vítima;109;BR-040/RJ;Norte;Engavetamento;4;4;;;;;1
26/04/2017;09:08:00;3519;sem vítima;109;BR-040/RJ;Norte;Colisão Lateral;1;2;;;;;1
26/04/2017;10:30:00;3529;sem vítima;91;BR-040/RJ;Norte;Colisão Lateral;1;2;;;;;1
26/04/2017;10:24:00;3530;sem vítima;104;BR-040/RJ;Norte;Colisão Traseira;1;2;;;;;1
26/04/2017;15:32:00;3564;sem vítima;79;BR-040/RJ;Sul;Choque - Objeto Fixo;1;1;;;;;1
28/04/2017;05:10:00;3731;sem vítima;71;BR-040/RJ;Norte;Derrapagem;1;1;;;;;1
28/04/2017;13:57:00;3767;com vítima;74;BR-040/RJ;Norte;Colisão Traseira;1;0;3;;;;1
02/05/2017;04:35:00;127;com vítima;30;BR-040/RJ;Norte;Tombamento;1;0;1;;;;1
02/05/2017;16:31:00;204;sem vítima;119;BR-040/RJ;Norte;Choque - Objeto Fixo;1;1;;;;;1
03/05/2017;08:07:00;277;com vítima;122;BR-040/RJ;Sul;Colisão Lateral;1;2;;1;;;2
03/05/2017;10:00:00;286;sem vítima;112;BR-040/RJ;Norte;Colisão Traseira;1;3;;;;;1
03/05/2017;15:36:00;321;sem vítima;86;BR-040/RJ;Norte;Choque - Objeto Fixo;1;1;;;;;1
04/05/2017;19:14:00;495;sem vítima;121;BR-040/RJ;Norte;Colisão Lateral;1;2;;;;;1
04/05/2017;22:00:00;508;sem vítima;21;BR-040/RJ;Norte;Derrapagem;1;1;;;;;1
05/05/2017;10:00:00;566;sem vítima;84;BR-040/RJ;Norte;Choque - Objeto Fixo;1;1;;;;;1
05/05/2017;17:53:00;630;sem vítima;109;BR-040/RJ;Sul;Engavetamento;1;3;;;;;1
07/05/2017;21:37:00;862;sem vítima;53;BR-040/RJ;Sul;Colisão Lateral;2;2;;;;;1
08/05/2017;11:24:00;931;com vítima;118;BR-040/RJ;Norte;Colisão Lateral;1;0;2;;;;1
08/05/2017;13:33:00;942;com vítima;118;BR-040/RJ;Norte;Tombamento;1;0;2;1;;;2
08/05/2017;13:40:00;944;com vítima;62;BR-040/RJ;Sul;Choque - Objeto Fixo;1;0;1;;;;1
09/05/2017;10:43:00;1052;com vítima;116;BR-040/RJ;Sul;Colisão Lateral;1;1;1;;;;1
11/05/2017;07:05:00;1284;sem vítima;124;BR-040/RJ;Sul;Colisão Lateral;1;2;;;;;1
11/05/2017;11:29:00;1328;sem vítima;99;BR-040/RJ;Norte;Colisão Lateral;1;2;;;;;1
11/05/2017;19:05:00;1377;com vítima;123;BR-040/RJ;Sul;Colisão Traseira;1;1;1;;;;1
12/05/2017;15:48:00;1477;sem vítima;111;BR-040/RJ;Norte;Colisão Lateral;1;2;;;;;1
12/05/2017;15:40:00;1481;com vítima;74;BR-040/RJ;Norte;Colisão Traseira;1;1;3;;;;1
14/05/2017;17:02:00;1762;com vítima;94;BR-040/RJ;Sul;Choque - Objeto Fixo;1;0;1;;;;1
16/05/2017;06:03:00;1962;com vítima;123;BR-040/RJ;Norte;Colisão Lateral;1;1;1;;;;1
16/05/2017;06:20:00;1964;sem vítima;123;BR-040/RJ;Norte;Colisão Traseira;1;2;;;;;1
16/05/2017;17:02:00;2028;sem vítima;119;BR-040/RJ;Norte;Colisão Lateral;1;2;;;;;1
16/05/2017;22:51:00;2062;com vítima;97;BR-040/RJ;Sul;Tombamento;1;1;;;;1;3
17/05/2017;14:52:00;2135;sem vítima;122;BR-040/RJ;Norte;Colisão Lateral;1;2;;;;;1
18/05/2017;02:07:00;2192;sem vítima;86;BR-040/RJ;Sul;Derrapagem;1;1;;;;;1
19/05/2017;06:49:00;2323;com vítima;823;BR-040/MG;Norte;Colisão Lateral;1;0;2;;;;1
21/05/2017;21:12:00;2688;com vítima;812;BR-040/MG;Sul;Colisão Traseira;2;0;2;;;;1
21/05/2017;22:36:00;2697;com vítima;89;BR-040/RJ;Sul;Tombamento;1;0;;;;1;3
22/05/2017;02:28:00;2713;com vítima;3;BR-040/RJ;Sul;Derrapagem;1;1;2;;;;1
22/05/2017;13:44:00;2773;sem vítima;93;BR-040/RJ;Norte;Colisão Frontal;1;2;;;;;1
22/05/2017;17:49:00;2808;sem vítima;92;BR-040/RJ;Norte;Queda de Moto;1;2;;;;;1
22/05/2017;21:38:00;2817;com vítima;90;BR-040/RJ;Sul;Tombamento;1;0;1;;;;1
24/05/2017;18:23:00;3060;sem vítima;105;BR-040/RJ;Norte;Engavetamento;1;3;;;;;1
24/05/2017;19:19:00;3064;sem vítima;101;BR-040/RJ;Norte;Colisão Lateral;2;2;;;;;1
25/05/2017;03:38:00;3087;com vítima;68;BR-040/RJ;Norte;Tombamento;1;0;;1;;;2
25/05/2017;06:20:00;3096;sem vítima;124;BR-040/RJ;Norte;Colisão Traseira;1;2;;;;;1
27/05/2017;07:24:00;3351;com vítima;71;BR-040/RJ;Norte;Colisão Traseira;1;1;1;;;;1
27/05/2017;07:31:00;3353;com vítima;71;BR-040/RJ;Norte;Colisão Traseira;1;0;40;;;;1
27/05/2017;11:24:00;3373;sem vítima;110;BR-040/RJ;Norte;Colisão Traseira;1;2;;;;;1
29/05/2017;12:32:00;3631;com vítima;119;BR-040/RJ;Norte;Engavetamento;1;2;6;;;;1
29/05/2017;19:03:00;3668;sem vítima;121;BR-040/RJ;Norte;Colisão Lateral;1;2;;;;;1
30/05/2017;03:02:00;3689;sem vítima;773;BR-040/MG;Sul;Choque - Objeto Fixo;1;1;;;;;1
30/05/2017;09:15:00;3705;sem vítima;29;BR-040/RJ;Sul;Colisão Lateral;2;2;;;;;1
30/05/2017;11:49:00;3724;com vítima;97;BR-040/RJ;Sul;Colisão Traseira;2;1;1;;;;1
31/05/2017;05:12:00;3804;sem vítima;87;BR-040/RJ;Sul;Choque - Objeto Fixo;1;1;;;;;1
31/05/2017;15:09:00;3865;sem vítima;113;BR-040/RJ;Sul;Colisão Traseira;1;2;;;;;1
31/05/2017;21:23:00;3904;com vítima;45;BR-040/RJ;Norte;Colisão Traseira;1;0;1;1;;;2
01/06/2017;06:29:00;23;com vítima;117;BR-040/RJ;Sul;Colisão Lateral;1;1;1;;;;1
03/06/2017;14:45:00;374;sem vítima;124;BR-040/RJ;Norte;Engavetamento;1;3;;;;;1
04/06/2017;21:37:00;505;com vítima;92;BR-040/RJ;Sul;Tombamento;1;0;;1;;;2
05/06/2017;17:14:00;605;sem vítima;81;BR-040/RJ;Norte;Colisão Traseira;1;2;;;;;1
07/06/2017;05:36:00;769;sem vítima;105;BR-040/RJ;Sul;Colisão Lateral;1;2;;;;;1
10/06/2017;09:14:00;1201;sem vítima;84;BR-040/RJ;Norte;Colisão Traseira;1;2;;;;;1
11/06/2017;09:18:00;1316;sem vítima;86;BR-040/RJ;Norte;Colisão Lateral;1;2;;;;;1
12/06/2017;21:33:00;1504;sem vítima;25;BR-040/RJ;Sul;Colisão Lateral;1;2;;;;;1
14/06/2017;04:06:00;1671;sem vítima;828;BR-040/MG;Sul;Choque - Objeto Fixo;1;1;;;;;1
15/06/2017;15:05:00;1886;com vítima;114;BR-040/RJ;Norte;Capotamento;1;1;2;;;;1
16/06/2017;05:15:00;1947;com vítima;120;BR-040/RJ;Norte;Choque - Objeto Fixo;2;1;5;;;;1
19/06/2017;16:10:00;2369;com vítima;780;BR-040/MG;Sul;Choque - Objeto Fixo;1;0;2;;;;1
19/06/2017;16:10:00;2372;com vítima;780;BR-040/MG;Sul;Choque - Objeto Fixo;1;0;1;;;;1
20/06/2017;01:22:00;2417;com vítima;32;BR-040/RJ;Sul;Tombamento;1;1;1;;;;1
20/06/2017;15:31:00;2471;sem vítima;109;BR-040/RJ;Sul;Colisão Traseira;1;2;;;;;1
20/06/2017;16:41:00;2479;com vítima;92;BR-040/RJ;Sul;Colisão Traseira;2;1;1;1;1;;2
21/06/2017;01:40:00;2516;sem vítima;124;BR-040/RJ;Sul;Derrapagem;1;1;;;;;1
22/06/2017;03:05:00;2653;com vítima;816;BR-040/MG;Norte;Colisão Lateral;2;0;2;;;;1
22/06/2017;03:10:00;2654;com vítima;113;BR-040/RJ;Norte;Tombamento;1;0;2;1;;;2
22/06/2017;08:17:00;2670;sem vítima;123;BR-040/RJ;Sul;Colisão Traseira;1;2;;;;;1
23/06/2017;01:06:00;2765;com vítima;110;BR-040/RJ;Sul;Colisão Traseira;1;1;15;;;;1
23/06/2017;08:19:00;2792;sem vítima;109;BR-040/RJ;Sul;Colisão Traseira;1;2;;;;;1
23/06/2017;16:16:00;2845;sem vítima;109;BR-040/RJ;Norte;Colisão Lateral;2;2;;;;;1
24/06/2017;09:30:00;2946;sem vítima;123;BR-040/RJ;Norte;Colisão Lateral;1;2;;;;;1
27/06/2017;13:03:00;3360;com vítima;85;BR-040/RJ;Sul;Colisão Traseira;2;1;1;;;;1
27/06/2017;14:05:00;3369;com vítima;110;BR-040/RJ;Norte;Colisão Lateral;1;1;1;;;;1
27/06/2017;18:05:00;3400;sem vítima;777;BR-040/MG;Sul;Atropelamento - Animal;1;1;;;;;1
27/06/2017;19:08:00;3407;com vítima;121;BR-040/RJ;Norte;Colisão Lateral;1;0;2;;;;1
28/06/2017;18:05:00;3530;sem vítima;116;BR-040/RJ;Norte;Colisão Traseira;1;3;;;;;1
29/06/2017;12:29:00;3603;sem vítima;77;BR-040/RJ;Sul;Colisão Traseira;2;2;;;;;1
29/06/2017;17:54:00;3643;com vítima;92;BR-040/RJ;Sul;Choque - Objeto Fixo;1;0;1;;;;1
30/06/2017;15:40:00;3756;com vítima;820;BR-040/MG;Norte;Tombamento;1;1;;;1;;2
30/06/2017;16:40:00;3764;sem vítima;795;BR-040/MG;Sul;Colisão Lateral;1;2;;;;;1
03/07/2017;03:31:00;297;com vítima;83;BR-040/RJ;Sul;Colisão Traseira;2;1;1;;;;1
03/07/2017;06:47:00;313;sem vítima;111;BR-040/RJ;Sul;Engavetamento;1;3;;;;;1
03/07/2017;16:21:00;398;sem vítima;116;BR-040/RJ;Norte;Colisão Traseira;1;2;;;;;1
04/07/2017;07:34:00;449;sem vítima;89;BR-040/RJ;Sul;Colisão Traseira;2;2;;;;;1
04/07/2017;09:03:00;454;com vítima;94;BR-040/RJ;Sul;Colisão Traseira;2;1;;;1;;2
05/07/2017;14:11:00;613;sem vítima;84;BR-040/RJ;Norte;Colisão Lateral;1;2;;;;;1
11/07/2017;18:50:00;1444;sem vítima;784;BR-040/MG;Norte;Colisão Lateral;1;2;;;;;1
13/07/2017;05:53:00;1590;sem vítima;61;BR-040/RJ;Sul;Choque - Objeto Fixo;1;1;;;;;1
14/07/2017;15:18:00;1797;com vítima;31;BR-040/RJ;Norte;Choque - Objeto Fixo;1;0;;1;;;2
14/07/2017;15:20:00;1801;sem vítima;111;BR-040/RJ;Norte;Colisão Lateral;1;2;;;;;1
14/07/2017;15:59:00;1803;sem vítima;91;BR-040/RJ;Norte;Colisão Lateral;1;2;;;;;1
17/07/2017;09:19:00;2141;com vítima;101;BR-040/RJ;Sul;Colisão Frontal;1;1;3;;;;1
17/07/2017;14:14:00;2174;com vítima;110;BR-040/RJ;Norte;Colisão Traseira;1;1;1;;;;1
17/07/2017;16:16:00;2186;com vítima;115;BR-040/RJ;Norte;Choque - Objeto Fixo;1;0;;1;;;2
18/07/2017;06:12:00;2237;com vítima;112;BR-040/RJ;Sul;Colisão Traseira;2;0;2;;;;1
24/07/2017;18:50:00;3065;com vítima;118;BR-040/RJ;Norte;Engavetamento;1;2;3;;;;1
25/07/2017;11:55:00;3128;sem vítima;109;BR-040/RJ;Sul;Colisão Traseira;1;2;;;;;1
25/07/2017;17:24:00;3157;sem vítima;807;BR-040/MG;Sul;Colisão Lateral;1;2;;;;;1
26/07/2017;18:44:00;3278;com vítima;111;BR-040/RJ;Sul;Colisão Traseira;1;1;2;;;;1
27/07/2017;15:58:00;3368;com vítima;109;BR-040/RJ;Norte;Colisão Traseira;1;1;;1;;;2
27/07/2017;20:57:00;3395;sem vítima;94;BR-040/RJ;Sul;Tombamento;1;1;;;;;1
28/07/2017;02:07:00;3416;sem vítima;2;BR-040/RJ;Norte;Atropelamento - Animal;1;1;;;;;1
28/07/2017;23:20:00;3531;sem vítima;82;BR-040/RJ;Norte;Colisão Traseira;1;2;;;;;1
31/07/2017;16:30:00;3872;com vítima;78;BR-040/RJ;Norte;Colisão Traseira;2;0;2;;;;1
01/08/2017;16:10:00;63;sem vítima;108;BR-040/RJ;Norte;Colisão Lateral;1;2;;;;;1
02/08/2017;03:01:00;104;com vítima;72;BR-040/RJ;Norte;Tombamento;1;0;;1;;;2
05/08/2017;16:01:00;551;sem vítima;115;BR-040/RJ;Norte;Colisão Lateral;1;2;;;;;1
08/08/2017;09:35:00;867;com vítima;121;BR-040/RJ;Norte;Colisão Lateral;2;1;1;;;;1
09/08/2017;00:44:00;997;com vítima;96;BR-040/RJ;Sul;Tombamento;1;0;1;;;;1
09/08/2017;05:49:00;1007;com vítima;17;BR-040/RJ;Sul;Tombamento;1;0;1;;;;1
11/08/2017;05:07:00;1267;sem vítima;113;BR-040/RJ;Norte;Choque - Objeto Fixo;1;1;;;;;1
11/08/2017;05:54:00;1271;com vítima;98;BR-040/RJ;Sul;Atropelamento - Animal;1;0;3;;;;1
15/08/2017;07:19:00;1786;com vítima;21;BR-040/RJ;Sul;Colisão Traseira;2;1;2;;;;1
16/08/2017;09:12:00;1928;sem vítima;121;BR-040/RJ;Norte;Colisão Lateral;1;2;;;;;1
16/08/2017;14:24:00;1955;sem vítima;87;BR-040/RJ;Norte;Choque - Objeto Fixo;1;1;;;;;1
16/08/2017;21:04:00;1998;sem vítima;824;BR-040/MG;Norte;Colisão Traseira;2;2;;;;;1
16/08/2017;23:50:00;2007;sem vítima;125;BR-040/RJ;Sul;Derrapagem;1;1;;;;;1
17/08/2017;15:54:00;2097;sem vítima;121;BR-040/RJ;Sul;Colisão Traseira;1;2;;;;;1
17/08/2017;18:11:00;2113;com vítima;52;BR-040/RJ;Norte;Colisão Traseira;1;0;3;;;;1
18/08/2017;05:38:00;2160;com vítima;87;BR-040/RJ;Sul;Tombamento;1;0;1;;;;1
19/08/2017;04:45:00;2283;sem vítima;94;BR-040/RJ;Norte;Choque - Objeto Fixo;1;1;;;;;1
21/08/2017;03:51:00;2557;com vítima;77;BR-040/RJ;Sul;Choque - Objeto Fixo;1;0;1;;;;1
21/08/2017;15:18:00;2622;com vítima;94;BR-040/RJ;Sul;Tombamento;1;0;1;;;;1
22/08/2017;11:10:00;2718;sem vítima;109;BR-040/RJ;Norte;Colisão Lateral;1;2;;;;;1
22/08/2017;21:58:00;2764;com vítima;31;BR-040/RJ;Norte;Tombamento;1;0;;2;;;2
23/08/2017;19:21:00;2866;sem vítima;104;BR-040/RJ;Norte;Colisão Lateral;1;2;;;;;1
24/08/2017;15:05:00;2964;sem vítima;113;BR-040/RJ;Norte;Colisão Traseira;1;2;;;;;1
25/08/2017;05:42:00;3031;sem vítima;76;BR-040/RJ;Sul;Choque - Objeto Fixo;1;1;;;;;1
25/08/2017;08:01:00;3039;sem vítima;125;BR-040/RJ;Sul;Engavetamento;1;4;;;;;1
25/08/2017;10:11:00;3052;sem vítima;113;BR-040/RJ;Sul;Colisão Traseira;1;2;;;;;1
25/08/2017;12:45:00;3072;sem vítima;123;BR-040/RJ;Norte;Colisão Lateral;1;2;;;;;1
28/08/2017;07:44:00;3417;com vítima;120;BR-040/RJ;Sul;Colisão Traseira;1;1;1;;;;1
29/08/2017;00:55:00;3513;sem vítima;90;BR-040/RJ;Sul;Colisão Lateral;2;2;;;;;1
29/08/2017;06:26:00;3525;sem vítima;112;BR-040/RJ;Sul;Engavetamento;1;4;;;;;1
29/08/2017;14:53:00;3578;sem vítima;85;BR-040/RJ;Sul;Choque - Objeto Fixo;1;1;;;;;1
30/08/2017;09:15:00;3677;com vítima;25;BR-040/RJ;Sul;Tombamento;1;0;;1;;;2
30/08/2017;17:04:00;3718;sem vítima;804;BR-040/MG;Norte;Colisão Traseira;2;2;;;;;1
31/08/2017;02:23:00;3769;com vítima;89;BR-040/RJ;Sul;Tombamento;1;0;2;;;;1
01/09/2017;10:46:00;62;sem vítima;45;BR-040/RJ;Norte;Colisão Lateral;1;2;;;;;1
05/09/2017;09:49:00;604;sem vítima;123;BR-040/RJ;Sul;Colisão Lateral;1;2;;;;;1
05/09/2017;10:20:00;606;sem vítima;123;BR-040/RJ;Sul;Colisão Lateral;1;2;;;;;1
05/09/2017;15:08:00;641;com vítima;79;BR-040/RJ;Norte;Tombamento;1;1;1;;;;1
06/09/2017;08:51:00;723;sem vítima;113;BR-040/RJ;Sul;Colisão Lateral;1;2;;;;;1
07/09/2017;07:16:00;870;com vítima;112;BR-040/RJ;Sul;Atropelamento - Pedestre;1;1;;;1;;2
07/09/2017;12:42:00;925;com vítima;104;BR-040/RJ;Norte;Colisão Lateral;1;1;3;;;;1
08/09/2017;08:32:00;1030;sem vítima;113;BR-040/RJ;Sul;Choque - Objeto Fixo;1;2;;;;;1
09/09/2017;01:48:00;1146;com vítima;113;BR-040/RJ;Sul;Choque - Objeto Fixo;1;0;2;;;;1
14/09/2017;01:20:00;1786;sem vítima;76;BR-040/RJ;Sul;Derrapagem;1;1;;;;;1
14/09/2017;17:40:00;1880;sem vítima;104;BR-040/RJ;Norte;Colisão Traseira;1;2;;;;;1
21/09/2017;09:25:00;2738;com vítima;113;BR-040/RJ;Sul;Colisão Traseira;1;1;1;;;;1
21/09/2017;13:47:00;2766;com vítima;91;BR-040/RJ;Sul;Tombamento;2;0;1;;;1;3
22/09/2017;00:26:00;2819;sem vítima;825;BR-040/MG;Norte;Choque - Objeto Fixo;1;1;;;;;1
22/09/2017;12:17:00;2878;com vítima;120;BR-040/RJ;Sul;Engavetamento;1;5;3;;;;1
22/09/2017;12:17:00;2881;com vítima;120;BR-040/RJ;Sul;Atropelamento - Pedestre;1;1;;2;;;2
24/09/2017;19:04:00;3183;com vítima;51;BR-040/RJ;Sul;Engavetamento;1;1;4;;;;1
25/09/2017;07:23:00;3247;sem vítima;121;BR-040/RJ;Sul;Colisão Traseira;1;2;;;;;1
25/09/2017;16:56:00;3320;com vítima;105;BR-040/RJ;Norte;Colisão Traseira;1;1;2;;;;1
26/09/2017;02:47:00;3374;com vítima;91;BR-040/RJ;Sul;Choque - Objeto Fixo;1;0;1;;;;1
26/09/2017;18:56:00;3462;sem vítima;77;BR-040/RJ;Norte;Colisão Lateral;1;2;;;;;1
27/09/2017;07:49:00;3512;sem vítima;53;BR-040/RJ;Norte;Colisão Lateral;1;2;;;;;1
27/09/2017;15:16:00;3562;com vítima;96;BR-040/RJ;Norte;Tombamento;1;1;;2;;;2
27/09/2017;17:21:00;3572;sem vítima;125;BR-040/RJ;Norte;Colisão Lateral;2;2;;;;;1
29/09/2017;14:03:00;3791;com vítima;121;BR-040/RJ;Norte;Colisão Lateral;1;1;;;1;;2
29/09/2017;16:40:00;3809;sem vítima;808;BR-040/MG;Sul;Colisão Traseira;1;2;;;;;1
30/09/2017;14:14:00;3937;sem vítima;96;BR-040/RJ;Norte;Tombamento;1;1;;;;;1
03/10/2017;05:50:00;285;com vítima;119;BR-040/RJ;Sul;Atropelamento - Pedestre;1;1;;;1;;2
03/10/2017;06:33:00;287;sem vítima;120;BR-040/RJ;Sul;Colisão Traseira;1;2;;;;;1
03/10/2017;10:46:00;326;com vítima;44;BR-040/RJ;Sul;Choque - Objeto Fixo;1;0;1;;;;1
04/10/2017;07:55:00;402;sem vítima;117;BR-040/RJ;Sul;Colisão Traseira;1;2;;;;;1
05/10/2017;08:15:00;533;com vítima;122;BR-040/RJ;Sul;Colisão Traseira;1;1;2;;;;1
05/10/2017;13:00:00;570;sem vítima;783;BR-040/MG;Sul;Colisão Traseira;1;2;;;;;1
10/10/2017;04:44:00;1217;sem vítima;103;BR-040/RJ;Sul;Choque - Objeto Fixo;1;1;;;;;1
10/10/2017;07:43:00;1232;com vítima;121;BR-040/RJ;Sul;Colisão Traseira;1;1;1;;;;1
10/10/2017;09:26:00;1240;com vítima;30;BR-040/RJ;Norte;Choque - Objeto Fixo;1;0;1;;;;1
10/10/2017;12:58:00;1267;sem vítima;21;BR-040/RJ;Sul;Colisão Traseira;1;2;;;;;1
10/10/2017;19:08:00;1329;sem vítima;120;BR-040/RJ;Norte;Colisão Traseira;1;2;;;;;1
10/10/2017;22:18:00;1344;com vítima;107;BR-040/RJ;Norte;Colisão Frontal;1;1;1;;;;1
11/10/2017;00:25:00;1354;sem vítima;31;BR-040/RJ;Sul;Derrapagem;1;1;;;;;1
11/10/2017;08:02:00;1388;com vítima;805;BR-040/MG;Norte;Colisão Traseira;1;1;;1;;;2
12/10/2017;15:16:00;1659;com vítima;85;BR-040/RJ;Sul;Tombamento;1;1;;;1;;2
12/10/2017;23:38:00;1722;sem vítima;78;BR-040/RJ;Sul;Choque - Objeto Fixo;1;1;;;;;1
14/10/2017;04:18:00;1887;com vítima;25;BR-040/RJ;Sul;Choque - Objeto Fixo;1;0;1;;;;1
14/10/2017;17:59:00;1972;sem vítima;82;BR-040/RJ;Norte;Colisão Lateral;1;2;;;;;1
14/10/2017;19:07:00;1988;sem vítima;109;BR-040/RJ;Sul;Colisão Traseira;1;2;;;;;1
16/10/2017;10:15:00;2215;sem vítima;90;BR-040/RJ;Norte;Colisão Lateral;1;2;;;;;1
16/10/2017;10:16:00;2216;com vítima;113;BR-040/RJ;Sul;Colisão Traseira;1;1;1;;;;1
18/10/2017;00:14:00;2432;sem vítima;92;BR-040/RJ;Sul;Choque - Objeto Fixo;1;1;;;;;1
19/10/2017;08:44:00;2597;sem vítima;85;BR-040/RJ;Sul;Choque - Objeto Fixo;1;1;;;;;1
19/10/2017;14:24:00;2629;sem vítima;60;BR-040/RJ;Norte;Choque - Objeto Fixo;1;1;;;;;1