data;horario;n_da_ocorrencia;tipo_de_ocorrencia;km;trecho;sentido;tipo_de_acidente;caminhao;ilesos;levemente_feridos;moderadamente_feridos;gravemente_feridos;mortos;3
19/10/2017;17:12:00;2659;sem vítima;21;BR-040/RJ;Norte;Colisão Lateral;1;2;;;;;1
19/10/2017;20:01:00;2693;com vítima;95;BR-040/RJ;Sul;Choque - Objeto Fixo;1;0;3;;;;1
20/10/2017;08:27:00;2759;com vítima;113;BR-040/RJ;Sul;Engavetamento;2;4;2;1;;;2
20/10/2017;09:05:00;2765;com vítima;124;BR-040/RJ;Norte;Colisão Traseira;1;1;1;;;;1
20/10/2017;19:07:00;2847;com vítima;794;BR-040/MG;Sul;Colisão Lateral;1;1;2;;;;1
22/10/2017;17:27:00;3114;com vítima;13;BR-040/RJ;Norte;Colisão Traseira;1;3;2;;;;1
23/10/2017;02:04:00;3175;com vítima;42;BR-040/RJ;Sul;Colisão Traseira;2;0;2;;;;1
23/10/2017;05:30:00;3182;sem vítima;13;BR-040/RJ;Sul;Choque - Objeto Fixo;1;1;;;;;1
23/10/2017;10:23:00;3214;sem vítima;110;BR-040/RJ;Norte;Choque - Objeto Fixo;1;1;;;;;1
25/10/2017;02:53:00;3454;sem vítima;114;BR-040/RJ;Sul;Colisão Traseira;2;2;;;;;1
25/10/2017;07:26:00;3466;sem vítima;816;BR-040/MG;Norte;Colisão Traseira;1;2;;;;;1
25/10/2017;10:52:00;3487;sem vítima;119;BR-040/RJ;Norte;Colisão Traseira;1;2;;;;;1
26/10/2017;18:45:00;3687;com vítima;93;BR-040/RJ;Sul;Tombamento;1;0;3;;;;1
28/10/2017;07:56:00;3884;com vítima;78;BR-040/RJ;Sul;Tombamento;1;0;1;;;;1
28/10/2017;11:22:00;3906;sem vítima;116;BR-040/RJ;Norte;Colisão Traseira;1;2;;;;;1
30/10/2017;06:53:00;4120;com vítima;111;BR-040/RJ;Sul;Engavetamento;2;2;1;;;;1
31/10/2017;08:49:00;4270;sem vítima;118;BR-040/RJ;Sul;Colisão Lateral;1;2;;;;;1
01/11/2017;09:20:00;41;sem vítima;96;BR-040/RJ;Sul;Choque - Objeto Fixo;1;2;;;;;1
01/11/2017;14:49:00;67;com vítima;93;BR-040/RJ;Sul;Tombamento;1;0;1;;;;1
04/11/2017;11:16:00;411;sem vítima;123;BR-040/RJ;Norte;Colisão Traseira;1;2;;;;;1
07/11/2017;22:20:00;842;com vítima;79;BR-040/RJ;Sul;Colisão Traseira;2;1;1;1;;;2
08/11/2017;07:00:00;861;sem vítima;96;BR-040/RJ;Norte;Colisão Lateral;1;2;;;;;1
08/11/2017;11:45:00;890;sem vítima;113;BR-040/RJ;Sul;Colisão Traseira;1;2;;;;;1
08/11/2017;18:01:00;921;com vítima;106;BR-040/RJ;Norte;Colisão Traseira;1;0;1;;1;;2
09/11/2017;09:46:00;971;com vítima;121;BR-040/RJ;Sul;Engavetamento;2;3;;1;;;2
10/11/2017;21:28:00;1178;com vítima;124;BR-040/RJ;Norte;Colisão Lateral;1;1;3;1;;;2
13/11/2017;13:23:00;1529;sem vítima;31;BR-040/RJ;Norte;Colisão Traseira;1;2;;;;;1
13/11/2017;20:14:00;1573;com vítima;121;BR-040/RJ;Sul;Colisão Traseira;1;1;1;;;;1
16/11/2017;14:09:00;1895;com vítima;72;BR-040/RJ;Norte;Colisão Traseira;2;0;2;;;;1
16/11/2017;18:45:00;1932;com vítima;813;BR-040/MG;Norte;Tombamento;1;0;4;;;;1
16/11/2017;23:39:00;1956;com vítima;119;BR-040/RJ;Norte;Colisão Traseira;1;1;;1;;;2
17/11/2017;22:07:00;2090;sem vítima;823;BR-040/MG;Sul;Atropelamento - Animal;1;2;;;;;1
18/11/2017;18:44:00;2220;sem vítima;123;BR-040/RJ;Sul;Colisão Lateral;1;2;;;;;1
20/11/2017;00:31:00;2380;sem vítima;79;BR-040/RJ;Norte;Choque - Objeto Fixo;1;1;;;;;1
20/11/2017;01:03:00;2382;com vítima;120;BR-040/RJ;Sul;Colisão Lateral;1;1;1;1;;;2
20/11/2017;07:05:00;2403;com vítima;97;BR-040/RJ;Sul;Tombamento;1;0;3;;;;1
21/11/2017;12:39:00;2578;sem vítima;76;BR-040/RJ;Sul;Choque - Objeto Fixo;1;1;;;;;1
21/11/2017;13:34:00;2585;sem vítima;123;BR-040/RJ;Sul;Colisão Lateral;1;2;;;;;1
21/11/2017;19:56:00;2641;com vítima;121;BR-040/RJ;Norte;Colisão Frontal;1;0;3;1;;;2
21/11/2017;20:29:00;2643;com vítima;120;BR-040/RJ;Norte;Colisão Lateral;1;1;1;;;;1
22/11/2017;04:33:00;2676;sem vítima;820;BR-040/MG;Norte;Tombamento;1;1;;;;;1
22/11/2017;07:08:00;2685;sem vítima;102;BR-040/RJ;Sul;Colisão Traseira;2;2;;;;;1
22/11/2017;13:12:00;2730;sem vítima;0;BR-040/RJ;Norte;Tombamento;1;1;;;;;1
22/11/2017;20:37:00;2769;sem vítima;100;BR-040/RJ;Sul;Colisão Traseira;1;2;;;;;1
23/11/2017;16:43:00;2853;com vítima;104;BR-040/RJ;Norte;Colisão Traseira;1;1;1;;;;1
24/11/2017;05:11:00;2919;sem vítima;112;BR-040/RJ;Sul;Colisão Lateral;1;2;;;;;1
24/11/2017;08:46:00;2941;com vítima;118;BR-040/RJ;Sul;Colisão Lateral;1;1;1;;;;1
24/11/2017;23:06:00;3040;com vítima;822;BR-040/MG;Norte;Colisão Traseira;1;0;3;;;;1
26/11/2017;05:37:00;3196;com vítima;115;BR-040/RJ;Sul;Colisão Traseira;1;1;1;;1;;2
27/11/2017;07:15:00;3310;sem vítima;119;BR-040/RJ;Sul;Colisão Traseira;1;2;;;;;1
28/11/2017;13:16:00;3461;sem vítima;89;BR-040/RJ;Sul;Colisão Traseira;2;2;;;;;1
28/11/2017;15:11:00;3470;sem vítima;125;BR-040/RJ;Sul;Tombamento;1;1;;;;;1
28/11/2017;20:02:00;3496;sem vítima;123;BR-040/RJ;Norte;Colisão Lateral;1;2;;;;;1
29/11/2017;08:43:00;3547;sem vítima;123;BR-040/RJ;Sul;Colisão Lateral;1;2;;;;;1
29/11/2017;17:18:00;3604;sem vítima;113;BR-040/RJ;Sul;Colisão Lateral;1;2;;;;;1
30/11/2017;04:55:00;3645;com vítima;83;BR-040/RJ;Sul;Tombamento;1;0;;1;;;2
30/11/2017;07:46:00;3662;sem vítima;122;BR-040/RJ;Sul;Colisão Lateral;1;2;;;;;1
30/11/2017;11:50:00;3691;sem vítima;122;BR-040/RJ;Norte;Colisão Traseira;1;2;;;;;1
30/11/2017;14:58:00;3713;com vítima;111;BR-040/RJ;Norte;Engavetamento;1;1;2;;;;1
01/12/2017;04:53:00;12;sem vítima;34;BR-040/RJ;Norte;Choque - Objeto Fixo;1;1;;;;;1
02/12/2017;04:22:00;151;com vítima;123;BR-040/RJ;Sul;Colisão Frontal;2;0;1;1;;1;3
02/12/2017;14:40:00;199;com vítima;35;BR-040/RJ;Sul;Colisão Traseira;1;0;3;;;;1
04/12/2017;02:41:00;396;sem vítima;42;BR-040/RJ;Sul;Choque - Objeto Fixo;1;1;;;;;1
04/12/2017;06:47:00;409;sem vítima;19;BR-040/RJ;Norte;Atropelamento - Animal;1;1;;;;;1
04/12/2017;06:56:00;411;sem vítima;79;BR-040/RJ;Sul;Colisão Traseira;1;2;;;;;1
04/12/2017;09:34:00;427;sem vítima;121;BR-040/RJ;Sul;Colisão Lateral;1;2;;;;;1
05/12/2017;07:10:00;538;sem vítima;90;BR-040/RJ;Sul;Colisão Traseira;1;2;;;;;1
06/12/2017;10:56:00;693;sem vítima;79;BR-040/RJ;Sul;Colisão Lateral;1;2;;;;;1
06/12/2017;13:52:00;717;com vítima;109;BR-040/RJ;Norte;Colisão Lateral;1;0;4;;;;1
07/12/2017;13:00:00;823;com vítima;123;BR-040/RJ;Norte;Colisão Traseira;1;0;6;;;;1
08/12/2017;01:31:00;889;com vítima;91;BR-040/RJ;Sul;Tombamento;1;0;1;;;;1
08/12/2017;11:24:00;939;sem vítima;112;BR-040/RJ;Sul;Colisão Lateral;1;2;;;;;1
08/12/2017;11:48:00;940;sem vítima;98;BR-040/RJ;Norte;Choque - Objeto Fixo;1;1;;;;;1
08/12/2017;15:11:00;967;sem vítima;113;BR-040/RJ;Norte;Colisão Traseira;1;2;;;;;1
09/12/2017;05:43:00;1063;com vítima;109;BR-040/RJ;Sul;Colisão Frontal;1;1;;;1;;2
09/12/2017;09:16:00;1086;com vítima;819;BR-040/MG;Norte;Colisão Lateral;1;1;4;;;;1
11/12/2017;07:26:00;1335;sem vítima;120;BR-040/RJ;Sul;Engavetamento;1;3;;;;;1
11/12/2017;08:49:00;1345;com vítima;123;BR-040/RJ;Norte;Tombamento;1;0;1;;;;1
11/12/2017;17:14:00;1402;sem vítima;782;BR-040/MG;Norte;Colisão Traseira;1;2;;;;;1
14/12/2017;12:25:00;1716;com vítima;39;BR-040/RJ;Sul;Colisão Traseira;2;0;1;1;;;2
14/12/2017;15:32:00;1734;sem vítima;45;BR-040/RJ;Norte;Colisão Traseira;1;2;;;;;1
15/12/2017;01:41:00;1785;com vítima;73;BR-040/RJ;Sul;Tombamento;1;0;1;;;;1
15/12/2017;09:18:00;1823;com vítima;123;BR-040/RJ;Sul;Colisão Lateral;1;1;1;;;;1
15/12/2017;12:18:00;1851;sem vítima;123;BR-040/RJ;Norte;Engavetamento;1;3;;;;;1
15/12/2017;17:32:00;1903;com vítima;111;BR-040/RJ;Norte;Colisão Traseira;1;1;;;1;;2
15/12/2017;19:00:00;1915;sem vítima;124;BR-040/RJ;Norte;Colisão Traseira;1;2;;;;;1
16/12/2017;11:55:00;2001;com vítima;804;BR-040/MG;Sul;Colisão Lateral;2;1;6;;;;1
16/12/2017;13:49:00;2021;sem vítima;117;BR-040/RJ;Norte;Colisão Lateral;1;2;;;;;1
18/12/2017;17:28:00;2374;com vítima;104;BR-040/RJ;Norte;Colisão Traseira;1;1;1;;;;1
19/12/2017;09:03:00;2448;sem vítima;121;BR-040/RJ;Sul;Engavetamento;2;3;;;;;1
19/12/2017;18:43:00;2508;com vítima;79;BR-040/RJ;Sul;Choque - Objeto Fixo;1;0;2;;;;1
19/12/2017;22:54:00;2535;sem vítima;115;BR-040/RJ;Sul;Choque - Objeto Fixo;1;2;;;;;1
20/12/2017;09:27:00;2580;sem vítima;120;BR-040/RJ;Sul;Colisão Traseira;1;2;;;;;1
20/12/2017;11:09:00;2591;sem vítima;124;BR-040/RJ;Sul;Colisão Lateral;1;2;;;;;1
20/12/2017;19:49:00;2650;com vítima;85;BR-040/RJ;Sul;Choque - Objeto Fixo;1;0;3;;;;1
21/12/2017;04:10:00;2679;com vítima;79;BR-040/RJ;Norte;Tombamento;1;0;1;;;;1
21/12/2017;15:04:00;2755;sem vítima;124;BR-040/RJ;Sul;Engavetamento;1;3;;;;;1
21/12/2017;17:12:00;2779;sem vítima;96;BR-040/RJ;Sul;Derrapagem;1;1;;;;;1
22/12/2017;16:47:00;2933;sem vítima;92;BR-040/RJ;Sul;Choque - Objeto Fixo;1;2;;;;;1
23/12/2017;06:57:00;3005;sem vítima;112;BR-040/RJ;Norte;Colisão Traseira;1;2;;;;;1
23/12/2017;07:56:00;3012;com vítima;823;BR-040/MG;Sul;Tombamento;1;1;1;;;;1
26/12/2017;15:15:00;3489;sem vítima;123;BR-040/RJ;Sul;Colisão Lateral;1;2;;;;;1
28/12/2017;08:29:00;3717;sem vítima;80;BR-040/RJ;Norte;Choque - Objeto Fixo;1;1;;;;;1
28/12/2017;16:16:00;3786;sem vítima;92;BR-040/RJ;Sul;Colisão Traseira;1;2;;;;;1
30/12/2017;11:29:00;4042;sem vítima;84;BR-040/RJ;Norte;Colisão Lateral;1;2;;;;;1
02/01/2018;11:20:00;185;sem vítima;93;BR-040/RJ;Norte;Colisão Lateral;2;2;;;;;1
05/01/2018;04:21:00;607;sem vítima;13;BR-040/RJ;Sul;Choque - Objeto Fixo;1;1;;;;;1
05/01/2018;04:47:00;608;com vítima;125;BR-040/RJ;Sul;Colisão Frontal;2;1;2;;;;1
05/01/2018;13:19:00;644;com vítima;820;BR-040/MG;Norte;Tombamento;1;0;1;;;;1
05/01/2018;14:43:00;649;sem vítima;110;BR-040/RJ;Norte;Colisão Traseira;1;2;;;;;1
05/01/2018;15:59:00;658;sem vítima;94;BR-040/RJ;Sul;Choque - Objeto Fixo;1;1;;;;;1
06/01/2018;16:18:00;802;com vítima;97;BR-040/RJ;Sul;Capotamento;1;0;2;;;;1
08/01/2018;06:06:00;956;sem vítima;91;BR-040/RJ;Norte;Colisão Lateral;1;2;;;;;1
09/01/2018;19:23:00;1199;com vítima;105;BR-040/RJ;Sul;Colisão Traseira;1;0;4;;;;1
09/01/2018;20:04:00;1202;com vítima;101;BR-040/RJ;Sul;Colisão Lateral;1;1;1;;;;1
10/01/2018;09:55:00;1276;com vítima;78;BR-040/RJ;Sul;Tombamento;1;0;;1;;;2
10/01/2018;19:13:00;1340;com vítima;84;BR-040/RJ;Sul;Choque - Objeto Fixo;1;0;3;;;;1
11/01/2018;14:02:00;1442;com vítima;111;BR-040/RJ;Sul;Colisão Traseira;1;1;3;;;;1
11/01/2018;17:49:00;1473;sem vítima;106;BR-040/RJ;Norte;Colisão Traseira;1;2;;;;;1
13/01/2018;22:06:00;1757;sem vítima;777;BR-040/MG;Norte;Atropelamento - Animal;1;1;;;;;1
15/01/2018;07:28:00;1897;sem vítima;100;BR-040/RJ;Sul;Colisão Lateral;1;2;;;;;1
16/01/2018;09:33:00;2053;com vítima;804;BR-040/MG;Norte;Colisão Traseira;1;1;1;;;;1
17/01/2018;07:06:00;2160;com vítima;108;BR-040/RJ;Norte;Tombamento;1;0;1;;;;1
17/01/2018;09:54:00;2183;sem vítima;108;BR-040/RJ;Norte;Tombamento;1;1;;;;;1
17/01/2018;12:40:00;2209;sem vítima;7;BR-040/RJ;Sul;Colisão Traseira;2;2;;;;;1
18/01/2018;02:21:00;2300;com vítima;25;BR-040/RJ;Sul;Tombamento;1;0;1;;;;1
19/01/2018;14:47:00;2536;sem vítima;108;BR-040/RJ;Norte;Colisão Lateral;1;2;;;;;1
19/01/2018;20:58:00;2586;com vítima;791;BR-040/MG;Norte;Colisão Traseira;1;1;1;;;;1
20/01/2018;02:38:00;2608;sem vítima;802;BR-040/MG;Sul;Colisão Traseira;2;2;;;;;1
21/01/2018;17:28:00;2845;com vítima;112;BR-040/RJ;Sul;Colisão Traseira;1;0;3;;;;1
22/01/2018;12:07:00;2980;com vítima;120;BR-040/RJ;Sul;Choque - Objeto Fixo;1;1;4;;;;1
22/01/2018;18:19:00;3032;sem vítima;34;BR-040/RJ;Norte;Choque - Objeto Fixo;1;1;;;;;1
23/01/2018;07:04:00;3079;sem vítima;124;BR-040/RJ;Sul;Colisão Lateral;1;2;;;;;1
24/01/2018;20:01:00;3355;com vítima;118;BR-040/RJ;Sul;Colisão Traseira;1;1;;;1;;2
25/01/2018;04:06:00;3387;sem vítima;123;BR-040/RJ;Sul;Capotamento;1;1;;;;;1
25/01/2018;18:57:00;3495;com vítima;80;BR-040/RJ;Sul;Choque - Objeto Fixo;2;1;1;;;;1
28/01/2018;00:36:00;3857;sem vítima;94;BR-040/RJ;Norte;Choque - Objeto Fixo;1;1;;;;;1
29/01/2018;16:51:00;4049;com vítima;787;BR-040/MG;Norte;Choque - Objeto Fixo;1;0;1;1;;;2
29/01/2018;17:02:00;4051;sem vítima;14;BR-040/RJ;Sul;Choque - Objeto Fixo;1;1;;;;;1
30/01/2018;03:43:00;4100;com vítima;31;BR-040/RJ;Sul;Capotamento;1;0;1;;;;1
30/01/2018;05:38:00;4109;sem vítima;24;BR-040/RJ;Norte;Derrapagem;1;1;;;;;1
30/01/2018;17:20:00;4175;sem vítima;97;BR-040/RJ;Sul;Colisão Lateral;1;2;;;;;1
31/01/2018;06:40:00;4220;sem vítima;110;BR-040/RJ;Sul;Colisão Lateral;1;2;;;;;1
31/01/2018;09:58:00;4246;com vítima;25;BR-040/RJ;Sul;Tombamento;1;0;;1;;;2
02/02/2018;10:03:00;167;sem vítima;94;BR-040/RJ;Sul;Choque - Objeto Fixo;1;1;;;;;1
02/02/2018;21:26:00;255;com vítima;123;BR-040/RJ;Sul;Engavetamento;1;1;2;;;;1
03/02/2018;09:20:00;310;sem vítima;119;BR-040/RJ;Sul;Colisão Lateral;1;2;;;;;1
04/02/2018;18:52:00;473;com vítima;25;BR-040/RJ;Sul;Tombamento;1;1;1;;;;1
05/02/2018;10:18:00;564;com vítima;18;BR-040/RJ;Norte;Tombamento;1;0;2;;;;1
05/02/2018;14:16:00;589;com vítima;110;BR-040/RJ;Sul;Choque - Objeto Fixo;2;1;1;;;;1
06/02/2018;00:39:00;647;com vítima;793;BR-040/MG;Norte;Colisão Traseira;1;0;4;;;;1
07/02/2018;17:49:00;881;sem vítima;124;BR-040/RJ;Sul;Colisão Lateral;1;2;;;;;1
08/02/2018;11:37:00;961;com vítima;105;BR-040/RJ;Norte;Colisão Traseira;1;2;2;;;;1
08/02/2018;13:24:00;981;sem vítima;86;BR-040/RJ;Norte;Colisão Lateral;1;2;;;;;1
09/02/2018;13:10:00;1119;sem vítima;83;BR-040/RJ;Norte;Colisão Lateral;2;2;;;;;1
09/02/2018;14:07:00;1129;sem vítima;120;BR-040/RJ;Norte;Colisão Traseira;1;2;;;;;1
09/02/2018;21:02:00;1204;com vítima;73;BR-040/RJ;Norte;Objeto lançado contra veículo;1;0;1;;1;;2
10/02/2018;11:31:00;1310;sem vítima;777;BR-040/MG;Norte;Tombamento;1;1;;;;;1
14/02/2018;07:43:00;1752;com vítima;96;BR-040/RJ;Sul;Choque - Objeto Fixo;1;0;1;;;;1
16/02/2018;01:15:00;2018;sem vítima;810;BR-040/MG;Sul;Atropelamento - Animal;1;1;;;;;1
17/02/2018;04:32:00;2153;com vítima;31;BR-040/RJ;Sul;Tombamento;1;0;;1;;;2
19/02/2018;20:33:00;2463;com vítima;103;BR-040/RJ;Norte;Colisão Traseira;1;1;2;;;;1
20/02/2018;10:24:00;2515;com vítima;120;BR-040/RJ;Sul;Colisão Lateral;1;1;1;;;;1
21/02/2018;13:20:00;2642;sem vítima;108;BR-040/RJ;Sul;Colisão Lateral;1;2;;;;;1
22/02/2018;09:16:00;2757;sem vítima;123;BR-040/RJ;Sul;Colisão Lateral;1;2;;;;;1
23/02/2018;15:55:00;2952;sem vítima;817;BR-040/MG;Norte;Choque - Objeto Fixo;1;1;;;;;1
23/02/2018;17:09:00;2961;sem vítima;123;BR-040/RJ;Norte;Colisão Lateral;1;2;;;;;1
26/02/2018;09:16:00;3280;sem vítima;124;BR-040/RJ;Sul;Colisão Lateral;1;2;;;;;1
26/02/2018;13:21:00;3312;sem vítima;124;BR-040/RJ;Sul;Colisão Lateral;1;2;;;;;1
26/02/2018;19:23:00;3348;sem vítima;123;BR-040/RJ;Norte;Colisão Lateral;1;2;;;;;1
27/02/2018;09:55:00;3410;sem vítima;119;BR-040/RJ;Sul;Colisão Lateral;1;2;;;;;1
27/02/2018;12:06:00;3432;sem vítima;45;BR-040/RJ;Sul;Choque - Objeto Fixo;1;1;;;;;1
28/02/2018;05:06:00;3523;com vítima;84;BR-040/RJ;Sul;Colisão Traseira;2;0;3;;;;1
28/02/2018;06:42:00;3530;com vítima;38;BR-040/RJ;Norte;Tombamento;1;0;;2;;;2
28/02/2018;12:39:00;3575;com vítima;113;BR-040/RJ;Sul;Colisão Lateral;1;1;1;;;;1
28/02/2018;16:32:00;3612;sem vítima;119;BR-040/RJ;Norte;Colisão Traseira;1;2;;;;;1
01/03/2018;07:23:00;21;sem vítima;45;BR-040/RJ;Norte;Colisão Traseira;1;2;;;;;1
05/03/2018;16:48:00;628;sem vítima;109;BR-040/RJ;Norte;Colisão Lateral;1;2;;;;;1
05/03/2018;19:06:00;652;sem vítima;85;BR-040/RJ;Sul;Colisão Traseira;1;2;;;;;1
06/03/2018;08:53:00;710;sem vítima;122;BR-040/RJ;Sul;Colisão Lateral;1;2;;;;;1
06/03/2018;12:41:00;734;com vítima;124;BR-040/RJ;Norte;Colisão Lateral;1;1;2;;;;1
06/03/2018;14:06:00;738;sem vítima;120;BR-040/RJ;Sul;Colisão Lateral;1;2;;;;;1
07/03/2018;08:50:00;827;sem vítima;123;BR-040/RJ;Sul;Colisão Lateral;1;2;;;;;1
08/03/2018;10:23:00;977;sem vítima;121;BR-040/RJ;Sul;Colisão Traseira;1;2;;;;;1
08/03/2018;13:54:00;1013;sem vítima;792;BR-040/MG;Norte;Choque - Objeto Fixo;1;1;;;;;1
08/03/2018;19:40:00;1067;sem vítima;109;BR-040/RJ;Sul;Colisão Lateral;1;2;;;;;1
09/03/2018;00:22:00;1093;com vítima;35;BR-040/RJ;Norte;Tombamento;1;0;;;;1;3
09/03/2018;03:16:00;1106;com vítima;121;BR-040/RJ;Sul;Colisão Traseira;1;1;1;;;;1
09/03/2018;11:47:00;1151;sem vítima;80;BR-040/RJ;Norte;Colisão Lateral;2;2;;;;;1
10/03/2018;15:32:00;1315;sem vítima;39;BR-040/RJ;Norte;Colisão Lateral;1;2;;;;;1
10/03/2018;20:48:00;1345;sem vítima;101;BR-040/RJ;Sul;Colisão Traseira;1;2;;;;;1
12/03/2018;08:20:00;1513;sem vítima;123;BR-040/RJ;Sul;Colisão Lateral;1;2;;;;;1
12/03/2018;17:23:00;1583;sem vítima;124;BR-040/RJ;Sul;Colisão Lateral;1;3;;;;;1
13/03/2018;04:55:00;1612;com vítima;124;BR-040/RJ;Sul;Colisão Traseira;1;1;2;;;;1
13/03/2018;07:38:00;1624;sem vítima;101;BR-040/RJ;Norte;Colisão Lateral;1;2;;;;;1
13/03/2018;08:43:00;1635;com vítima;96;BR-040/RJ;Norte;Tombamento;1;1;1;;;;1
13/03/2018;20:02:00;1711;sem vítima;805;BR-040/MG;Norte;Colisão Traseira;1;2;;;;;1
14/03/2018;08:42:00;1753;com vítima;801;BR-040/MG;Norte;Colisão Traseira;1;1;;;1;;2
14/03/2018;17:44:00;1810;com vítima;79;BR-040/RJ;Sul;Engavetamento;2;0;8;2;;;2
15/03/2018;10:36:00;1886;com vítima;773;BR-040/MG;Sul;Colisão Traseira;1;1;;1;;;2
15/03/2018;15:19:00;1911;com vítima;785;BR-040/MG;Norte;Colisão Lateral;1;2;1;;;;1
15/03/2018;18:43:00;1933;sem vítima;112;BR-040/RJ;Norte;Colisão Traseira;1;2;;;;;1
16/03/2018;09:58:00;1998;sem vítima;124;BR-040/RJ;Sul;Colisão Traseira;1;2;;;;;1
16/03/2018;11:22:00;2012;sem vítima;109;BR-040/RJ;Norte;Colisão Traseira;1;3;;;;;1
17/03/2018;16:09:00;2158;sem vítima;109;BR-040/RJ;Sul;Colisão Traseira;1;2;;;;;1
18/03/2018;21:49:00;2313;sem vítima;807;BR-040/MG;Sul;Choque - Objeto Fixo;1;1;;;;;1
19/03/2018;10:38:00;2375;sem vítima;119;BR-040/RJ;Sul;Colisão Lateral;1;2;;;;;1
19/03/2018;15:34:00;2404;sem vítima;108;BR-040/RJ;Norte;Colisão Traseira;1;2;;;;;1
20/03/2018;13:49:00;2530;com vítima;784;BR-040/MG;Sul;Engavetamento;1;2;;;1;;2
20/03/2018;15:20:00;2543;com vítima;105;BR-040/RJ;Sul;Colisão Lateral;1;2;;1;;;2
20/03/2018;15:47:00;2548;com vítima;92;BR-040/RJ;Sul;Colisão Lateral;1;1;1;;;;1
21/03/2018;05:50:00;2612;com vítima;122;BR-040/RJ;Sul;Colisão Lateral;1;1;1;;;;1
21/03/2018;12:30:00;2660;sem vítima;106;BR-040/RJ;Norte;Colisão Lateral;1;2;;;;;1
22/03/2018;05:25:00;2719;sem vítima;122;BR-040/RJ;Sul;Colisão Lateral;1;2;;;;;1
22/03/2018;09:37:00;2745;com vítima;113;BR-040/RJ;Norte;Colisão Traseira;1;1;2;;;;1
23/03/2018;08:21:00;2865;sem vítima;111;BR-040/RJ;Sul;Colisão Traseira;1;2;;;;;1
25/03/2018;06:09:00;3115;com vítima;97;BR-040/RJ;Sul;Tombamento;1;0;1;;;;1
25/03/2018;21:57:00;3201;sem vítima;803;BR-040/MG;Norte;Colisão Traseira;1;2;;;;;1
26/03/2018;09:58:00;3258;sem vítima;120;BR-040/RJ;Sul;Engavetamento;2;3;;;;;1
26/03/2018;10:55:00;3269;com vítima;117;BR-040/RJ;Sul;Colisão Traseira;1;1;1;;;;1
27/03/2018;07:03:00;3368;sem vítima;83;BR-040/RJ;Norte;Choque - Objeto Fixo;1;1;;;;;1
28/03/2018;09:09:00;3489;sem vítima;121;BR-040/RJ;Sul;Colisão Lateral;1;2;;;;;1
28/03/2018;19:13:00;3549;com vítima;124;BR-040/RJ;Sul;Colisão Lateral;1;1;1;;;;1
29/03/2018;09:42:00;3608;sem vítima;55;BR-040/RJ;Norte;Colisão Lateral;2;2;;;;;1
03/04/2018;07:18:00;296;com vítima;79;BR-040/RJ;Sul;Tombamento;1;0;1;;;;1
05/04/2018;18:40:00;586;sem vítima;124;BR-040/RJ;Norte;Colisão Traseira;1;2;;;;;1
06/04/2018;22:39:00;747;com vítima;113;BR-040/RJ;Norte;Engavetamento;1;2;5;2;;;2
07/04/2018;15:25:00;832;sem vítima;104;BR-040/RJ;Sul;Colisão Traseira;1;2;;;;;1
09/04/2018;05:57:00;1005;com vítima;78;BR-040/RJ;Sul;Tombamento;1;0;1;;;;1
10/04/2018;04:46:00;1116;sem vítima;84;BR-040/RJ;Norte;Choque - Objeto Fixo;1;1;;;;;1
11/04/2018;00:52:00;1204;sem vítima;95;BR-040/RJ;Norte;Colisão Lateral;1;2;;;;;1
12/04/2018;04:44:00;1333;sem vítima;64;BR-040/RJ;Norte;Atropelamento - Animal;1;2;;;;;1
12/04/2018;04:45:00;1334;com vítima;778;BR-040/MG;Sul;Colisão Traseira;1;1;1;;;;1
12/04/2018;10:01:00;1363;sem vítima;77;BR-040/RJ;Sul;Colisão Lateral;1;2;;;;;1
12/04/2018;10:17:00;1367;sem vítima;780;BR-040/MG;Sul;Colisão Lateral;1;2;;;;;1
12/04/2018;11:56:00;1377;com vítima;117;BR-040/RJ;Norte;Colisão Lateral;1;1;1;;;;1
13/04/2018;11:11:00;1497;sem vítima;121;BR-040/RJ;Norte;Engavetamento;1;3;;;;;1
14/04/2018;12:22:00;1610;com vítima;78;BR-040/RJ;Sul;Choque - Objeto Fixo;1;0;1;;;;1
16/04/2018;13:25:00;1836;com vítima;84;BR-040/RJ;Norte;Choque - Objeto Fixo;1;0;1;;;;1
16/04/2018;17:11:00;1861;com vítima;93;BR-040/RJ;Sul;Capotamento;1;0;;2;;;2
16/04/2018;19:46:00;1877;sem vítima;799;BR-040/MG;Norte;Colisão Traseira;1;2;;;;;1
17/04/2018;14:20:00;1953;com vítima;54;BR-040/RJ;Sul;Colisão Traseira;2;0;1;2;;;2
21/04/2018;15:59:00;2418;com vítima;92;BR-040/RJ;Sul;Tombamento;1;0;;;;1;3
22/04/2018;16:43:00;2526;sem vítima;83;BR-040/RJ;Norte;Choque - Objeto Fixo;1;1;;;;;1
23/04/2018;06:16:00;2586;com vítima;2;BR-040/RJ;Norte;Tombamento;1;0;2;;;;1
23/04/2018;18:55:00;2672;sem vítima;76;BR-040/RJ;Sul;Colisão Lateral;1;2;;;;;1
24/04/2018;04:55:00;2701;com vítima;39;BR-040/RJ;Sul;Colisão Traseira;1;1;2;;;;1