data;horario;n_da_ocorrencia;tipo_de_ocorrencia;km;trecho;sentido;tipo_de_acidente;caminhao;ilesos;levemente_feridos;moderadamente_feridos;gravemente_feridos;mortos;3
25/04/2018;06:43:00;2827;sem vítima;122;BR-040/RJ;Sul;Colisão Lateral;1;2;;;;;1
26/04/2018;07:02:00;2967;sem vítima;104;BR-040/RJ;Norte;Colisão Lateral;1;2;;;;;1
26/04/2018;07:40:00;2971;sem vítima;109;BR-040/RJ;Norte;Colisão Lateral;1;2;;;;;1
27/04/2018;09:37:00;3107;sem vítima;119;BR-040/RJ;Sul;Colisão Traseira;2;2;;;;;1
01/05/2018;04:48:00;13;com vítima;24;BR-040/RJ;Sul;Tombamento;1;0;1;;;;1
02/05/2018;04:09:00;138;com vítima;0;BR-040/RJ;Sul;Tombamento;1;0;1;;;;1
02/05/2018;10:33:00;164;com vítima;825;BR-040/MG;Sul;Choque - Objeto Fixo;1;0;1;;;;1
02/05/2018;20:06:00;214;com vítima;98;BR-040/RJ;Sul;Colisão Traseira;1;1;2;;;;1
03/05/2018;18:36:00;322;com vítima;111;BR-040/RJ;Sul;Colisão Lateral;1;0;5;;;;1
04/05/2018;16:09:00;410;sem vítima;117;BR-040/RJ;Norte;Engavetamento;1;3;;;;;1
07/05/2018;19:57:00;774;sem vítima;1;BR-040/RJ;Sul;Atropelamento - Animal;1;1;;;;;1
08/05/2018;10:36:00;837;sem vítima;122;BR-040/RJ;Sul;Colisão Lateral;1;2;;;;;1
08/05/2018;19:04:00;900;sem vítima;85;BR-040/RJ;Norte;Colisão Lateral;1;2;;;;;1
09/05/2018;14:02:00;982;sem vítima;112;BR-040/RJ;Norte;Colisão Lateral;1;2;;;;;1
10/05/2018;02:30:00;1043;com vítima;34;BR-040/RJ;Norte;Tombamento;1;0;1;;;;1
10/05/2018;03:05:00;1044;com vítima;83;BR-040/RJ;Sul;Colisão Traseira;2;1;1;;;;1
11/05/2018;07:57:00;1181;com vítima;117;BR-040/RJ;Norte;Colisão Lateral;1;1;3;;;;1
13/05/2018;20:36:00;1515;com vítima;2;BR-040/RJ;Norte;Tombamento;1;0;4;2;;;2
14/05/2018;15:41:00;1600;com vítima;113;BR-040/RJ;Norte;Colisão Traseira;1;1;;2;;;2
15/05/2018;06:45:00;1650;sem vítima;122;BR-040/RJ;Sul;Colisão Traseira;1;2;;;;;1
18/05/2018;16:42:00;2047;sem vítima;111;BR-040/RJ;Norte;Colisão Lateral;1;2;;;;;1
19/05/2018;17:00:00;2187;sem vítima;51;BR-040/RJ;Sul;Choque - Objeto Fixo;1;1;;;;;1
19/05/2018;16:47:00;2191;sem vítima;116;BR-040/RJ;Sul;Choque - Objeto Fixo;1;1;;;;;1
20/05/2018;04:34:00;2250;com vítima;790;BR-040/MG;Norte;Colisão Traseira;1;0;2;;;;1
21/05/2018;05:14:00;2354;sem vítima;91;BR-040/RJ;Sul;Colisão Traseira;2;2;;;;;1
21/05/2018;11:02:00;2392;sem vítima;91;BR-040/RJ;Norte;Colisão Lateral;1;2;;;;;1
22/05/2018;12:55:00;2503;com vítima;773;BR-040/MG;Norte;Atropelamento - Pedestre;1;1;;1;;;2
30/05/2018;17:00:00;3121;sem vítima;123;BR-040/RJ;Sul;Engavetamento;2;3;;;;;1
31/05/2018;08:02:00;3166;com vítima;106;BR-040/RJ;Norte;Colisão Lateral;1;1;1;;;;1
02/06/2018;18:29:00;200;sem vítima;118;BR-040/RJ;Sul;Tombamento;1;3;;;;;1
03/06/2018;04:37:00;240;com vítima;108;BR-040/RJ;Sul;Colisão Lateral;1;1;2;;;;1
04/06/2018;10:53:00;383;sem vítima;90;BR-040/RJ;Sul;Colisão Lateral;1;2;;;;;1
04/06/2018;13:20:00;400;sem vítima;101;BR-040/RJ;Norte;Colisão Lateral;1;2;;;;;1
05/06/2018;07:46:00;494;sem vítima;122;BR-040/RJ;Sul;Colisão Lateral;1;2;;;;;1
05/06/2018;09:11:00;506;sem vítima;57;BR-040/RJ;Norte;Colisão Traseira;1;2;;;;;1
06/06/2018;17:45:00;688;sem vítima;113;BR-040/RJ;Sul;Choque - Objeto Fixo;1;1;;;;;1
07/06/2018;10:44:00;780;sem vítima;116;BR-040/RJ;Norte;Colisão Traseira;1;2;;;;;1
07/06/2018;18:25:00;840;sem vítima;118;BR-040/RJ;Norte;Colisão Traseira;1;2;;;;;1
08/06/2018;08:08:00;894;sem vítima;93;BR-040/RJ;Norte;Choque - Objeto Fixo;1;1;;;;;1
08/06/2018;10:34:00;911;sem vítima;122;BR-040/RJ;Sul;Colisão Lateral;1;2;;;;;1
08/06/2018;15:54:00;953;com vítima;92;BR-040/RJ;Norte;Colisão Frontal;1;1;1;;;;1
11/06/2018;10:26:00;1289;sem vítima;109;BR-040/RJ;Sul;Colisão Lateral;1;2;;;;;1
12/06/2018;18:07:00;1448;sem vítima;104;BR-040/RJ;Norte;Colisão Lateral;1;2;;;;;1
13/06/2018;22:19:00;1597;sem vítima;101;BR-040/RJ;Sul;Colisão Traseira;1;2;;;;;1
16/06/2018;03:07:00;1865;com vítima;54;BR-040/RJ;Norte;Colisão Traseira;1;1;1;;;;1
17/06/2018;23:02:00;2069;com vítima;76;BR-040/RJ;Sul;Colisão Traseira;1;1;1;;;;1
18/06/2018;03:41:00;2081;com vítima;79;BR-040/RJ;Sul;Colisão Traseira;2;1;;1;;;2
19/06/2018;08:44:00;2209;sem vítima;808;BR-040/MG;Norte;Colisão Traseira;1;2;;;;;1
19/06/2018;15:14:00;2251;sem vítima;124;BR-040/RJ;Norte;Colisão Traseira;1;2;;;;;1
20/06/2018;09:33:00;2326;sem vítima;124;BR-040/RJ;Norte;Choque - Objeto Fixo;2;2;;;;;1
21/06/2018;05:30:00;2417;sem vítima;117;BR-040/RJ;Sul;Colisão Traseira;1;3;;;;;1
22/06/2018;01:57:00;2519;com vítima;25;BR-040/RJ;Norte;Colisão Lateral;1;0;3;;;;1
22/06/2018;09:02:00;2545;sem vítima;36;BR-040/RJ;Norte;Derrapagem;1;1;;;;;1
22/06/2018;23:49:00;2623;com vítima;72;BR-040/RJ;Sul;Colisão Traseira;1;1;;1;;;2
23/06/2018;07:16:00;2643;com vítima;108;BR-040/RJ;Norte;Tombamento;1;0;1;;;;1
25/06/2018;01:07:00;2830;sem vítima;791;BR-040/MG;Sul;Derrapagem;1;1;;;;;1
25/06/2018;02:27:00;2832;sem vítima;26;BR-040/RJ;Sul;Atropelamento - Animal;1;1;;;;;1
25/06/2018;10:38:00;2862;com vítima;122;BR-040/RJ;Norte;Colisão Lateral;1;1;1;1;;;2
25/06/2018;14:22:00;2881;com vítima;96;BR-040/RJ;Norte;Tombamento;1;1;1;;;;1
26/06/2018;10:06:00;2964;com vítima;108;BR-040/RJ;Sul;Colisão Lateral;1;1;2;;;;1
27/06/2018;10:57:00;3079;sem vítima;94;BR-040/RJ;Sul;Colisão Traseira;1;2;;;;;1
27/06/2018;14:31:00;3102;com vítima;96;BR-040/RJ;Sul;Choque - Objeto Fixo;1;0;1;;;;1
27/06/2018;19:14:00;3134;sem vítima;119;BR-040/RJ;Norte;Capotamento;1;2;;;;;1
28/06/2018;08:39:00;3190;sem vítima;39;BR-040/RJ;Norte;Colisão Lateral;1;2;;;;;1
28/06/2018;17:59:00;3246;com vítima;51;BR-040/RJ;Sul;Tombamento;1;0;1;;;;1
28/06/2018;19:09:00;3257;sem vítima;108;BR-040/RJ;Norte;Colisão Traseira;1;2;;;;;1
28/06/2018;19:21:00;3258;com vítima;83;BR-040/RJ;Sul;Tombamento;1;0;2;;;;1
29/06/2018;16:13:00;3344;com vítima;121;BR-040/RJ;Norte;Atropelamento - Pedestre;1;1;;;1;;2
30/06/2018;21:26:00;3523;com vítima;779;BR-040/MG;Sul;Atropelamento - Animal;1;0;1;;;;1
02/07/2018;18:08:00;190;com vítima;96;BR-040/RJ;Sul;Tombamento;1;0;;;;1;3
05/07/2018;04:50:00;450;com vítima;822;BR-040/MG;Norte;Choque - Objeto Fixo;1;0;1;;;;1
05/07/2018;05:50:00;455;sem vítima;98;BR-040/RJ;Sul;Derrapagem;1;1;;;;;1
05/07/2018;09:24:00;470;com vítima;123;BR-040/RJ;Sul;Engavetamento;1;2;;1;;;2
06/07/2018;02:47:00;566;com vítima;43;BR-040/RJ;Norte;Tombamento;1;1;1;;;;1
06/07/2018;09:10:00;587;sem vítima;124;BR-040/RJ;Sul;Colisão Lateral;1;2;;;;;1
09/07/2018;09:22:00;905;sem vítima;111;BR-040/RJ;Sul;Colisão Traseira;1;2;;;;;1
10/07/2018;13:18:00;1041;com vítima;773;BR-040/MG;Sul;Colisão Traseira;1;1;1;;;;1
11/07/2018;11:08:00;1149;sem vítima;124;BR-040/RJ;Sul;Colisão Traseira;1;2;;;;;1
12/07/2018;05:34:00;1225;sem vítima;83;BR-040/RJ;Norte;Colisão Frontal;1;2;;;;;1
13/07/2018;07:57:00;1364;sem vítima;122;BR-040/RJ;Sul;Colisão Traseira;2;2;;;;;1
13/07/2018;08:49:00;1373;com vítima;21;BR-040/RJ;Norte;Tombamento;1;0;1;;;;1
14/07/2018;15:04:00;1540;sem vítima;101;BR-040/RJ;Norte;Colisão Lateral;1;2;;;;;1
16/07/2018;08:34:00;1734;com vítima;111;BR-040/RJ;Sul;Colisão Traseira;1;1;2;;;;1
16/07/2018;11:30:00;1755;com vítima;90;BR-040/RJ;Sul;Tombamento;1;0;1;;;;1
16/07/2018;13:12:00;1771;com vítima;113;BR-040/RJ;Norte;Tombamento;1;0;1;;;;1
16/07/2018;21:28:00;1828;sem vítima;123;BR-040/RJ;Norte;Colisão Lateral;1;2;;;;;1
17/07/2018;18:26:00;1960;sem vítima;81;BR-040/RJ;Sul;Colisão Traseira;1;2;;;;;1
18/07/2018;00:36:00;1991;com vítima;85;BR-040/RJ;Sul;Tombamento;1;0;;1;;1;3
19/07/2018;06:24:00;2101;sem vítima;123;BR-040/RJ;Sul;Colisão Traseira;1;2;;;;;1
19/07/2018;11:32:00;2135;sem vítima;102;BR-040/RJ;Norte;Colisão Lateral;1;2;;;;;1
19/07/2018;19:50:00;2182;com vítima;0;BR-040/RJ;Sul;Objeto lançado contra veículo;2;1;1;;;;1
20/07/2018;07:46:00;2216;com vítima;803;BR-040/MG;Norte;Colisão Traseira;1;1;;;1;1;3
20/07/2018;21:44:00;2305;com vítima;95;BR-040/RJ;Sul;Tombamento;1;0;;1;;;2
23/07/2018;06:36:00;2599;com vítima;94;BR-040/RJ;Sul;Tombamento;1;0;;1;;;2
24/07/2018;07:29:00;2703;com vítima;117;BR-040/RJ;Sul;Colisão Lateral;1;1;1;;;;1
24/07/2018;20:55:00;2769;sem vítima;778;BR-040/MG;Sul;Atropelamento - Animal;1;2;;;;;1
25/07/2018;05:50:00;2789;com vítima;113;BR-040/RJ;Norte;Choque - Objeto Fixo;1;0;;1;;;2
25/07/2018;09:51:00;2806;com vítima;34;BR-040/RJ;Norte;Tombamento;1;0;1;;;;1
26/07/2018;07:45:00;2884;sem vítima;102;BR-040/RJ;Sul;Colisão Traseira;1;2;;;;;1
26/07/2018;14:19:00;2921;sem vítima;88;BR-040/RJ;Norte;Choque - Objeto Fixo;1;1;;;;;1
27/07/2018;12:06:00;3004;com vítima;113;BR-040/RJ;Norte;Engavetamento;1;1;3;;;;1
28/07/2018;04:11:00;3096;sem vítima;92;BR-040/RJ;Sul;Derrapagem;1;1;;;;;1
28/07/2018;16:02:00;3159;sem vítima;86;BR-040/RJ;Norte;Colisão Traseira;1;2;;;;;1
30/07/2018;18:12:00;3394;com vítima;85;BR-040/RJ;Norte;Queda de Moto;1;1;1;;;;1
31/07/2018;08:23:00;3448;sem vítima;102;BR-040/RJ;Sul;Colisão Traseira;2;2;;;;;1
01/08/2018;16:44:00;54;sem vítima;804;BR-040/MG;Norte;Colisão Lateral;2;2;;;;;1
01/08/2018;22:10:00;89;sem vítima;113;BR-040/RJ;Sul;Colisão Traseira;1;2;;;;;1
02/08/2018;17:16:00;187;com vítima;34;BR-040/RJ;Norte;Tombamento;1;0;;1;;;2
03/08/2018;06:46:00;229;sem vítima;123;BR-040/RJ;Sul;Colisão Lateral;1;2;;;;;1
04/08/2018;13:56:00;395;com vítima;102;BR-040/RJ;Norte;Colisão Transversal;1;0;6;;;;1
04/08/2018;15:47:00;406;sem vítima;777;BR-040/MG;Norte;Colisão Lateral;1;2;;;;;1
04/08/2018;17:32:00;420;com vítima;112;BR-040/RJ;Sul;Engavetamento;1;2;1;;;;1
06/08/2018;08:53:00;576;com vítima;70;BR-040/RJ;Sul;Colisão Lateral;1;0;3;;;;1
06/08/2018;11:34:00;594;com vítima;88;BR-040/RJ;Norte;Colisão Lateral;1;1;1;;;;1
08/08/2018;17:38:00;817;sem vítima;121;BR-040/RJ;Norte;Colisão Lateral;1;2;;;;;1
09/08/2018;17:31:00;944;sem vítima;124;BR-040/RJ;Norte;Colisão Traseira;1;2;;;;;1
10/08/2018;05:19:00;1004;com vítima;108;BR-040/RJ;Norte;Tombamento;1;0;1;;;;1
10/08/2018;07:58:00;1019;com vítima;78;BR-040/RJ;Sul;Tombamento;1;0;1;;;;1
11/08/2018;11:53:00;1179;com vítima;123;BR-040/RJ;Norte;Colisão Traseira;1;1;1;;;;1
11/08/2018;14:29:00;1193;sem vítima;45;BR-040/RJ;Sul;Colisão Lateral;1;2;;;;;1
12/08/2018;14:37:00;1295;sem vítima;123;BR-040/RJ;Sul;Colisão Lateral;1;2;;;;;1
13/08/2018;08:15:00;1387;sem vítima;120;BR-040/RJ;Norte;Colisão Traseira;1;2;;;;;1
14/08/2018;06:49:00;1484;com vítima;16;BR-040/RJ;Norte;Tombamento;1;2;1;;;;1
14/08/2018;15:49:00;1533;sem vítima;104;BR-040/RJ;Norte;Choque - Objeto Fixo;1;2;;;;;1
14/08/2018;20:23:00;1562;sem vítima;124;BR-040/RJ;Norte;Colisão Lateral;1;2;;;;;1
14/08/2018;21:15:00;1566;sem vítima;121;BR-040/RJ;Norte;Colisão Lateral;1;2;;;;;1
15/08/2018;11:15:00;1604;sem vítima;102;BR-040/RJ;Norte;Colisão Traseira;1;2;;;;;1
15/08/2018;14:02:00;1616;sem vítima;111;BR-040/RJ;Norte;Colisão Traseira;1;2;;;;;1
16/08/2018;07:19:00;1687;com vítima;124;BR-040/RJ;Sul;Queda de Moto;1;1;1;;;;1
17/08/2018;13:52:00;1834;sem vítima;16;BR-040/RJ;Norte;Colisão Lateral;2;2;;;;;1
21/08/2018;09:23:00;2220;com vítima;109;BR-040/RJ;Sul;Colisão Traseira;2;2;;1;;;2
22/08/2018;13:54:00;2348;sem vítima;113;BR-040/RJ;Norte;Colisão Traseira;1;2;;;;;1
22/08/2018;21:16:00;2409;sem vítima;44;BR-040/RJ;Sul;Colisão Lateral;1;2;;;;;1
23/08/2018;07:54:00;2444;sem vítima;122;BR-040/RJ;Sul;Colisão Lateral;1;2;;;;;1
23/08/2018;23:48:00;2535;sem vítima;102;BR-040/RJ;Sul;Choque - Objeto Fixo;1;1;;;;;1
24/08/2018;08:50:00;2569;sem vítima;83;BR-040/RJ;Norte;Colisão Traseira;1;3;;;;;1
24/08/2018;13:20:00;2604;com vítima;124;BR-040/RJ;Norte;Engavetamento;1;2;;1;;;2
24/08/2018;14:17:00;2609;com vítima;22;BR-040/RJ;Norte;Colisão Lateral;1;0;1;1;;;2
24/08/2018;20:02:00;2658;sem vítima;76;BR-040/RJ;Sul;Engavetamento;3;3;;;;;1
25/08/2018;13:05:00;2726;sem vítima;119;BR-040/RJ;Norte;Colisão Traseira;1;2;;;;;1
26/08/2018;09:55:00;2808;sem vítima;124;BR-040/RJ;Sul;Tombamento;1;1;;;;;1
28/08/2018;12:41:00;3076;com vítima;117;BR-040/RJ;Norte;Capotamento;1;1;;1;;;2
28/08/2018;15:34:00;3100;sem vítima;88;BR-040/RJ;Norte;Colisão Lateral;2;2;;;;;1
29/08/2018;09:06:00;3191;com vítima;97;BR-040/RJ;Sul;Tombamento;1;0;;2;;;2
29/08/2018;14:26:00;3222;sem vítima;92;BR-040/RJ;Sul;Colisão Traseira;2;2;;;;;1
29/08/2018;17:23:00;3248;com vítima;0;BR-040/RJ;Norte;Tombamento;1;1;1;;;;1
29/08/2018;22:42:00;3269;com vítima;815;BR-040/MG;Sul;Tombamento;1;0;1;;;;1
30/08/2018;02:42:00;3280;com vítima;102;BR-040/RJ;Norte;Tombamento;1;0;;1;;;2
30/08/2018;06:32:00;3294;com vítima;25;BR-040/RJ;Sul;Choque - Objeto Fixo;1;0;1;;;;1
31/08/2018;03:42:00;3390;com vítima;94;BR-040/RJ;Sul;Tombamento;1;0;3;;;;1
31/08/2018;12:04:00;3440;sem vítima;121;BR-040/RJ;Sul;Colisão Lateral;1;2;;;;;1
31/08/2018;20:02:00;3503;com vítima;784;BR-040/MG;Norte;Colisão Lateral;1;1;2;;;;1
01/09/2018;10:01:00;39;sem vítima;123;BR-040/RJ;Sul;Colisão Traseira;1;2;;;;;1
01/09/2018;10:20:00;45;sem vítima;123;BR-040/RJ;Sul;Colisão Lateral;2;2;;;;;1
01/09/2018;13:53:00;81;sem vítima;97;BR-040/RJ;Sul;Colisão Traseira;1;2;;;;;1
03/09/2018;11:34:00;293;sem vítima;791;BR-040/MG;Norte;Colisão Traseira;1;3;;;;;1
03/09/2018;22:27:00;374;sem vítima;50;BR-040/RJ;Norte;Atropelamento - Animal;1;1;;;;;1
04/09/2018;15:38:00;445;com vítima;780;BR-040/MG;Norte;Colisão Traseira;1;1;1;;;;1
06/09/2018;09:00:00;629;sem vítima;90;BR-040/RJ;Sul;Choque - Objeto Fixo;1;1;;;;;1
07/09/2018;07:23:00;779;com vítima;90;BR-040/RJ;Norte;Atropelamento - Pedestre;1;1;;1;;;2
08/09/2018;01:46:00;928;sem vítima;782;BR-040/MG;Norte;Atropelamento - Animal;1;1;;;;;1
08/09/2018;10:27:00;979;sem vítima;123;BR-040/RJ;Sul;Engavetamento;1;4;;;;;1
09/09/2018;22:51:00;1190;com vítima;88;BR-040/RJ;Sul;Choque - Objeto Fixo;1;0;2;;;;1
11/09/2018;08:19:00;1339;sem vítima;121;BR-040/RJ;Sul;Colisão Lateral;1;2;;;;;1
12/09/2018;07:12:00;1451;com vítima;122;BR-040/RJ;Sul;Colisão Traseira;1;1;2;;;;1
14/09/2018;16:48:00;1776;sem vítima;101;BR-040/RJ;Norte;Colisão Lateral;1;2;;;;;1
15/09/2018;15:15:00;1926;sem vítima;13;BR-040/RJ;Sul;Choque - Objeto Fixo;1;1;;;;;1
16/09/2018;15:33:00;2053;com vítima;121;BR-040/RJ;Sul;Colisão Traseira;1;0;6;;;;1
17/09/2018;05:06:00;2137;com vítima;78;BR-040/RJ;Norte;Choque - Objeto Fixo;1;0;1;;;;1
17/09/2018;10:57:00;2196;com vítima;780;BR-040/MG;Norte;Tombamento;1;0;1;;;;1
18/09/2018;10:46:00;2329;sem vítima;124;BR-040/RJ;Sul;Colisão Lateral;1;2;;;;;1
18/09/2018;17:53:00;2387;sem vítima;805;BR-040/MG;Sul;Colisão Lateral;1;2;;;;;1
18/09/2018;23:26:00;2414;sem vítima;98;BR-040/RJ;Sul;Atropelamento - Animal;1;1;;;;;1
19/09/2018;06:36:00;2432;sem vítima;123;BR-040/RJ;Sul;Colisão Transversal;1;2;;;;;1
21/09/2018;16:18:00;2836;sem vítima;91;BR-040/RJ;Norte;Choque - Objeto Fixo;1;1;;;;;1
22/09/2018;08:44:00;2922;sem vítima;84;BR-040/RJ;Norte;Choque - Objeto Fixo;1;1;;;;;1
22/09/2018;15:05:00;2967;com vítima;89;BR-040/RJ;Norte;Tombamento;1;0;;1;;;2
24/09/2018;16:36:00;3236;com vítima;125;BR-040/RJ;Sul;Colisão Lateral;1;1;1;;;;1
25/09/2018;16:20:00;3379;com vítima;108;BR-040/RJ;Norte;Tombamento;1;0;1;;;;1
26/09/2018;04:40:00;3436;com vítima;104;BR-040/RJ;Sul;Colisão Traseira;1;0;8;;;;1
26/09/2018;06:15:00;3441;com vítima;19;BR-040/RJ;Norte;Choque - Objeto Fixo;1;1;1;;;;1
26/09/2018;16:05:00;3519;sem vítima;94;BR-040/RJ;Norte;Colisão Lateral;2;2;;;;;1
26/09/2018;19:11:00;3545;sem vítima;118;BR-040/RJ;Norte;Colisão Lateral;1;2;;;;;1
28/09/2018;18:04:00;3848;sem vítima;115;BR-040/RJ;Norte;Engavetamento;1;3;;;;;1
30/09/2018;22:40:00;4157;sem vítima;54;BR-040/RJ;Sul;Colisão Lateral;1;2;;;;;1
01/10/2018;08:59:00;39;sem vítima;109;BR-040/RJ;Norte;Colisão Lateral;1;2;;;;;1
02/10/2018;12:18:00;220;sem vítima;116;BR-040/RJ;Sul;Colisão Traseira;1;2;;;;;1
02/10/2018;17:45:00;277;com vítima;19;BR-040/RJ;Sul;Atropelamento - Pedestre;1;0;1;1;;;2
03/10/2018;08:09:00;341;sem vítima;121;BR-040/RJ;Sul;Colisão Lateral;1;2;;;;;1
03/10/2018;08:32:00;346;com vítima;90;BR-040/RJ;Sul;Tombamento;1;0;;;1;;2
03/10/2018;10:34:00;362;sem vítima;75;BR-040/RJ;Sul;Colisão Traseira;1;2;;;;;1
04/10/2018;19:00:00;562;sem vítima;807;BR-040/MG;Norte;Choque - Objeto Fixo;1;1;;;;;1
05/10/2018;00:11:00;589;com vítima;78;BR-040/RJ;Sul;Tombamento;1;0;1;2;;;2
05/10/2018;07:07:00;602;sem vítima;120;BR-040/RJ;Sul;Engavetamento;1;4;;;;;1
05/10/2018;07:13:00;603;sem vítima;120;BR-040/RJ;Norte;Colisão Traseira;1;2;;;;;1
06/10/2018;05:18:00;735;com vítima;803;BR-040/MG;Norte;Colisão Traseira;1;1;3;;;;1
06/10/2018;12:30:00;767;com vítima;118;BR-040/RJ;Sul;Atropelamento - Pedestre;1;1;;;;1;3
06/10/2018;14:43:00;777;sem vítima;113;BR-040/RJ;Sul;Colisão Lateral;1;2;;;;;1
06/10/2018;15:50:00;782;com vítima;108;BR-040/RJ;Norte;Tombamento;1;1;1;;;;1
08/10/2018;00:04:00;938;com vítima;2;BR-040/RJ;Norte;Derrapagem;1;0;1;;;;1
08/10/2018;15:27:00;1027;sem vítima;124;BR-040/RJ;Sul;Colisão Lateral;1;2;;;;;1
08/10/2018;18:05:00;1051;com vítima;101;BR-040/RJ;Norte;Colisão Lateral;1;1;1;;;;1
10/10/2018;08:36:00;1259;com vítima;25;BR-040/RJ;Sul;Tombamento;1;0;1;;;;1
10/10/2018;13:47:00;1306;sem vítima;105;BR-040/RJ;Norte;Colisão Lateral;1;2;;;;;1
11/10/2018;10:08:00;1431;sem vítima;109;BR-040/RJ;Norte;Colisão Traseira;1;2;;;;;1
11/10/2018;14:47:00;1458;com vítima;38;BR-040/RJ;Sul;Colisão Traseira;1;0;3;;;;1
12/10/2018;08:11:00;1576;sem vítima;827;BR-040/MG;Norte;Colisão Lateral;1;2;;;;;1
13/10/2018;12:10:00;1745;sem vítima;17;BR-040/RJ;Sul;Choque - Objeto Fixo;1;1;;;;;1
16/10/2018;15:07:00;2209;sem vítima;121;BR-040/RJ;Norte;Choque - Objeto Fixo;1;1;;;;;1
16/10/2018;22:54:00;2251;com vítima;89;BR-040/RJ;Sul;Tombamento;1;0;1;;;;1
17/10/2018;09:52:00;2297;com vítima;111;BR-040/RJ;Sul;Colisão Lateral;1;0;2;;;;1
17/10/2018;16:15:00;2338;sem vítima;55;BR-040/RJ;Sul;Colisão Traseira;1;2;;;;;1
18/10/2018;15:39:00;2463;sem vítima;117;BR-040/RJ;Sul;Colisão Lateral;1;2;;;;;1
19/10/2018;00:45:00;2512;com vítima;805;BR-040/MG;Norte;Colisão Traseira;1;1;1;;;;1
19/10/2018;09:34:00;2563;com vítima;62;BR-040/RJ;Norte;Colisão Traseira;1;1;3;;;;1
19/10/2018;15:58:00;2615;com vítima;80;BR-040/RJ;Norte;Colisão Traseira;1;0;4;;;;1
19/10/2018;23:52:00;2674;com vítima;59;BR-040/RJ;Sul;Colisão Traseira;1;0;2;;1;;2
21/10/2018;05:09:00;2806;com vítima;39;BR-040/RJ;Sul;Colisão Traseira;1;0;4;;;;1
22/10/2018;06:02:00;2928;sem vítima;114;BR-040/RJ;Sul;Colisão Traseira;2;2;;;;;1
22/10/2018;18:06:00;3015;sem vítima;94;BR-040/RJ;Norte;Choque - Objeto Fixo;1;2;;;;;1
24/10/2018;06:42:00;3181;sem vítima;109;BR-040/RJ;Sul;Colisão Lateral;1;2;;;;;1
24/10/2018;09:28:00;3194;sem vítima;795;BR-040/MG;Norte;Colisão Traseira;2;2;;;;;1
25/10/2018;09:31:00;3319;sem vítima;24;BR-040/RJ;Sul;Choque - Objeto Fixo;1;1;;;;;1
25/10/2018;09:32:00;3320;sem vítima;75;BR-040/RJ;Sul;Colisão Lateral;1;2;;;;;1
25/10/2018;15:10:00;3362;com vítima;15;BR-040/RJ;Norte;Choque - Objeto Fixo;1;0;2;;;;1
25/10/2018;16:08:00;3377;com vítima;116;BR-040/RJ;Norte;Colisão Traseira;1;1;1;;;;1
26/10/2018;02:01:00;3418;sem vítima;18;BR-040/RJ;Norte;Tombamento;1;1;;;;;1
26/10/2018;07:17:00;3432;sem vítima;19;BR-040/RJ;Norte;Engavetamento;1;3;;;;;1
27/10/2018;05:58:00;3565;com vítima;820;BR-040/MG;Norte;Tombamento;1;0;1;;;;1
27/10/2018;09:31:00;3581;com vítima;2;BR-040/RJ;Norte;Tombamento;1;1;1;;;;1
28/10/2018;07:48:00;3709;sem vítima;87;BR-040/RJ;Norte;Colisão Lateral;2;2;;;;;1
29/10/2018;08:36:00;3829;sem vítima;122;BR-040/RJ;Sul;Engavetamento;2;3;;;;;1
29/10/2018;18:09:00;3892;com vítima;124;BR-040/RJ;Sul;Atropelamento - Pedestre;1;1;;1;;;2
30/10/2018;05:49:00;3924;sem vítima;122;BR-040/RJ;Sul;Engavetamento;1;4;;;;;1
30/10/2018;07:28:00;3933;sem vítima;40;BR-040/RJ;Sul;Choque - Objeto Fixo;1;1;;;;;1
30/10/2018;13:25:00;3980;com vítima;45;BR-040/RJ;Sul;Colisão Traseira;1;0;4;;;;1
31/10/2018;06:20:00;4066;com vítima;92;BR-040/RJ;Sul;Tombamento;1;1;;;;2;3
31/10/2018;06:54:00;4072;com vítima;51;BR-040/RJ;Sul;Choque - Objeto Fixo;1;1;;1;;;2
31/10/2018;20:18:00;4156;sem vítima;116;BR-040/RJ;Norte;Engavetamento;1;3;;;;;1
01/11/2018;05:50:00;16;com vítima;5;BR-040/RJ;Sul;Tombamento;1;0;1;;;;1
01/11/2018;14:36:00;84;com vítima;107;BR-040/RJ;Sul;Colisão Traseira;1;1;;;1;;2
05/11/2018;15:51:00;569;com vítima;37;BR-040/RJ;Norte;Tombamento;1;1;1;;;;1
06/11/2018;08:16:00;648;sem vítima;816;BR-040/MG;Norte;Colisão Traseira;1;2;;;;;1
07/11/2018;16:39:00;826;sem vítima;62;BR-040/RJ;Norte;Colisão Transversal;1;2;;;;;1
08/11/2018;04:07:00;891;sem vítima;118;BR-040/RJ;Sul;Choque - Objeto Fixo;1;1;;;;;1
08/11/2018;06:39:00;900;sem vítima;120;BR-040/RJ;Sul;Choque - Objeto Fixo;1;2;;;;;1
08/11/2018;10:12:00;939;sem vítima;78;BR-040/RJ;Sul;Colisão Traseira;1;2;;;;;1