data;horario;n_da_ocorrencia;tipo_de_ocorrencia;km;trecho;sentido;tipo_de_acidente;caminhao;ilesos;levemente_feridos;moderadamente_feridos;gravemente_feridos;mortos;3
08/11/2018;15:47:00;979;sem vítima;102;BR-040/RJ;Norte;Colisão Traseira;2;2;;;;;1
09/11/2018;17:10:00;1132;sem vítima;83;BR-040/RJ;Norte;Colisão Lateral;1;2;;;;;1
12/11/2018;15:57:00;1525;com vítima;84;BR-040/RJ;Sul;Engavetamento;1;0;8;;;;1
14/11/2018;17:04:00;1817;com vítima;112;BR-040/RJ;Norte;Engavetamento;1;2;;1;;;2
16/11/2018;17:23:00;2142;com vítima;68;BR-040/RJ;Norte;Colisão Lateral;1;0;4;;;;1
19/11/2018;09:48:00;2485;com vítima;84;BR-040/RJ;Sul;Tombamento;1;0;1;;;;1
21/11/2018;08:35:00;2737;sem vítima;98;BR-040/RJ;Norte;Colisão Lateral;1;2;;;;;1
21/11/2018;16:20:00;2779;sem vítima;109;BR-040/RJ;Sul;Colisão Traseira;1;2;;;;;1
22/11/2018;13:11:00;2905;sem vítima;124;BR-040/RJ;Sul;Colisão Traseira;1;2;;;;;1
22/11/2018;18:42:00;2942;sem vítima;55;BR-040/RJ;Sul;Colisão Lateral;1;2;;;;;1
23/11/2018;14:56:00;3048;com vítima;801;BR-040/MG;Norte;Colisão Traseira;1;1;3;;;;1
23/11/2018;23:40:00;3117;sem vítima;33;BR-040/RJ;Norte;Choque - Objeto Fixo;1;2;;;;;1
25/11/2018;10:11:00;3293;com vítima;108;BR-040/RJ;Norte;Tombamento;1;0;;1;;;2
28/11/2018;03:42:00;3649;sem vítima;813;BR-040/MG;Sul;Colisão Traseira;2;2;;;;;1
28/11/2018;06:25:00;3657;sem vítima;94;BR-040/RJ;Sul;Colisão Traseira;1;2;;;;;1
29/11/2018;10:16:00;3830;sem vítima;123;BR-040/RJ;Sul;Colisão Traseira;2;2;;;;;1
29/11/2018;14:00:00;3853;sem vítima;93;BR-040/RJ;Sul;Choque - Objeto Fixo;1;1;;;;;1
29/11/2018;19:28:00;3897;sem vítima;114;BR-040/RJ;Norte;Colisão Traseira;1;3;;;;;1
30/11/2018;02:50:00;3935;com vítima;70;BR-040/RJ;Norte;Tombamento;1;0;1;;;;1
30/11/2018;11:38:00;3988;com vítima;94;BR-040/RJ;Sul;Tombamento;1;0;2;;;;1
30/11/2018;13:02:00;4001;sem vítima;121;BR-040/RJ;Sul;Colisão Lateral;1;2;;;;;1
01/12/2018;07:22:00;25;sem vítima;109;BR-040/RJ;Sul;Colisão Lateral;1;2;;;;;1
03/12/2018;01:31:00;283;sem vítima;92;BR-040/RJ;Norte;Choque - Objeto Fixo;1;1;;;;;1
04/12/2018;07:09:00;409;com vítima;46;BR-040/RJ;Norte;Colisão Traseira;1;1;1;;;;1
04/12/2018;20:11:00;510;com vítima;70;BR-040/RJ;Sul;Colisão Lateral;1;0;1;1;2;1;3
05/12/2018;01:39:00;534;com vítima;117;BR-040/RJ;Sul;Colisão Lateral;1;0;2;1;;;2
05/12/2018;12:47:00;584;com vítima;21;BR-040/RJ;Norte;Tombamento;1;0;1;;;;1
06/12/2018;15:43:00;762;sem vítima;53;BR-040/RJ;Norte;Colisão Lateral;1;3;;;;;1
07/12/2018;16:21:00;913;sem vítima;84;BR-040/RJ;Norte;Colisão Lateral;1;2;;;;;1
08/12/2018;01:22:00;969;sem vítima;84;BR-040/RJ;Sul;Choque - Objeto Fixo;1;1;;;;;1
08/12/2018;02:08:00;971;sem vítima;113;BR-040/RJ;Sul;Colisão Lateral;1;2;;;;;1
08/12/2018;04:12:00;978;sem vítima;117;BR-040/RJ;Norte;Colisão Traseira;1;2;;;;;1
08/12/2018;06:33:00;981;sem vítima;97;BR-040/RJ;Norte;Choque - Objeto Fixo;1;2;;;;;1
08/12/2018;07:04:00;985;sem vítima;823;BR-040/MG;Norte;Tombamento;1;1;;;;;1
08/12/2018;11:40:00;1014;sem vítima;120;BR-040/RJ;Norte;Colisão Lateral;1;2;;;;;1
10/12/2018;00:03:00;1223;sem vítima;110;BR-040/RJ;Sul;Colisão Lateral;1;2;;;;;1
10/12/2018;17:22:00;1317;sem vítima;110;BR-040/RJ;Norte;Engavetamento;1;5;;;;;1
11/12/2018;00:30:00;1350;com vítima;78;BR-040/RJ;Norte;Tombamento;1;1;1;;;;1
11/12/2018;07:23:00;1361;sem vítima;820;BR-040/MG;Norte;Choque - Objeto Fixo;1;1;;;;;1
11/12/2018;11:55:00;1396;com vítima;107;BR-040/RJ;Sul;Engavetamento;1;2;1;;;;1
13/12/2018;08:20:00;1676;sem vítima;106;BR-040/RJ;Sul;Colisão Lateral;1;2;;;;;1
14/12/2018;21:06:00;1940;com vítima;113;BR-040/RJ;Sul;Colisão Lateral;2;1;2;;;;1
14/12/2018;23:06:00;1949;com vítima;52;BR-040/RJ;Norte;Choque - Objeto Fixo;1;0;5;;;;1
16/12/2018;16:57:00;2241;sem vítima;122;BR-040/RJ;Sul;Colisão Traseira;1;2;;;;;1
17/12/2018;22:18:00;2443;com vítima;118;BR-040/RJ;Norte;Colisão Lateral;1;2;1;;;;1
18/12/2018;12:25:00;2528;com vítima;89;BR-040/RJ;Sul;Tombamento;1;0;1;;;;1
18/12/2018;17:30:00;2590;com vítima;90;BR-040/RJ;Sul;Choque - Objeto Fixo;1;0;2;;;;1
20/12/2018;06:45:00;2833;sem vítima;118;BR-040/RJ;Sul;Engavetamento;2;3;;;;;1
20/12/2018;11:56:00;2884;sem vítima;782;BR-040/MG;Norte;Colisão Transversal;1;2;;;;;1
21/12/2018;12:32:00;3077;com vítima;84;BR-040/RJ;Norte;Choque - Objeto Fixo;1;0;1;;;;1
22/12/2018;10:17:00;3241;com vítima;773;BR-040/MG;Sul;Tombamento;1;0;;;1;;2
23/12/2018;06:23:00;3393;com vítima;70;BR-040/RJ;Sul;Engavetamento;3;2;1;;;;1
24/12/2018;14:12:00;3581;com vítima;54;BR-040/RJ;Sul;Choque - Objeto Fixo;1;0;1;;;;1
24/12/2018;15:53:00;3592;sem vítima;113;BR-040/RJ;Norte;Engavetamento;2;10;;;;;1
25/12/2018;14:08:00;3709;sem vítima;53;BR-040/RJ;Sul;Colisão Traseira;1;2;;;;;1
26/12/2018;17:19:00;3895;com vítima;34;BR-040/RJ;Norte;Choque - Objeto Fixo;1;0;1;;;;1
27/12/2018;07:24:00;3952;sem vítima;81;BR-040/RJ;Sul;Choque - Objeto Fixo;1;1;;;;;1
27/12/2018;07:52:00;3955;sem vítima;123;BR-040/RJ;Sul;Colisão Lateral;1;2;;;;;1
27/12/2018;10:15:00;3975;sem vítima;85;BR-040/RJ;Sul;Choque - Objeto Fixo;1;1;;;;;1
27/12/2018;12:55:00;3998;com vítima;103;BR-040/RJ;Norte;Colisão Traseira;1;1;1;2;;;2
28/12/2018;04:26:00;4078;sem vítima;94;BR-040/RJ;Sul;Choque - Objeto Fixo;1;1;;;;;1
28/12/2018;11:56:00;4129;sem vítima;121;BR-040/RJ;Sul;Colisão Traseira;1;2;;;;;1
29/12/2018;06:20:00;4226;com vítima;93;BR-040/RJ;Sul;Tombamento;1;0;1;;;;1
29/12/2018;10:58:00;4258;com vítima;113;BR-040/RJ;Sul;Choque - Objeto Fixo;1;1;1;;;;1
02/01/2019;17:22:00;268;com vítima;84;BR-040/RJ;Sul;Engavetamento;1;4;4;1;;;2
04/01/2019;01:31:00;469;com vítima;123;BR-040/RJ;Norte;Choque - Objeto Fixo;1;1;;1;;;2
04/01/2019;05:17:00;480;sem vítima;122;BR-040/RJ;Sul;Colisão Lateral;1;3;;;;;1
04/01/2019;10:07:00;510;sem vítima;104;BR-040/RJ;Norte;Colisão Frontal;1;2;;;;;1
05/01/2019;00:18:00;631;sem vítima;787;BR-040/MG;Norte;Choque - Objeto Fixo;1;2;;;;;1
05/01/2019;04:18:00;642;sem vítima;56;BR-040/RJ;Norte;Atropelamento - Animal;1;1;;;;;1
06/01/2019;22:42:00;870;com vítima;60;BR-040/RJ;Sul;Colisão Lateral;1;0;3;2;;;2
07/01/2019;03:20:00;884;sem vítima;68;BR-040/RJ;Sul;Choque - Objeto Fixo;1;1;;;;;1
08/01/2019;17:54:00;1112;com vítima;106;BR-040/RJ;Norte;Colisão Traseira;2;1;1;;;;1
10/01/2019;08:08:00;1317;sem vítima;122;BR-040/RJ;Sul;Colisão Lateral;1;2;;;;;1
10/01/2019;15:16:00;1377;sem vítima;123;BR-040/RJ;Sul;Colisão Lateral;1;2;;;;;1
11/01/2019;09:52:00;1480;sem vítima;122;BR-040/RJ;Sul;Colisão Traseira;1;2;;;;;1
11/01/2019;15:55:00;1532;com vítima;112;BR-040/RJ;Norte;Colisão Lateral;1;0;2;;;;1
12/01/2019;16:37:00;1680;com vítima;828;BR-040/MG;Norte;Tombamento;1;0;1;;;;1
14/01/2019;11:21:00;1906;com vítima;17;BR-040/RJ;Norte;Colisão Traseira;1;1;3;1;1;;2
15/01/2019;06:43:00;1994;com vítima;788;BR-040/MG;Norte;Colisão Lateral;1;1;1;;;;1
17/01/2019;14:43:00;2323;com vítima;84;BR-040/RJ;Sul;Choque - Objeto Fixo;1;0;1;;1;;2
17/01/2019;23:22:00;2381;com vítima;820;BR-040/MG;Norte;Colisão Traseira;2;0;4;;;;1
18/01/2019;07:06:00;2401;sem vítima;121;BR-040/RJ;Sul;Colisão Lateral;1;2;;;;;1
18/01/2019;10:09:00;2427;sem vítima;45;BR-040/RJ;Norte;Colisão Traseira;1;2;;;;;1
21/01/2019;00:00:01;2834;sem vítima;1;BR-040/RJ;Sul;Derrapagem;1;1;;;;;1
21/01/2019;13:16:00;2896;com vítima;124;BR-040/RJ;Sul;Colisão Lateral;1;1;2;;;;1
22/01/2019;19:31:00;3078;sem vítima;53;BR-040/RJ;Norte;Engavetamento;1;3;;;;;1
22/01/2019;21:24:00;3087;com vítima;804;BR-040/MG;Norte;Colisão Traseira;2;0;2;;;;1
23/01/2019;05:33:00;3113;com vítima;120;BR-040/RJ;Sul;Colisão Lateral;1;1;2;;;;1
25/01/2019;02:26:00;3368;sem vítima;108;BR-040/RJ;Norte;Choque - Objeto Fixo;1;1;;;;;1
25/01/2019;08:00:00;3390;sem vítima;115;BR-040/RJ;Sul;Choque - Objeto Fixo;1;1;;;;;1
25/01/2019;14:48:00;3435;sem vítima;91;BR-040/RJ;Norte;Colisão Lateral;1;2;;;;;1
25/01/2019;20:19:00;3469;com vítima;111;BR-040/RJ;Norte;Tombamento;1;0;4;;;;1
25/01/2019;23:44:00;3480;com vítima;120;BR-040/RJ;Norte;Colisão Traseira;1;0;4;;;;1
26/01/2019;02:45:00;3492;com vítima;108;BR-040/RJ;Norte;Tombamento;1;1;1;;;;1
28/01/2019;17:18:00;3821;com vítima;782;BR-040/MG;Norte;Colisão Lateral;1;0;3;;;;1
29/01/2019;05:48:00;3876;sem vítima;125;BR-040/RJ;Sul;Colisão Lateral;2;3;;;;;1
30/01/2019;17:34:00;4113;com vítima;84;BR-040/RJ;Sul;Choque - Objeto Fixo;1;0;1;;;;1
31/01/2019;23:41:00;4295;com vítima;80;BR-040/RJ;Sul;Tombamento;1;0;1;;;;1
01/02/2019;05:37:00;14;com vítima;52;BR-040/RJ;Sul;Colisão Traseira;1;0;4;;;;1
04/02/2019;15:42:00;486;sem vítima;94;BR-040/RJ;Sul;Choque - Objeto Fixo;1;1;;;;;1
05/02/2019;07:04:00;581;sem vítima;94;BR-040/RJ;Sul;Choque - Objeto Fixo;1;1;;;;;1
05/02/2019;09:19:00;600;sem vítima;113;BR-040/RJ;Sul;Engavetamento;1;3;;;;;1
05/02/2019;13:33:00;620;com vítima;34;BR-040/RJ;Norte;Tombamento;1;1;1;;;;1
07/02/2019;05:38:00;780;sem vítima;124;BR-040/RJ;Norte;Colisão Traseira;2;2;;;;;1
07/02/2019;17:22:00;851;com vítima;108;BR-040/RJ;Norte;Colisão Lateral;1;1;2;;;;1
08/02/2019;13:20:00;928;sem vítima;774;BR-040/MG;Norte;Colisão Lateral;2;2;;;;;1
09/02/2019;05:54:00;1026;com vítima;107;BR-040/RJ;Norte;Colisão Lateral;1;1;1;;;;1
09/02/2019;12:38:00;1082;sem vítima;71;BR-040/RJ;Sul;Colisão Lateral;1;2;;;;;1
10/02/2019;15:51:00;1214;com vítima;780;BR-040/MG;Sul;Colisão Traseira;1;0;5;;;;1
11/02/2019;16:59:00;1381;com vítima;62;BR-040/RJ;Norte;Colisão Lateral;1;1;;1;;;2
11/02/2019;19:24:00;1406;com vítima;90;BR-040/RJ;Sul;Choque - Objeto Fixo;1;0;2;;;;1
12/02/2019;08:54:00;1464;com vítima;89;BR-040/RJ;Sul;Capotamento;1;0;;1;;;2
13/02/2019;07:12:00;1562;sem vítima;122;BR-040/RJ;Sul;Colisão Traseira;1;2;;;;;1
13/02/2019;09:26:00;1583;sem vítima;118;BR-040/RJ;Sul;Colisão Transversal;1;2;;;;;1
13/02/2019;17:15:00;1641;com vítima;112;BR-040/RJ;Norte;Colisão Lateral;1;0;1;1;;;2
14/02/2019;07:45:00;1698;com vítima;31;BR-040/RJ;Sul;Tombamento;1;0;1;;;;1
15/02/2019;05:41:00;1796;sem vítima;21;BR-040/RJ;Sul;Colisão Traseira;2;2;;;;;1
15/02/2019;12:43:00;1839;sem vítima;81;BR-040/RJ;Norte;Colisão Lateral;1;2;;;;;1
16/02/2019;12:59:00;1994;sem vítima;776;BR-040/MG;Sul;Colisão Lateral;1;2;;;;;1
17/02/2019;17:23:00;2150;com vítima;44;BR-040/RJ;Norte;Colisão Lateral;1;0;2;;;;1
18/02/2019;05:26:00;2202;sem vítima;810;BR-040/MG;Sul;Choque - Objeto Fixo;1;1;;;;;1
18/02/2019;15:34:00;2269;com vítima;51;BR-040/RJ;Norte;Tombamento;1;0;2;;;;1
18/02/2019;20:05:00;2300;sem vítima;824;BR-040/MG;Sul;Choque - Objeto Fixo;1;1;;;;;1
19/02/2019;07:06:00;2338;sem vítima;82;BR-040/RJ;Sul;Colisão Lateral;1;2;;;;;1
19/02/2019;12:35:00;2375;sem vítima;33;BR-040/RJ;Norte;Choque - Objeto Fixo;1;1;;;;;1
20/02/2019;11:36:00;2498;com vítima;806;BR-040/MG;Norte;Choque - Objeto Fixo;1;0;1;;;;1
22/02/2019;01:06:00;2678;com vítima;42;BR-040/RJ;Sul;Colisão Traseira;1;1;10;;;;1
22/02/2019;03:48:00;2683;com vítima;68;BR-040/RJ;Norte;Derrapagem;1;0;1;;;;1
22/02/2019;15:57:00;2775;sem vítima;83;BR-040/RJ;Norte;Colisão Traseira;1;2;;;;;1
22/02/2019;21:14:00;2830;sem vítima;82;BR-040/RJ;Norte;Colisão Lateral;1;2;;;;;1
23/02/2019;08:56:00;2888;com vítima;123;BR-040/RJ;Norte;Choque - Objeto Fixo;1;1;6;;;;1
23/02/2019;14:10:00;2933;sem vítima;108;BR-040/RJ;Norte;Colisão Traseira;1;2;;;;;1
23/02/2019;18:42:00;2985;com vítima;108;BR-040/RJ;Norte;Tombamento;1;1;1;;;;1
01/03/2019;19:26:00;175;sem vítima;111;BR-040/RJ;Norte;Colisão Traseira;1;3;;;;;1
02/03/2019;16:29:00;376;com vítima;799;BR-040/MG;Norte;Choque - Objeto Fixo;1;0;2;;;;1
07/03/2019;14:26:00;1021;com vítima;784;BR-040/MG;Sul;Engavetamento;1;2;2;;;;1
07/03/2019;15:37:00;1040;com vítima;112;BR-040/RJ;Sul;Colisão Traseira;1;1;2;;;1;3
07/03/2019;16:51:00;1054;com vítima;112;BR-040/RJ;Norte;Colisão Lateral;1;1;1;;;;1
07/03/2019;17:38:00;1061;sem vítima;14;BR-040/RJ;Sul;Tombamento;1;1;;;;;1
08/03/2019;13:51:00;1161;sem vítima;102;BR-040/RJ;Norte;Colisão Lateral;1;2;;;;;1
09/03/2019;13:31:00;1278;com vítima;68;BR-040/RJ;Norte;Tombamento;1;0;1;1;;;2
09/03/2019;14:37:00;1288;com vítima;74;BR-040/RJ;Norte;Capotamento;1;1;3;;;;1
13/03/2019;07:22:00;1768;com vítima;96;BR-040/RJ;Norte;Tombamento;1;1;;1;;;2
13/03/2019;19:13:00;1855;sem vítima;93;BR-040/RJ;Norte;Colisão Lateral;2;2;;;;;1
14/03/2019;08:47:00;1911;sem vítima;124;BR-040/RJ;Sul;Colisão Traseira;1;2;;;;;1
15/03/2019;10:18:00;2049;sem vítima;60;BR-040/RJ;Norte;Choque - Objeto Fixo;1;1;;;;;1
16/03/2019;13:43:00;2215;sem vítima;789;BR-040/MG;Norte;Colisão Traseira;1;2;;;;;1
17/03/2019;16:31:00;2338;sem vítima;118;BR-040/RJ;Norte;Choque - Objeto Fixo;1;2;;;;;1
18/03/2019;08:41:00;2417;sem vítima;124;BR-040/RJ;Sul;Colisão Lateral;1;2;;;;;1
18/03/2019;11:12:00;2442;com vítima;786;BR-040/MG;Sul;Tombamento;1;0;1;;;;1
18/03/2019;12:17:00;2447;com vítima;58;BR-040/RJ;Norte;Colisão Lateral;1;0;3;;;;1
18/03/2019;15:20:00;2468;sem vítima;84;BR-040/RJ;Norte;Colisão Lateral;1;2;;;;;1
18/03/2019;19:33:00;2494;com vítima;109;BR-040/RJ;Sul;Colisão Lateral;1;0;2;;;;1
18/03/2019;21:01:00;2501;com vítima;92;BR-040/RJ;Sul;Choque - Objeto Fixo;1;0;1;;;;1
19/03/2019;00:30:00;2513;sem vítima;102;BR-040/RJ;Norte;Colisão Lateral;1;2;;;;;1
19/03/2019;08:05:00;2542;com vítima;77;BR-040/RJ;Norte;Colisão Traseira;2;1;2;;;;1
20/03/2019;08:20:00;2682;com vítima;80;BR-040/RJ;Sul;Atropelamento - Pedestre;1;1;;;1;;2
20/03/2019;16:39:00;2743;sem vítima;110;BR-040/RJ;Norte;Colisão Lateral;1;2;;;;;1
21/03/2019;11:31:00;2841;com vítima;92;BR-040/RJ;Sul;Colisão Lateral;1;1;3;;;;1
22/03/2019;07:19:00;2928;sem vítima;72;BR-040/RJ;Norte;Colisão Lateral;1;2;;;;;1
22/03/2019;08:08:00;2937;sem vítima;109;BR-040/RJ;Sul;Colisão Traseira;1;2;;;;;1
22/03/2019;15:15:00;2986;com vítima;122;BR-040/RJ;Norte;Colisão Traseira;1;1;1;;;;1
23/03/2019;06:26:00;3051;sem vítima;113;BR-040/RJ;Sul;Choque - Objeto Fixo;1;1;;;;;1
23/03/2019;15:27:00;3113;com vítima;60;BR-040/RJ;Norte;Choque - Objeto Fixo;1;0;1;;;;1
25/03/2019;08:40:00;3320;com vítima;98;BR-040/RJ;Sul;Colisão Lateral;1;1;;;1;;2
25/03/2019;18:43:00;3400;sem vítima;780;BR-040/MG;Sul;Colisão Lateral;1;2;;;;;1
27/03/2019;10:13:00;3597;sem vítima;87;BR-040/RJ;Sul;Colisão Lateral;1;2;;;;;1
29/03/2019;14:02:00;3862;com vítima;124;BR-040/RJ;Sul;Colisão Lateral;1;0;1;1;;;2
30/03/2019;09:30:00;3970;com vítima;113;BR-040/RJ;Sul;Colisão Traseira;1;1;1;;;;1
30/03/2019;16:02:00;4012;sem vítima;123;BR-040/RJ;Norte;Colisão Lateral;1;2;;;;;1
01/04/2019;05:31:00;24;com vítima;121;BR-040/RJ;Sul;Engavetamento;1;0;10;;;;1
01/04/2019;18:19:00;120;sem vítima;87;BR-040/RJ;Norte;Colisão Lateral;1;2;;;;;1
02/04/2019;13:05:00;207;sem vítima;122;BR-040/RJ;Norte;Engavetamento;1;3;;;;;1
02/04/2019;21:39:00;270;sem vítima;124;BR-040/RJ;Sul;Tombamento;1;1;;;;;1
04/04/2019;05:24:00;416;sem vítima;121;BR-040/RJ;Sul;Colisão Lateral;1;2;;;;;1
04/04/2019;09:17:00;439;sem vítima;120;BR-040/RJ;Sul;Colisão Lateral;1;2;;;;;1
05/04/2019;01:46:00;536;com vítima;93;BR-040/RJ;Sul;Derrapagem;1;0;1;;;;1
07/04/2019;06:03:00;860;com vítima;108;BR-040/RJ;Norte;Tombamento;1;1;1;;;;1
07/04/2019;11:38:00;889;sem vítima;86;BR-040/RJ;Norte;Tombamento;1;1;;;;;1
08/04/2019;06:17:00;974;sem vítima;123;BR-040/RJ;Sul;Colisão Lateral;1;3;;;;;1
08/04/2019;12:22:00;1008;sem vítima;87;BR-040/RJ;Norte;Colisão Lateral;1;2;;;;;1
08/04/2019;14:40:00;1024;sem vítima;85;BR-040/RJ;Sul;Choque - Objeto Fixo;1;1;;;;;1
08/04/2019;23:08:00;1081;com vítima;44;BR-040/RJ;Sul;Choque - Objeto Fixo;1;0;;1;;;2
10/04/2019;17:47:00;1298;sem vítima;93;BR-040/RJ;Norte;Colisão Traseira;2;2;;;;;1
11/04/2019;06:19:00;1345;com vítima;114;BR-040/RJ;Sul;Colisão Traseira;1;1;;1;1;;2
12/04/2019;13:21:00;1541;com vítima;111;BR-040/RJ;Sul;Colisão Traseira;1;1;1;;;;1
13/04/2019;12:45:00;1681;com vítima;89;BR-040/RJ;Sul;Tombamento;1;0;;;;1;3
14/04/2019;07:15:00;1766;sem vítima;90;BR-040/RJ;Sul;Tombamento;1;1;;;;;1
14/04/2019;12:57:00;1800;com vítima;115;BR-040/RJ;Norte;Colisão Traseira;1;1;3;1;;;2
14/04/2019;17:30:00;1832;sem vítima;94;BR-040/RJ;Norte;Colisão Lateral;1;2;;;;;1
17/04/2019;07:43:00;2158;sem vítima;70;BR-040/RJ;Sul;Choque - Objeto Fixo;1;1;;;;;1
17/04/2019;16:33:00;2219;sem vítima;110;BR-040/RJ;Norte;Colisão Traseira;2;2;;;;;1
17/04/2019;18:04:00;2238;com vítima;123;BR-040/RJ;Norte;Colisão Lateral;1;0;2;;;1;3
17/04/2019;22:43:00;2260;com vítima;67;BR-040/RJ;Sul;Tombamento;1;0;1;;;;1
18/04/2019;03:57:00;2286;com vítima;25;BR-040/RJ;Sul;Tombamento;1;1;1;;;;1
18/04/2019;06:09:00;2298;com vítima;122;BR-040/RJ;Sul;Colisão Lateral;1;1;1;;;;1
21/04/2019;20:08:00;2790;com vítima;34;BR-040/RJ;Sul;Choque - Objeto Fixo;1;1;1;;;;1
26/04/2019;12:59:00;3383;sem vítima;124;BR-040/RJ;Sul;Colisão Traseira;1;2;;;;;1
26/04/2019;20:36:00;3432;com vítima;93;BR-040/RJ;Sul;Tombamento;1;0;2;;;;1
28/04/2019;21:41:00;3689;com vítima;84;BR-040/RJ;Sul;Colisão Traseira;1;1;2;;;;1
29/04/2019;15:18:00;3799;com vítima;104;BR-040/RJ;Norte;Colisão Lateral;1;1;1;;;;1
29/04/2019;21:11:00;3837;com vítima;37;BR-040/RJ;Norte;Choque - Objeto Fixo;1;0;1;;;;1
30/04/2019;10:26:00;3898;sem vítima;123;BR-040/RJ;Sul;Colisão Lateral;1;2;;;;;1
01/05/2019;05:25:00;17;com vítima;820;BR-040/MG;Norte;Colisão Traseira;1;1;1;1;;;2
02/05/2019;12:17:00;156;com vítima;122;BR-040/RJ;Norte;Tombamento;1;0;2;;;;1
03/05/2019;07:20:00;252;sem vítima;123;BR-040/RJ;Sul;Colisão Lateral;1;2;;;;;1
03/05/2019;14:26:00;305;com vítima;71;BR-040/RJ;Norte;Colisão Lateral;1;0;1;1;;;2
04/05/2019;18:12:00;454;com vítima;89;BR-040/RJ;Sul;Tombamento;1;0;1;1;;;2
04/05/2019;20:13:00;463;sem vítima;85;BR-040/RJ;Norte;Colisão Lateral;1;2;;;;;1
06/05/2019;12:31:00;661;sem vítima;122;BR-040/RJ;Sul;Colisão Lateral;2;2;;;;;1
07/05/2019;15:25:00;815;sem vítima;85;BR-040/RJ;Sul;Choque - Objeto Fixo;1;1;;;;;1
07/05/2019;17:10:00;840;sem vítima;84;BR-040/RJ;Sul;Colisão Traseira;1;2;;;;;1
07/05/2019;21:54:00;864;sem vítima;782;BR-040/MG;Sul;Colisão Lateral;1;2;;;;;1
08/05/2019;18:38:00;984;sem vítima;112;BR-040/RJ;Norte;Colisão Traseira;1;3;;;;;1
09/05/2019;18:53:00;1114;com vítima;98;BR-040/RJ;Sul;Colisão Lateral;2;0;2;;;;1
10/05/2019;09:26:00;1170;com vítima;108;BR-040/RJ;Norte;Tombamento;1;0;1;;;;1
10/05/2019;13:30:00;1194;com vítima;74;BR-040/RJ;Norte;Tombamento;1;0;1;;;;1
10/05/2019;14:24:00;1200;sem vítima;110;BR-040/RJ;Norte;Colisão Lateral;1;2;;;;;1
10/05/2019;16:14:00;1221;sem vítima;97;BR-040/RJ;Norte;Colisão Lateral;1;2;;;;;1
10/05/2019;20:17:00;1249;com vítima;86;BR-040/RJ;Sul;Colisão Traseira;1;0;2;;;;1
15/05/2019;11:18:00;1836;com vítima;97;BR-040/RJ;Sul;Colisão Traseira;2;0;4;;;;1
15/05/2019;11:52:00;1846;sem vítima;96;BR-040/RJ;Sul;Choque - Objeto Fixo;1;1;;;;;1
16/05/2019;15:53:00;2004;sem vítima;48;BR-040/RJ;Norte;Choque - Objeto Fixo;1;1;;;;;1
17/05/2019;09:20:00;2093;sem vítima;109;BR-040/RJ;Norte;Colisão Lateral;1;3;;;;;1
17/05/2019;11:03:00;2108;com vítima;93;BR-040/RJ;Sul;Tombamento;1;0;2;;;;1
17/05/2019;13:14:00;2119;com vítima;31;BR-040/RJ;Norte;Colisão Traseira;2;1;3;;;;1
17/05/2019;14:08:00;2124;com vítima;32;BR-040/RJ;Norte;Colisão Traseira;2;0;2;;;;1
17/05/2019;16:26:00;2140;com vítima;84;BR-040/RJ;Sul;Choque - Objeto Fixo;1;0;7;;;;1
19/05/2019;15:46:00;2383;sem vítima;804;BR-040/MG;Norte;Colisão Lateral;1;2;;;;;1
19/05/2019;19:57:00;2414;com vítima;85;BR-040/RJ;Sul;Colisão Lateral;1;0;2;;;1;3
20/05/2019;16:11:00;2507;com vítima;84;BR-040/RJ;Sul;Choque - Objeto Fixo;1;0;3;;;;1
21/05/2019;21:58:00;2660;sem vítima;821;BR-040/MG;Norte;Colisão Traseira;2;2;;;;;1
22/05/2019;09:53:00;2693;com vítima;110;BR-040/RJ;Sul;Colisão Lateral;1;1;4;;;;1
22/05/2019;22:21:00;2773;sem vítima;94;BR-040/RJ;Norte;Choque - Objeto Fixo;1;1;;;;;1
23/05/2019;13:57:00;2822;com vítima;65;BR-040/RJ;Sul;Tombamento;1;1;3;;;;1
24/05/2019;03:43:00;2894;com vítima;810;BR-040/MG;Norte;Derrapagem;1;0;1;;;;1
25/05/2019;08:15:00;3054;sem vítima;112;BR-040/RJ;Sul;Engavetamento;1;3;;;;;1
27/05/2019;08:10:00;3291;sem vítima;783;BR-040/MG;Norte;Colisão Lateral;1;2;;;;;1
27/05/2019;12:10:00;3322;com vítima;796;BR-040/MG;Norte;Colisão Traseira;2;0;2;;;;1
27/05/2019;17:04:00;3373;com vítima;124;BR-040/RJ;Norte;Objeto lançado contra veículo;1;1;1;;;;1
27/05/2019;18:10:00;3383;sem vítima;37;BR-040/RJ;Sul;Colisão Traseira;1;2;;;;;1
28/05/2019;21:48:00;3524;sem vítima;89;BR-040/RJ;Sul;Derrapagem;1;1;;;;;1
31/05/2019;08:26:00;3823;sem vítima;123;BR-040/RJ;Norte;Colisão Lateral;1;2;;;;;1
01/06/2019;12:44:00;64;sem vítima;120;BR-040/RJ;Norte;Colisão Traseira;1;2;;;;;1
01/06/2019;13:18:00;74;sem vítima;110;BR-040/RJ;Norte;Colisão Lateral;1;2;;;;;1