data;horario;n_da_ocorrencia;tipo_de_ocorrencia;km;trecho;sentido;tipo_de_acidente;caminhao;ilesos;levemente_feridos;moderadamente_feridos;gravemente_feridos;mortos;3
03/06/2019;09:12:00;303;sem vítima;124;BR-040/RJ;Sul;Colisão Traseira;2;2;;;;;1
03/06/2019;16:52:00;356;sem vítima;85;BR-040/RJ;Norte;Choque - Objeto Fixo;1;1;;;;;1
04/06/2019;11:37:00;450;sem vítima;84;BR-040/RJ;Sul;Colisão Lateral;2;2;;;;;1
05/06/2019;14:20:00;599;sem vítima;92;BR-040/RJ;Sul;Colisão Lateral;1;2;;;;;1
06/06/2019;12:45:00;692;sem vítima;94;BR-040/RJ;Norte;Choque - Objeto Fixo;1;1;;;;;1
07/06/2019;02:32:00;770;sem vítima;85;BR-040/RJ;Norte;Choque - Objeto Fixo;1;1;;;;;1
07/06/2019;10:09:00;806;com vítima;124;BR-040/RJ;Sul;Colisão Lateral;1;2;1;;;;1
08/06/2019;08:55:00;936;com vítima;780;BR-040/MG;Sul;Capotamento;1;0;1;;;;1
08/06/2019;15:03:00;979;com vítima;102;BR-040/RJ;Norte;Colisão Lateral;1;1;;;1;;2
09/06/2019;06:51:00;1052;com vítima;784;BR-040/MG;Norte;Tombamento;1;0;;2;;;2
10/06/2019;19:39:00;1265;sem vítima;63;BR-040/RJ;Sul;Colisão Traseira;1;2;;;;;1
11/06/2019;13:24:00;1351;com vítima;110;BR-040/RJ;Sul;Colisão Lateral;1;1;1;;;;1
13/06/2019;13:38:00;1596;com vítima;777;BR-040/MG;Sul;Colisão Lateral;1;1;1;;;;1
14/06/2019;07:34:00;1675;com vítima;57;BR-040/RJ;Norte;Colisão Traseira;1;0;1;1;;;2
14/06/2019;18:09:00;1769;com vítima;121;BR-040/RJ;Norte;Engavetamento;1;2;3;;;;1
15/06/2019;07:10:00;1812;com vítima;78;BR-040/RJ;Sul;Colisão Traseira;2;0;2;;;;1
15/06/2019;10:01:00;1834;sem vítima;109;BR-040/RJ;Norte;Colisão Traseira;1;2;;;;;1
15/06/2019;14:14:00;1853;sem vítima;99;BR-040/RJ;Norte;Colisão Traseira;1;2;;;;;1
16/06/2019;08:27:00;1920;com vítima;816;BR-040/MG;Sul;Colisão Lateral;1;0;7;;;;1
17/06/2019;06:46:00;2042;com vítima;122;BR-040/RJ;Sul;Colisão Traseira;1;1;1;;;;1
18/06/2019;17:08:00;2265;sem vítima;94;BR-040/RJ;Norte;Colisão Lateral;1;2;;;;;1
19/06/2019;00:57:00;2299;sem vítima;123;BR-040/RJ;Sul;Choque - Objeto Fixo;1;1;;;;;1
19/06/2019;11:36:00;2345;sem vítima;124;BR-040/RJ;Sul;Colisão Lateral;2;2;;;;;1
19/06/2019;18:07:00;2393;sem vítima;105;BR-040/RJ;Norte;Colisão Traseira;1;2;;;;;1
19/06/2019;19:09:00;2403;com vítima;89;BR-040/RJ;Sul;Queda de Moto;1;0;2;;;;1
21/06/2019;07:35:00;2596;sem vítima;84;BR-040/RJ;Sul;Colisão Traseira;1;2;;;;;1
22/06/2019;05:47:00;2744;sem vítima;54;BR-040/RJ;Sul;Choque - Objeto Fixo;1;1;;;;;1
22/06/2019;20:07:00;2836;com vítima;118;BR-040/RJ;Norte;Tombamento;1;1;1;;;;1
23/06/2019;19:16:00;2979;sem vítima;94;BR-040/RJ;Sul;Choque - Objeto Fixo;1;1;;;;;1
24/06/2019;07:54:00;3022;com vítima;96;BR-040/RJ;Sul;Tombamento;1;0;;1;;;2
25/06/2019;15:46:00;3207;sem vítima;101;BR-040/RJ;Norte;Colisão Traseira;1;2;;;;;1
26/06/2019;15:52:00;3359;com vítima;72;BR-040/RJ;Norte;Tombamento;1;1;3;;;;1
26/06/2019;18:46:00;3388;sem vítima;57;BR-040/RJ;Sul;Choque - Objeto Fixo;1;1;;;;;1
27/06/2019;11:00:00;3468;sem vítima;91;BR-040/RJ;Norte;Colisão Lateral;1;2;;;;;1
27/06/2019;13:45:00;3491;sem vítima;99;BR-040/RJ;Norte;Colisão Lateral;2;2;;;;;1
28/06/2019;01:44:00;3560;com vítima;112;BR-040/RJ;Norte;Choque - Objeto Fixo;1;0;1;;;;1
28/06/2019;10:52:00;3597;sem vítima;89;BR-040/RJ;Norte;Colisão Lateral;1;2;;;;;1
28/06/2019;20:34:00;3674;sem vítima;74;BR-040/RJ;Norte;Colisão Traseira;1;2;;;;;1
29/06/2019;17:36:00;3806;sem vítima;122;BR-040/RJ;Norte;Colisão Lateral;1;2;;;;;1
01/07/2019;13:28:00;60;com vítima;123;BR-040/RJ;Sul;Colisão Traseira;1;1;;;1;;2
01/07/2019;14:20:00;68;sem vítima;83;BR-040/RJ;Norte;Colisão Lateral;1;2;;;;;1
01/07/2019;15:10:00;76;com vítima;60;BR-040/RJ;Sul;Choque - Objeto Fixo;1;1;2;1;;;2
02/07/2019;00:20:00;133;com vítima;21;BR-040/RJ;Norte;Tombamento;1;0;;1;;;2
02/07/2019;16:37:00;236;com vítima;96;BR-040/RJ;Norte;Tombamento;1;2;1;;;;1
03/07/2019;08:16:00;305;com vítima;96;BR-040/RJ;Sul;Colisão Traseira;2;0;4;;;;1
03/07/2019;21:10:00;386;com vítima;822;BR-040/MG;Norte;Colisão Traseira;2;0;2;;;;1
05/07/2019;07:31:00;576;com vítima;84;BR-040/RJ;Sul;Colisão Traseira;1;1;8;;;;1
05/07/2019;10:26:00;595;sem vítima;82;BR-040/RJ;Sul;Colisão Traseira;1;2;;;;;1
06/07/2019;06:56:00;735;com vítima;99;BR-040/RJ;Sul;Colisão Lateral;1;1;1;2;;;2
08/07/2019;05:51:00;968;sem vítima;98;BR-040/RJ;Sul;Colisão Lateral;3;3;;;;;1
08/07/2019;11:58:00;998;sem vítima;43;BR-040/RJ;Sul;Colisão Lateral;1;2;;;;;1
08/07/2019;15:57:00;1025;sem vítima;108;BR-040/RJ;Norte;Colisão Lateral;1;2;;;;;1
10/07/2019;13:12:00;1278;sem vítima;782;BR-040/MG;Norte;Colisão Lateral;1;2;;;;;1
11/07/2019;18:46:00;1467;com vítima;810;BR-040/MG;Sul;Colisão Lateral;1;1;1;;;;1
12/07/2019;07:42:00;1505;com vítima;122;BR-040/RJ;Sul;Colisão Traseira;1;1;;1;1;;2
12/07/2019;07:42:00;1520;sem vítima;122;BR-040/RJ;Sul;Colisão Lateral;1;2;;;;;1
12/07/2019;21:58:00;1633;sem vítima;56;BR-040/RJ;Norte;Objeto lançado contra veículo;1;3;;;;;1
14/07/2019;09:48:00;1798;com vítima;122;BR-040/RJ;Norte;Colisão Traseira;1;1;1;;;;1
16/07/2019;16:54:00;2075;com vítima;118;BR-040/RJ;Norte;Engavetamento;1;2;1;;;;1
19/07/2019;01:20:00;2414;com vítima;113;BR-040/RJ;Sul;Engavetamento;1;0;2;1;;;2
19/07/2019;08:00:00;2435;com vítima;113;BR-040/RJ;Sul;Colisão Traseira;1;2;1;;;;1
19/07/2019;11:26:00;2461;com vítima;77;BR-040/RJ;Norte;Colisão Traseira;1;0;3;1;;;2
19/07/2019;12:08:00;2466;sem vítima;109;BR-040/RJ;Sul;Engavetamento;1;3;;;;;1
19/07/2019;19:47:00;2537;com vítima;105;BR-040/RJ;Norte;Atropelamento - Pedestre;1;1;1;;;;1
20/07/2019;04:00:00;2559;com vítima;112;BR-040/RJ;Sul;Tombamento;1;1;;1;;;2
20/07/2019;05:10:00;2562;com vítima;118;BR-040/RJ;Norte;Tombamento;1;1;1;;;;1
23/07/2019;08:33:00;2982;sem vítima;109;BR-040/RJ;Sul;Engavetamento;1;3;;;;;1
25/07/2019;12:13:00;3304;sem vítima;124;BR-040/RJ;Sul;Colisão Lateral;1;2;;;;;1
26/07/2019;19:52:00;3520;com vítima;824;BR-040/MG;Sul;Choque - Objeto Fixo;1;0;;1;;;2
30/07/2019;15:14:00;4030;com vítima;30;BR-040/RJ;Norte;Tombamento;1;1;1;;;;1
31/07/2019;08:15:00;4093;com vítima;118;BR-040/RJ;Sul;Colisão Lateral;1;1;1;;;;1
31/07/2019;15:24:00;4148;com vítima;108;BR-040/RJ;Norte;Tombamento;1;1;1;;;;1
31/07/2019;16:59:00;4158;sem vítima;111;BR-040/RJ;Norte;Engavetamento;2;4;;;;;1
31/07/2019;21:17:00;4196;com vítima;823;BR-040/MG;Norte;Colisão Traseira;2;1;1;;;;1
01/08/2019;03:19:00;8;com vítima;97;BR-040/RJ;Sul;Tombamento;1;0;1;;;;1
01/08/2019;16:00:00;82;sem vítima;773;BR-040/MG;Sul;Colisão Lateral;1;2;;;;;1
02/08/2019;11:31:00;176;sem vítima;110;BR-040/RJ;Sul;Colisão Lateral;2;2;;;;;1
02/08/2019;16:50:00;229;sem vítima;123;BR-040/RJ;Sul;Colisão Lateral;1;2;;;;;1
03/08/2019;20:04:00;388;sem vítima;125;BR-040/RJ;Sul;Colisão Lateral;1;2;;;;;1
04/08/2019;01:25:00;410;sem vítima;113;BR-040/RJ;Sul;Colisão Traseira;1;2;;;;;1
04/08/2019;18:33:00;501;sem vítima;109;BR-040/RJ;Sul;Colisão Traseira;1;2;;;;;1
07/08/2019;02:54:00;765;com vítima;114;BR-040/RJ;Sul;Atropelamento - Pedestre;2;2;2;;;1;3
07/08/2019;11:50:00;822;sem vítima;112;BR-040/RJ;Norte;Colisão Traseira;2;3;;;;;1
07/08/2019;15:37:00;855;sem vítima;123;BR-040/RJ;Norte;Colisão Lateral;1;2;;;;;1
07/08/2019;17:55:00;873;com vítima;114;BR-040/RJ;Norte;Colisão Lateral;1;1;1;;;;1
07/08/2019;18:49:00;879;sem vítima;114;BR-040/RJ;Norte;Colisão Traseira;1;2;;;;;1
09/08/2019;13:19:00;1107;sem vítima;111;BR-040/RJ;Sul;Colisão Traseira;1;2;;;;;1
10/08/2019;14:47:00;1278;com vítima;121;BR-040/RJ;Sul;Engavetamento;1;1;4;1;;;2
10/08/2019;20:54:00;1322;sem vítima;55;BR-040/RJ;Norte;Colisão Lateral;1;2;;;;;1
12/08/2019;07:37:00;1474;com vítima;793;BR-040/MG;Sul;Choque - Objeto Fixo;1;0;2;;;;1
12/08/2019;16:43:00;1533;sem vítima;113;BR-040/RJ;Norte;Colisão Traseira;1;2;;;;;1
13/08/2019;19:01:00;1675;sem vítima;84;BR-040/RJ;Norte;Colisão Lateral;1;2;;;;;1
14/08/2019;06:48:00;1723;sem vítima;121;BR-040/RJ;Sul;Colisão Lateral;1;2;;;;;1
14/08/2019;11:31:00;1758;sem vítima;84;BR-040/RJ;Norte;Colisão Lateral;1;2;;;;;1
14/08/2019;11:46:00;1762;sem vítima;94;BR-040/RJ;Norte;Choque - Objeto Fixo;1;1;;;;;1
19/08/2019;09:48:00;2477;sem vítima;84;BR-040/RJ;Sul;Colisão Traseira;1;2;;;;;1
20/08/2019;10:40:00;2637;com vítima;805;BR-040/MG;Sul;Colisão Traseira;2;1;;1;;;2
20/08/2019;21:06:00;2704;com vítima;102;BR-040/RJ;Norte;Colisão Traseira;1;0;2;;;;1
20/08/2019;23:41:00;2718;sem vítima;826;BR-040/MG;Norte;Choque - Objeto Fixo;1;1;;;;;1
21/08/2019;00:31:00;2723;com vítima;52;BR-040/RJ;Sul;Colisão Traseira;2;0;1;2;;;2
23/08/2019;12:13:00;3048;sem vítima;123;BR-040/RJ;Sul;Colisão Lateral;1;2;;;;;1
23/08/2019;14:28:00;3064;sem vítima;124;BR-040/RJ;Sul;Colisão Lateral;1;2;;;;;1
24/08/2019;01:28:00;3141;sem vítima;42;BR-040/RJ;Norte;Choque - Objeto Fixo;1;1;;;;;1
24/08/2019;03:32:00;3145;sem vítima;105;BR-040/RJ;Sul;Choque - Objeto Fixo;1;1;;;;;1
26/08/2019;14:47:00;3427;com vítima;787;BR-040/MG;Norte;Tombamento;1;1;1;;;;1
28/08/2019;09:20:00;3631;sem vítima;123;BR-040/RJ;Sul;Colisão Lateral;1;2;;;;;1
29/08/2019;07:10:00;3733;com vítima;80;BR-040/RJ;Sul;Tombamento;1;1;;1;;;2
30/08/2019;00:39:00;3857;sem vítima;93;BR-040/RJ;Sul;Colisão Traseira;2;2;;;;;1
30/08/2019;00:49:00;3860;sem vítima;800;BR-040/MG;Sul;Colisão Traseira;2;2;;;;;1
30/08/2019;01:02:00;3861;com vítima;822;BR-040/MG;Norte;Colisão Traseira;2;1;1;;;;1
30/08/2019;08:16:00;3887;sem vítima;89;BR-040/RJ;Norte;Colisão Traseira;1;2;;;;;1
02/09/2019;07:59:00;163;com vítima;122;BR-040/RJ;Sul;Colisão Lateral;1;1;;1;;;2
03/09/2019;14:32:00;352;sem vítima;90;BR-040/RJ;Sul;Choque - Objeto Fixo;1;1;;;;;1
04/09/2019;10:39:00;472;com vítima;122;BR-040/RJ;Sul;Colisão Traseira;1;1;;1;;;2
04/09/2019;15:42:00;501;com vítima;96;BR-040/RJ;Sul;Tombamento;1;0;1;;;;1
05/09/2019;07:39:00;576;com vítima;119;BR-040/RJ;Sul;Colisão Traseira;2;1;3;;;;1
05/09/2019;11:00:00;614;com vítima;119;BR-040/RJ;Sul;Colisão Traseira;1;1;;;1;;2
05/09/2019;18:26:00;678;sem vítima;96;BR-040/RJ;Sul;Choque - Objeto Fixo;1;1;;;;;1
06/09/2019;08:13:00;745;sem vítima;87;BR-040/RJ;Sul;Choque - Objeto Fixo;1;1;;;;;1
07/09/2019;15:24:00;957;com vítima;116;BR-040/RJ;Norte;Engavetamento;1;2;;1;;;2
09/09/2019;17:59:00;1283;com vítima;108;BR-040/RJ;Sul;Colisão Lateral;1;1;1;;;;1
10/09/2019;01:14:00;1322;sem vítima;826;BR-040/MG;Norte;Choque - Objeto Fixo;1;1;;;;;1
12/09/2019;23:37:00;1794;com vítima;39;BR-040/RJ;Sul;Colisão Traseira;2;0;2;;;;1
13/09/2019;08:56:00;1836;com vítima;120;BR-040/RJ;Sul;Colisão Traseira;1;1;1;1;;;2
13/09/2019;19:14:00;1923;sem vítima;82;BR-040/RJ;Sul;Colisão Traseira;1;2;;;;;1
15/09/2019;17:58:00;2212;sem vítima;123;BR-040/RJ;Sul;Colisão Lateral;1;2;;;;;1
16/09/2019;05:36:00;2266;com vítima;116;BR-040/RJ;Sul;Capotamento;1;2;4;;;;1
16/09/2019;09:12:00;2303;com vítima;121;BR-040/RJ;Sul;Colisão Traseira;1;1;;1;;;2
19/09/2019;00:05:00;2678;com vítima;802;BR-040/MG;Sul;Atropelamento - Animal;1;0;1;;;;1
19/09/2019;19:33:00;2828;com vítima;790;BR-040/MG;Norte;Engavetamento;1;1;3;;;;1
20/09/2019;08:30:00;2896;com vítima;75;BR-040/RJ;Sul;Colisão Traseira;1;1;1;;;;1
20/09/2019;14:08:00;2947;com vítima;804;BR-040/MG;Norte;Colisão Traseira;2;1;;;1;;2
20/09/2019;23:08:00;3032;com vítima;109;BR-040/RJ;Norte;Tombamento;1;0;1;;;;1
23/09/2019;19:23:00;3449;sem vítima;101;BR-040/RJ;Sul;Colisão Lateral;1;2;;;;;1
26/09/2019;04:25:00;3735;com vítima;115;BR-040/RJ;Sul;Colisão Traseira;2;1;1;;;;1
26/09/2019;13:55:00;3822;sem vítima;96;BR-040/RJ;Sul;Choque - Objeto Fixo;1;1;;;;;1
26/09/2019;15:56:00;3831;com vítima;54;BR-040/RJ;Norte;Choque - Objeto Fixo;1;0;1;;;;1
27/09/2019;05:07:00;3911;com vítima;118;BR-040/RJ;Sul;Capotamento;1;1;1;;;;1
30/09/2019;09:30:00;4354;sem vítima;123;BR-040/RJ;Sul;Colisão Lateral;1;2;;;;;1
01/10/2019;02:33:00;5;com vítima;74;BR-040/RJ;Norte;Colisão Traseira;2;0;4;;;;1
01/10/2019;11:23:00;59;sem vítima;104;BR-040/RJ;Norte;Choque - Objeto Fixo;1;1;;;;;1
03/10/2019;06:47:00;300;com vítima;109;BR-040/RJ;Sul;Colisão Lateral;1;1;1;;;;1
03/10/2019;12:16:00;361;sem vítima;801;BR-040/MG;Sul;Colisão Traseira;2;2;;;;;1
04/10/2019;06:25:00;467;sem vítima;805;BR-040/MG;Sul;Colisão Traseira;1;2;;;;;1
04/10/2019;11:26:00;499;sem vítima;124;BR-040/RJ;Sul;Colisão Traseira;1;2;;;;;1
04/10/2019;12:59:00;513;com vítima;3;BR-040/RJ;Norte;Colisão Traseira;1;1;1;;;;1
07/10/2019;01:21:00;911;com vítima;116;BR-040/RJ;Sul;Tombamento;1;0;2;;;;1
07/10/2019;13:57:00;963;sem vítima;121;BR-040/RJ;Norte;Choque - Objeto Fixo;1;2;;;;;1
08/10/2019;12:32:00;1073;sem vítima;118;BR-040/RJ;Norte;Choque - Objeto Fixo;1;1;;;;;1
08/10/2019;17:34:00;1111;sem vítima;780;BR-040/MG;Sul;Colisão Traseira;1;2;;;;;1
08/10/2019;20:12:00;1135;sem vítima;773;BR-040/MG;Norte;Colisão Transversal;1;2;;;;;1
08/10/2019;21:02:00;1137;com vítima;31;BR-040/RJ;Sul;Tombamento;1;0;2;;;;1
09/10/2019;03:22:00;1155;sem vítima;124;BR-040/RJ;Sul;Colisão Lateral;1;2;;;;;1
10/10/2019;20:30:00;1402;com vítima;18;BR-040/RJ;Norte;Atropelamento - Animal;1;1;1;;;;1
11/10/2019;17:59:00;1533;com vítima;119;BR-040/RJ;Norte;Colisão Lateral;1;2;1;;;;1
12/10/2019;14:21:00;1660;com vítima;98;BR-040/RJ;Norte;Choque - Objeto Fixo;1;0;3;;;;1
12/10/2019;14:46:00;1665;sem vítima;102;BR-040/RJ;Norte;Colisão Traseira;1;2;;;;;1
14/10/2019;03:20:00;1885;sem vítima;14;BR-040/RJ;Sul;Atropelamento - Animal;1;1;;;;;1
16/10/2019;13:46:00;2221;sem vítima;97;BR-040/RJ;Norte;Colisão Lateral;1;2;;;;;1
16/10/2019;15:57:00;2245;com vítima;84;BR-040/RJ;Sul;Colisão Traseira;1;0;2;1;;;2
17/10/2019;22:32:00;2417;sem vítima;804;BR-040/MG;Norte;Colisão Traseira;2;2;;;;;1
18/10/2019;23:56:00;2577;com vítima;97;BR-040/RJ;Norte;Tombamento;1;0;;;;1;3
19/10/2019;04:30:00;2591;com vítima;117;BR-040/RJ;Sul;Colisão Lateral;1;1;3;3;;;2
21/10/2019;13:06:00;2886;sem vítima;45;BR-040/RJ;Sul;Choque - Objeto Fixo;1;1;;;;;1
22/10/2019;07:35:00;2970;com vítima;780;BR-040/MG;Sul;Tombamento;1;0;1;;;;1
22/10/2019;10:07:00;2992;sem vítima;88;BR-040/RJ;Sul;Colisão Traseira;2;2;;;;;1
24/10/2019;20:10:00;3336;sem vítima;96;BR-040/RJ;Norte;Colisão Lateral;1;2;;;;;1
26/10/2019;23:41:00;3659;sem vítima;93;BR-040/RJ;Norte;Choque - Objeto Fixo;1;1;;;;;1
28/10/2019;07:30:00;3822;sem vítima;82;BR-040/RJ;Sul;Colisão Traseira;1;2;;;;;1
28/10/2019;20:44:00;3932;com vítima;43;BR-040/RJ;Norte;Tombamento;1;1;1;;;;1
29/10/2019;04:28:00;3951;com vítima;109;BR-040/RJ;Sul;Queda de Moto;1;1;;1;;;2
31/10/2019;20:30:00;4355;sem vítima;62;BR-040/RJ;Norte;Colisão Lateral;1;2;;;;;1
01/11/2019;11:58:00;67;com vítima;102;BR-040/RJ;Norte;Colisão Traseira;1;1;;1;;;2
02/11/2019;03:13:00;181;com vítima;94;BR-040/RJ;Sul;Choque - Objeto Fixo;1;0;2;;;;1
02/11/2019;09:30:00;197;com vítima;123;BR-040/RJ;Norte;Colisão Traseira;1;1;4;;;;1
03/11/2019;21:46:00;395;com vítima;98;BR-040/RJ;Sul;Capotamento;1;1;1;;;;1
04/11/2019;08:31:00;428;com vítima;91;BR-040/RJ;Sul;Tombamento;1;0;2;;;;1
04/11/2019;11:02:00;451;com vítima;109;BR-040/RJ;Sul;Colisão Traseira;1;1;2;;;;1
04/11/2019;13:28:00;469;com vítima;123;BR-040/RJ;Sul;Colisão Traseira;1;0;3;;;;1
05/11/2019;04:29:00;546;com vítima;96;BR-040/RJ;Sul;Tombamento;1;0;1;;;;1
06/11/2019;18:15:00;821;sem vítima;118;BR-040/RJ;Norte;Colisão Lateral;1;2;;;;;1
07/11/2019;07:13:00;870;sem vítima;121;BR-040/RJ;Sul;Engavetamento;2;3;;;;;1
07/11/2019;11:19:00;902;sem vítima;31;BR-040/RJ;Norte;Choque - Objeto Fixo;1;1;;;;;1
07/11/2019;17:15:00;946;sem vítima;120;BR-040/RJ;Norte;Colisão Lateral;1;2;;;;;1
07/11/2019;19:12:00;964;sem vítima;105;BR-040/RJ;Norte;Colisão Lateral;1;2;;;;;1
07/11/2019;19:42:00;968;sem vítima;89;BR-040/RJ;Sul;Choque - Objeto Fixo;1;1;;;;;1
08/11/2019;16:10:00;1084;sem vítima;113;BR-040/RJ;Sul;Choque - Objeto Fixo;1;1;;;;;1
11/11/2019;07:17:00;1370;sem vítima;112;BR-040/RJ;Sul;Colisão Lateral;1;2;;;;;1
12/11/2019;01:33:00;1471;sem vítima;89;BR-040/RJ;Sul;Choque - Objeto Fixo;1;1;;;;;1
12/11/2019;13:23:00;1538;sem vítima;52;BR-040/RJ;Norte;Choque - Objeto Fixo;1;1;;;;;1
12/11/2019;19:07:00;1587;sem vítima;123;BR-040/RJ;Norte;Colisão Lateral;1;2;;;;;1
13/11/2019;13:39:00;1694;sem vítima;123;BR-040/RJ;Sul;Engavetamento;1;4;;;;;1
13/11/2019;14:19:00;1699;sem vítima;81;BR-040/RJ;Norte;Colisão Lateral;1;2;;;;;1
14/11/2019;00:23:00;1766;com vítima;102;BR-040/RJ;Norte;Colisão Lateral;2;2;1;;;;1
14/11/2019;07:31:00;1797;sem vítima;17;BR-040/RJ;Norte;Colisão Lateral;1;2;;;;;1
14/11/2019;08:19:00;1807;sem vítima;123;BR-040/RJ;Sul;Colisão Traseira;1;2;;;;;1
14/11/2019;14:49:00;1863;sem vítima;43;BR-040/RJ;Sul;Choque - Objeto Fixo;1;1;;;;;1
15/11/2019;07:18:00;1987;com vítima;43;BR-040/RJ;Norte;Choque - Objeto Fixo;1;0;1;;;;1
15/11/2019;12:35:00;2059;sem vítima;43;BR-040/RJ;Norte;Saída de Pista;1;1;;;;;1
16/11/2019;19:15:00;2219;sem vítima;118;BR-040/RJ;Sul;Colisão Lateral;1;2;;;;;1
18/11/2019;07:02:00;2400;com vítima;117;BR-040/RJ;Sul;Colisão Traseira;1;0;3;;;;1
18/11/2019;08:17:00;2413;sem vítima;123;BR-040/RJ;Sul;Colisão Lateral;1;2;;;;;1
18/11/2019;09:39:00;2425;sem vítima;121;BR-040/RJ;Sul;Colisão Traseira;1;2;;;;;1
19/11/2019;21:01:00;2649;com vítima;97;BR-040/RJ;Sul;Choque - Objeto Fixo;1;0;3;;;;1
20/11/2019;06:35:00;2691;sem vítima;102;BR-040/RJ;Norte;Colisão Traseira;1;2;;;;;1
20/11/2019;09:34:00;2715;com vítima;81;BR-040/RJ;Sul;Tombamento;1;0;1;;;;1
21/11/2019;11:21:00;2837;sem vítima;120;BR-040/RJ;Sul;Colisão Transversal;1;2;;;;;1
21/11/2019;17:03:00;2887;sem vítima;109;BR-040/RJ;Norte;Colisão Traseira;1;2;;;;;1
23/11/2019;21:19:00;3222;sem vítima;25;BR-040/RJ;Sul;Choque - Objeto Fixo;1;1;;;;;1
26/11/2019;07:11:00;3522;sem vítima;114;BR-040/RJ;Norte;Colisão Traseira;1;2;;;;;1
26/11/2019;15:53:00;3570;sem vítima;110;BR-040/RJ;Norte;Colisão Lateral;2;2;;;;;1
27/11/2019;03:32:00;3622;com vítima;112;BR-040/RJ;Sul;Colisão Traseira;1;1;1;;;;1
27/11/2019;15:10:00;3706;com vítima;113;BR-040/RJ;Sul;Choque - Objeto Fixo;1;0;1;;;;1
28/11/2019;14:08:00;3845;com vítima;13;BR-040/RJ;Sul;Choque - Objeto Fixo;1;0;1;;;;1
30/11/2019;11:15:00;4089;com vítima;47;BR-040/RJ;Norte;Colisão Traseira;1;1;;;1;;2
02/12/2019;06:17:00;172;sem vítima;22;BR-040/RJ;Norte;Choque - Objeto Fixo;1;1;;;;;1
03/12/2019;09:32:00;337;com vítima;780;BR-040/MG;Sul;Tombamento;1;0;1;;;;1
03/12/2019;20:20:00;428;sem vítima;84;BR-040/RJ;Norte;Colisão Lateral;2;2;;;;;1
04/12/2019;10:21:00;482;sem vítima;119;BR-040/RJ;Norte;Engavetamento;1;3;;;;;1
04/12/2019;12:28:00;501;sem vítima;119;BR-040/RJ;Norte;Colisão Lateral;1;2;;;;;1
04/12/2019;17:20:00;542;sem vítima;117;BR-040/RJ;Norte;Colisão Lateral;1;2;;;;;1
05/12/2019;16:53:00;674;sem vítima;13;BR-040/RJ;Sul;Choque - Objeto Fixo;1;1;;;;;1
05/12/2019;17:02:00;675;sem vítima;79;BR-040/RJ;Norte;Saída de Pista;1;2;;;;;1
05/12/2019;23:11:00;718;com vítima;783;BR-040/MG;Norte;Saída de Pista;1;0;1;;;;1
06/12/2019;12:52:00;785;sem vítima;89;BR-040/RJ;Norte;Colisão Lateral;1;2;;;;;1
06/12/2019;14:26:00;799;com vítima;31;BR-040/RJ;Sul;Choque - Objeto Fixo;1;1;1;;;;1
06/12/2019;16:03:00;816;sem vítima;77;BR-040/RJ;Norte;Engavetamento;1;3;;;;;1
06/12/2019;16:10:00;819;sem vítima;21;BR-040/RJ;Norte;Choque - Objeto Fixo;1;1;;;;;1
08/12/2019;22:19:00;1128;sem vítima;45;BR-040/RJ;Norte;Choque - Objeto Fixo;1;1;;;;;1
09/12/2019;15:16:00;1215;sem vítima;120;BR-040/RJ;Sul;Colisão Lateral;1;2;;;;;1
09/12/2019;15:26:00;1219;com vítima;117;BR-040/RJ;Sul;Colisão Traseira;1;1;1;;;;1
10/12/2019;02:44:00;1276;sem vítima;97;BR-040/RJ;Sul;Choque - Objeto Fixo;1;1;;;;;1
10/12/2019;08:32:00;1295;com vítima;84;BR-040/RJ;Sul;Tombamento;1;0;1;;;;1
10/12/2019;17:21:00;1347;sem vítima;123;BR-040/RJ;Sul;Colisão Lateral;1;2;;;;;1
11/12/2019;13:10:00;1460;com vítima;73;BR-040/RJ;Norte;Tombamento;1;0;;1;;;2
12/12/2019;07:31:00;1542;com vítima;122;BR-040/RJ;Sul;Queda de Moto;1;1;1;;;;1
14/12/2019;06:48:00;1867;sem vítima;84;BR-040/RJ;Norte;Colisão Lateral;1;2;;;;;1
15/12/2019;14:13:00;2078;com vítima;791;BR-040/MG;Sul;Colisão Lateral;1;1;1;;;;1
15/12/2019;21:30:00;2149;sem vítima;66;BR-040/RJ;Norte;Colisão Traseira;1;2;;;;;1
16/12/2019;13:47:00;2263;com vítima;77;BR-040/RJ;Norte;Colisão Lateral;1;0;2;;;;1
16/12/2019;15:19:00;2275;com vítima;95;BR-040/RJ;Sul;Tombamento;1;1;3;1;;;2
16/12/2019;20:56:00;2325;com vítima;820;BR-040/MG;Norte;Colisão Traseira;2;1;2;;;;1
17/12/2019;12:41:00;2431;sem vítima;122;BR-040/RJ;Sul;Colisão Traseira;2;2;;;;;1
18/12/2019;09:38:00;2555;sem vítima;123;BR-040/RJ;Sul;Colisão Lateral;1;2;;;;;1
18/12/2019;12:05:00;2584;com vítima;121;BR-040/RJ;Norte;Colisão Traseira;1;1;2;;;;1
18/12/2019;17:46:00;2634;com vítima;112;BR-040/RJ;Norte;Colisão Lateral;1;1;1;;;;1