data;horario;n_da_ocorrencia;tipo_de_ocorrencia;km;trecho;sentido;tipo_de_acidente;caminhao;ilesos;levemente_feridos;moderadamente_feridos;gravemente_feridos;mortos;3
18/12/2019;19:21:00;2647;sem vítima;109;BR-040/RJ;Norte;Colisão Lateral;1;2;;;;;1
19/12/2019;00:12:00;2675;com vítima;787;BR-040/MG;Norte;Saída de Pista;1;0;1;;;;1
19/12/2019;07:06:00;2697;com vítima;104;BR-040/RJ;Sul;Atropelamento - Pedestre;1;3;;;;1;3
19/12/2019;07:36:00;2701;com vítima;84;BR-040/RJ;Sul;Colisão Traseira;2;0;3;;;;1
19/12/2019;14:55:00;2745;sem vítima;83;BR-040/RJ;Sul;Saída de Pista;1;1;;;;;1
20/12/2019;02:29:00;2820;com vítima;83;BR-040/RJ;Sul;Colisão Traseira;2;0;2;;;;1
20/12/2019;08:40:00;2869;sem vítima;116;BR-040/RJ;Norte;Colisão Lateral;1;2;;;;;1
21/12/2019;11:06:00;3092;sem vítima;21;BR-040/RJ;Norte;Tombamento;1;1;;;;;1
21/12/2019;12:40:00;3107;com vítima;108;BR-040/RJ;Norte;Tombamento;1;0;1;;;;1
22/12/2019;05:03:00;3202;com vítima;94;BR-040/RJ;Sul;Choque - Objeto Fixo;1;0;;2;;;2
23/12/2019;00:48:00;3360;sem vítima;18;BR-040/RJ;Sul;Choque - Objeto Fixo;1;1;;;;;1
23/12/2019;05:34:00;3371;sem vítima;113;BR-040/RJ;Sul;Saída de Pista;1;1;;;;;1
23/12/2019;12:16:00;3418;sem vítima;70;BR-040/RJ;Norte;Choque - Objeto Fixo;1;1;;;;;1
23/12/2019;14:45:00;3437;sem vítima;84;BR-040/RJ;Norte;Colisão Lateral;1;2;;;;;1
23/12/2019;15:22:00;3442;com vítima;93;BR-040/RJ;Sul;Choque - Objeto Fixo;1;0;1;;;;1
28/12/2019;15:03:00;4211;com vítima;84;BR-040/RJ;Sul;Engavetamento;1;0;9;;;;1
29/12/2019;06:33:00;4278;sem vítima;109;BR-040/RJ;Sul;Colisão Lateral;1;2;;;;;1
30/12/2019;14:01:00;4473;sem vítima;39;BR-040/RJ;Norte;Tombamento;1;1;;;;;1
31/12/2019;12:19:00;4578;com vítima;80;BR-040/RJ;Sul;Tombamento;1;0;;1;;;2
02/01/2020;16:32:00;293;com vítima;62;BR-040/RJ;Sul;Colisão Lateral;1;0;2;;;;1
05/01/2020;21:26:00;726;sem vítima;96;BR-040/RJ;Sul;Choque - Objeto Fixo;1;1;;;;;1
06/01/2020;18:28:00;859;sem vítima;119;BR-040/RJ;Norte;Colisão Traseira;1;2;;;;;1
08/01/2020;07:45:00;1052;sem vítima;123;BR-040/RJ;Sul;Colisão Lateral;1;2;;;;;1
08/01/2020;15:28:00;1128;sem vítima;43;BR-040/RJ;Sul;Choque - Objeto Fixo;1;1;;;;;1
08/01/2020;15:38:00;1130;sem vítima;31;BR-040/RJ;Norte;Choque - Objeto Fixo;1;1;;;;;1
08/01/2020;16:27:00;1132;com vítima;63;BR-040/RJ;Norte;Tombamento;1;0;;1;;;2
10/01/2020;05:17:00;1315;sem vítima;118;BR-040/RJ;Sul;Choque - Objeto Fixo;1;1;;;;;1
11/01/2020;15:28:00;1525;sem vítima;124;BR-040/RJ;Norte;Colisão Traseira;1;2;;;;;1
12/01/2020;16:51:00;1674;com vítima;822;BR-040/MG;Norte;Colisão Traseira;1;1;3;;;;1
12/01/2020;23:46:00;1727;sem vítima;776;BR-040/MG;Sul;Atropelamento - Animal;1;1;;;;;1
14/01/2020;06:49:00;1894;sem vítima;82;BR-040/RJ;Norte;Colisão Traseira;1;2;;;;;1
14/01/2020;15:31:00;1947;sem vítima;32;BR-040/RJ;Norte;Choque - Objeto Fixo;1;1;;;;;1
14/01/2020;16:05:00;1952;sem vítima;32;BR-040/RJ;Norte;Colisão Lateral;1;2;;;;;1
16/01/2020;19:19:00;2207;sem vítima;96;BR-040/RJ;Norte;Choque - Objeto Fixo;1;1;;;;;1
16/01/2020;19:57:00;2213;sem vítima;96;BR-040/RJ;Norte;Colisão Lateral;1;2;;;;;1
16/01/2020;21:13:00;2222;sem vítima;56;BR-040/RJ;Norte;Choque - Objeto Fixo;1;2;;;;;1
17/01/2020;00:52:00;2244;sem vítima;86;BR-040/RJ;Norte;Choque - Objeto Fixo;1;1;;;;;1
17/01/2020;15:43:00;2335;sem vítima;96;BR-040/RJ;Sul;Choque - Objeto Fixo;1;1;;;;;1
17/01/2020;16:53:00;2347;sem vítima;34;BR-040/RJ;Norte;Colisão Lateral;2;2;;;;;1
17/01/2020;17:12:00;2350;sem vítima;14;BR-040/RJ;Sul;Colisão Lateral;1;2;;;;;1
20/01/2020;06:05:00;2653;com vítima;86;BR-040/RJ;Sul;Colisão Lateral;1;1;4;;;;1
21/01/2020;09:55:00;2798;sem vítima;88;BR-040/RJ;Norte;Colisão Lateral;1;2;;;;;1
21/01/2020;18:15:00;2842;com vítima;800;BR-040/MG;Norte;Saída de Pista;1;1;2;;;;1
22/01/2020;05:28:00;2895;sem vítima;86;BR-040/RJ;Norte;Colisão Lateral;1;2;;;;;1
23/01/2020;10:40:00;3076;com vítima;115;BR-040/RJ;Sul;Engavetamento;1;2;2;;;;1
23/01/2020;11:27:00;3088;sem vítima;121;BR-040/RJ;Sul;Choque - Objeto Fixo;2;2;;;;;1
24/01/2020;12:37:00;3234;com vítima;784;BR-040/MG;Norte;Tombamento;1;0;1;;;;1
24/01/2020;13:54:00;3248;sem vítima;62;BR-040/RJ;Sul;Colisão Traseira;1;2;;;;;1
29/01/2020;15:19:00;3872;com vítima;93;BR-040/RJ;Sul;Tombamento;2;0;3;;;;1
29/01/2020;17:55:00;3896;sem vítima;81;BR-040/RJ;Norte;Choque - Objeto Fixo;1;1;;;;;1
30/01/2020;07:58:00;3954;sem vítima;92;BR-040/RJ;Sul;Colisão Traseira;1;2;;;;;1
30/01/2020;18:41:00;4047;com vítima;123;BR-040/RJ;Sul;Colisão Lateral;1;1;1;;;;1
30/01/2020;18:58:00;4050;sem vítima;68;BR-040/RJ;Norte;Colisão Traseira;1;2;;;;;1
30/01/2020;23:04:00;4074;com vítima;99;BR-040/RJ;Norte;Tombamento;1;1;1;;;;1
31/01/2020;03:41:00;4091;sem vítima;84;BR-040/RJ;Sul;Colisão Traseira;1;2;;;;;1
04/02/2020;01:21:00;405;sem vítima;19;BR-040/RJ;Sul;Atropelamento - Animal;1;1;;;;;1
05/02/2020;15:26:00;598;com vítima;109;BR-040/RJ;Norte;Engavetamento;1;0;5;;;;1
05/02/2020;16:55:00;612;com vítima;108;BR-040/RJ;Norte;Colisão Lateral;1;0;3;;;;1
06/02/2020;07:39:00;699;com vítima;112;BR-040/RJ;Norte;Colisão Lateral;1;1;2;;;;1
06/02/2020;08:45:00;708;sem vítima;94;BR-040/RJ;Sul;Colisão Traseira;1;2;;;;;1
06/02/2020;09:16:00;712;com vítima;123;BR-040/RJ;Sul;Colisão Lateral;1;2;1;;;;1
07/02/2020;08:27:00;835;com vítima;777;BR-040/MG;Norte;Atropelamento - Pedestre;1;1;;1;;;2
07/02/2020;12:01:00;861;sem vítima;123;BR-040/RJ;Norte;Colisão Lateral;1;2;;;;;1
07/02/2020;12:05:00;862;com vítima;777;BR-040/MG;Norte;Colisão Traseira;1;1;1;;;;1
07/02/2020;12:16:00;864;sem vítima;61;BR-040/RJ;Sul;Engavetamento;1;4;;;;;1
07/02/2020;20:01:00;921;sem vítima;110;BR-040/RJ;Norte;Colisão Traseira;1;2;;;;;1
09/02/2020;11:13:00;1128;com vítima;24;BR-040/RJ;Sul;Tombamento;1;1;1;;;;1
11/02/2020;08:45:00;1406;com vítima;86;BR-040/RJ;Sul;Choque - Objeto Fixo;1;0;1;;;;1
11/02/2020;09:14:00;1407;sem vítima;26;BR-040/RJ;Sul;Colisão Traseira;2;2;;;;;1
11/02/2020;11:02:00;1425;sem vítima;90;BR-040/RJ;Sul;Choque - Objeto Fixo;1;1;;;;;1
11/02/2020;14:47:00;1449;com vítima;780;BR-040/MG;Sul;Tombamento;1;1;1;;;;1
12/02/2020;05:37:00;1513;sem vítima;34;BR-040/RJ;Sul;Choque - Objeto Fixo;1;1;;;;;1
12/02/2020;18:19:00;1606;sem vítima;122;BR-040/RJ;Norte;Colisão Traseira;1;2;;;;;1
13/02/2020;06:44:00;1669;sem vítima;55;BR-040/RJ;Norte;Colisão Transversal;1;2;;;;;1
13/02/2020;06:51:00;1670;sem vítima;87;BR-040/RJ;Sul;Choque - Objeto Fixo;1;1;;;;;1
13/02/2020;15:07:00;1739;com vítima;6;BR-040/RJ;Sul;Tombamento;1;0;5;;;;1
14/02/2020;06:25:00;1804;com vítima;810;BR-040/MG;Sul;Colisão Lateral;1;1;1;;;;1
14/02/2020;19:30:00;1907;com vítima;113;BR-040/RJ;Norte;Choque - Objeto Fixo;1;1;1;;;;1
15/02/2020;07:59:00;1961;sem vítima;84;BR-040/RJ;Norte;Colisão Lateral;1;2;;;;;1
15/02/2020;09:11:00;1967;com vítima;84;BR-040/RJ;Sul;Choque - Objeto Fixo;1;0;1;;;;1
15/02/2020;15:02:00;2009;sem vítima;121;BR-040/RJ;Sul;Colisão Traseira;1;2;;;;;1
17/02/2020;09:05:00;2212;sem vítima;121;BR-040/RJ;Sul;Colisão Lateral;2;2;;;;;1
17/02/2020;11:57:00;2241;sem vítima;118;BR-040/RJ;Norte;Colisão Lateral;1;4;;;;;1
17/02/2020;14:30:00;2258;sem vítima;113;BR-040/RJ;Sul;Colisão Traseira;2;2;;;;;1
17/02/2020;16:48:00;2273;com vítima;109;BR-040/RJ;Norte;Colisão Lateral;1;1;4;;;;1
18/02/2020;19:10:00;2434;com vítima;111;BR-040/RJ;Norte;Engavetamento;2;2;3;;;;1
20/02/2020;08:05:00;2628;sem vítima;111;BR-040/RJ;Norte;Colisão Traseira;1;3;;;;;1
20/02/2020;11:09:00;2652;sem vítima;116;BR-040/RJ;Norte;Colisão Lateral;2;2;;;;;1
20/02/2020;23:16:00;2732;sem vítima;782;BR-040/MG;Sul;Atropelamento - Animal;1;1;;;;;1
21/02/2020;02:48:00;2741;com vítima;122;BR-040/RJ;Sul;Choque - Objeto Fixo;1;0;;;1;;2
21/02/2020;13:02:00;2821;com vítima;94;BR-040/RJ;Sul;Tombamento;1;0;;;1;;2
21/02/2020;15:55:00;2843;com vítima;119;BR-040/RJ;Norte;Colisão Lateral;2;2;2;2;;;2
23/02/2020;20:59:00;3185;com vítima;82;BR-040/RJ;Sul;Tombamento;1;1;;1;;;2
26/02/2020;07:13:00;3421;com vítima;806;BR-040/MG;Sul;Colisão Traseira;1;1;2;;;;1
26/02/2020;15:28:00;3506;com vítima;109;BR-040/RJ;Sul;Engavetamento;1;2;2;;;;1
26/02/2020;16:04:00;3517;sem vítima;111;BR-040/RJ;Sul;Colisão Lateral;1;2;;;;;1
27/02/2020;10:42:00;3613;sem vítima;99;BR-040/RJ;Norte;Colisão Lateral;1;2;;;;;1
27/02/2020;17:27:00;3658;sem vítima;31;BR-040/RJ;Norte;Choque - Objeto Fixo;1;1;;;;;1
28/02/2020;08:45:00;3724;com vítima;34;BR-040/RJ;Norte;Tombamento;1;2;1;;;;1
28/02/2020;20:23:00;3806;com vítima;784;BR-040/MG;Norte;Colisão Lateral;1;1;1;;;;1
29/02/2020;00:37:00;3822;com vítima;31;BR-040/RJ;Norte;Saída de Pista;1;0;1;;;;1
01/03/2020;08:40:00;62;sem vítima;109;BR-040/RJ;Norte;Colisão Traseira;1;2;;;;;1
01/03/2020;11:22:00;75;sem vítima;73;BR-040/RJ;Sul;Saída de Pista;1;1;;;;;1
02/03/2020;12:51:00;202;sem vítima;61;BR-040/RJ;Sul;Colisão Traseira;1;2;;;;;1
03/03/2020;20:25:00;391;sem vítima;124;BR-040/RJ;Norte;Colisão Lateral;1;2;;;;;1
04/03/2020;21:51:00;559;sem vítima;81;BR-040/RJ;Norte;Colisão Traseira;2;2;;;;;1
05/03/2020;04:16:00;580;sem vítima;86;BR-040/RJ;Norte;Colisão Traseira;1;2;;;;;1
05/03/2020;06:51:00;624;com vítima;94;BR-040/RJ;Sul;Tombamento;2;0;2;;;;1
06/03/2020;09:11:00;736;com vítima;816;BR-040/MG;Sul;Choque - Objeto Fixo;1;1;1;;;;1
06/03/2020;12:42:00;765;sem vítima;114;BR-040/RJ;Norte;Colisão Traseira;1;2;;;;;1
07/03/2020;10:13:00;884;sem vítima;124;BR-040/RJ;Sul;Choque - Objeto Fixo;1;1;;;;;1
09/03/2020;08:28:00;1089;sem vítima;109;BR-040/RJ;Sul;Colisão Lateral;1;2;;;;;1
10/03/2020;15:27:00;1258;com vítima;114;BR-040/RJ;Sul;Objeto lançado contra veículo;1;0;;1;;;2
10/03/2020;21:08:00;1301;com vítima;31;BR-040/RJ;Sul;Tombamento;1;0;;1;;;2
11/03/2020;02:09:00;1316;com vítima;2;BR-040/RJ;Sul;Tombamento;1;0;;1;;;2
12/03/2020;05:00:00;1422;com vítima;93;BR-040/RJ;Sul;Colisão Traseira;2;0;2;1;;;2
12/03/2020;07:59:00;1444;sem vítima;122;BR-040/RJ;Sul;Colisão Traseira;2;3;;;;;1
13/03/2020;05:50:00;1559;com vítima;122;BR-040/RJ;Sul;Colisão Lateral;1;2;1;;;;1
13/03/2020;07:26:00;1566;sem vítima;121;BR-040/RJ;Sul;Colisão Lateral;1;2;;;;;1
13/03/2020;08:53:00;1584;com vítima;94;BR-040/RJ;Sul;Saída de Pista;1;0;3;;;;1
13/03/2020;16:52:00;1639;sem vítima;119;BR-040/RJ;Norte;Colisão Traseira;2;2;;;;;1
13/03/2020;17:10:00;1644;sem vítima;84;BR-040/RJ;Sul;Saída de Pista;1;1;;;;;1
14/03/2020;06:32:00;1697;sem vítima;109;BR-040/RJ;Norte;Colisão Traseira;1;2;;;;;1
16/03/2020;04:35:00;1894;com vítima;124;BR-040/RJ;Sul;Tombamento;1;1;1;;;;1
16/03/2020;09:51:00;1921;sem vítima;118;BR-040/RJ;Sul;Engavetamento;1;3;;;;;1
16/03/2020;19:17:00;1995;sem vítima;115;BR-040/RJ;Norte;Colisão Lateral;1;2;;;;;1
17/03/2020;12:39:00;2070;com vítima;96;BR-040/RJ;Norte;Tombamento;1;1;1;;;;1
17/03/2020;19:21:00;2122;sem vítima;85;BR-040/RJ;Sul;Choque - Objeto Fixo;1;1;;;;;1
18/03/2020;07:14:00;2159;com vítima;86;BR-040/RJ;Sul;Tombamento;1;0;1;;;;1
18/03/2020;08:52:00;2165;sem vítima;111;BR-040/RJ;Sul;Colisão Lateral;1;2;;;;;1
18/03/2020;12:08:00;2184;sem vítima;123;BR-040/RJ;Sul;Colisão Traseira;2;2;;;;;1
20/03/2020;18:06:00;2466;sem vítima;113;BR-040/RJ;Norte;Engavetamento;1;3;;;;;1
23/03/2020;06:58:00;2633;com vítima;122;BR-040/RJ;Sul;Colisão Lateral;1;1;1;;;;1
23/03/2020;07:10:00;2634;com vítima;73;BR-040/RJ;Norte;Choque - Objeto Fixo;1;0;2;;;;1
24/03/2020;14:25:00;2759;com vítima;91;BR-040/RJ;Norte;Choque - Objeto Fixo;1;0;1;;;;1
26/03/2020;05:04:00;2878;sem vítima;804;BR-040/MG;Norte;Choque - Objeto Fixo;1;1;;;;;1
28/03/2020;10:52:00;3026;com vítima;804;BR-040/MG;Norte;Colisão Traseira;1;1;1;;;;1
01/04/2020;06:33:00;12;sem vítima;113;BR-040/RJ;Norte;Choque - Objeto Fixo;1;1;;;;;1
02/04/2020;03:25:00;66;sem vítima;792;BR-040/MG;Sul;Objeto lançado contra veículo;1;1;;;;;1
02/04/2020;06:50:00;74;sem vítima;68;BR-040/RJ;Sul;Colisão Traseira;2;2;;;;;1
03/04/2020;10:45:00;171;sem vítima;120;BR-040/RJ;Sul;Engavetamento;1;3;;;;;1
07/04/2020;08:25:00;423;com vítima;124;BR-040/RJ;Sul;Colisão Frontal;1;1;1;;;;1
07/04/2020;11:20:00;433;com vítima;72;BR-040/RJ;Norte;Choque - Objeto Fixo;1;1;1;;;;1
07/04/2020;15:36:00;451;com vítima;109;BR-040/RJ;Norte;Colisão Lateral;1;1;2;;;;1
07/04/2020;17:36:00;459;sem vítima;94;BR-040/RJ;Sul;Choque - Objeto Fixo;1;1;;;;;1
08/04/2020;12:10:00;513;sem vítima;58;BR-040/RJ;Sul;Colisão Lateral;1;2;;;;;1
08/04/2020;12:43:00;515;com vítima;18;BR-040/RJ;Sul;Tombamento;1;1;;1;;;2
14/04/2020;07:50:00;915;com vítima;120;BR-040/RJ;Sul;Engavetamento;1;2;1;1;;;2
14/04/2020;11:04:00;932;com vítima;108;BR-040/RJ;Norte;Tombamento;1;1;;1;;;2
14/04/2020;12:55:00;938;sem vítima;114;BR-040/RJ;Norte;Choque - Objeto Fixo;1;2;;;;;1
15/04/2020;07:10:00;993;sem vítima;45;BR-040/RJ;Norte;Colisão Traseira;1;2;;;;;1
17/04/2020;11:55:00;1152;com vítima;107;BR-040/RJ;Norte;Engavetamento;1;2;1;;;;1
17/04/2020;12:23:00;1155;com vítima;108;BR-040/RJ;Norte;Tombamento;1;1;1;;;;1
17/04/2020;19:39:00;1187;sem vítima;22;BR-040/RJ;Norte;Colisão Lateral;1;2;;;;;1
22/04/2020;16:38:00;1541;sem vítima;83;BR-040/RJ;Norte;Colisão Lateral;1;2;;;;;1
25/04/2020;19:28:00;1785;sem vítima;106;BR-040/RJ;Sul;Choque - Objeto Fixo;1;1;;;;;1
27/04/2020;08:10:00;1885;com vítima;820;BR-040/MG;Sul;Tombamento;1;0;1;;;;1
29/04/2020;15:47:00;2082;sem vítima;96;BR-040/RJ;Norte;Tombamento;1;2;;;;;1
30/04/2020;07:24:00;2129;sem vítima;89;BR-040/RJ;Norte;Choque - Objeto Fixo;1;1;;;;;1
30/04/2020;07:42:00;2134;sem vítima;804;BR-040/MG;Norte;Colisão Traseira;1;2;;;;;1
30/04/2020;11:41:00;2158;com vítima;82;BR-040/RJ;Norte;Colisão Traseira;1;0;2;;;;1
03/05/2020;21:00:00;188;sem vítima;776;BR-040/MG;Sul;Atropelamento - Animal;1;1;;;;;1
06/05/2020;13:57:00;412;com vítima;86;BR-040/RJ;Sul;Tombamento;1;0;2;;;;1
07/05/2020;07:23:00;462;sem vítima;121;BR-040/RJ;Norte;Colisão Lateral;2;2;;;;;1
07/05/2020;22:18:00;519;sem vítima;94;BR-040/RJ;Sul;Choque - Objeto Fixo;1;1;;;;;1
08/05/2020;09:18:00;545;com vítima;108;BR-040/RJ;Norte;Tombamento;1;1;2;;;;1
09/05/2020;01:15:00;616;sem vítima;122;BR-040/RJ;Norte;Colisão Traseira;1;2;;;;;1
12/05/2020;06:48:00;859;sem vítima;804;BR-040/MG;Norte;Colisão Lateral;1;2;;;;;1
13/05/2020;18:34:00;1002;com vítima;92;BR-040/RJ;Norte;Colisão Lateral;1;2;1;;;;1
15/05/2020;00:31:00;1085;sem vítima;54;BR-040/RJ;Sul;Choque - Objeto Fixo;1;1;;;;;1
15/05/2020;15:35:00;1136;sem vítima;101;BR-040/RJ;Sul;Colisão Traseira;1;2;;;;;1
15/05/2020;20:04:00;1156;com vítima;820;BR-040/MG;Norte;Colisão Traseira;2;0;2;;;;1
18/05/2020;15:34:00;1370;sem vítima;105;BR-040/RJ;Norte;Colisão Lateral;3;3;;;;;1
19/05/2020;09:52:00;1415;sem vítima;83;BR-040/RJ;Norte;Choque - Objeto Fixo;1;1;;;;;1
20/05/2020;17:12:00;1529;sem vítima;89;BR-040/RJ;Sul;Choque - Objeto Fixo;1;1;;;;;1
21/05/2020;08:06:00;1568;sem vítima;86;BR-040/RJ;Norte;Colisão Lateral;1;2;;;;;1
21/05/2020;21:43:00;1632;com vítima;796;BR-040/MG;Norte;Atropelamento - Pedestre;1;1;;;;1;3
22/05/2020;11:15:00;1663;com vítima;813;BR-040/MG;Norte;Colisão Traseira;1;1;1;;;;1
26/05/2020;11:01:00;2016;com vítima;112;BR-040/RJ;Sul;Engavetamento;1;2;2;;;;1
28/05/2020;09:41:00;2183;sem vítima;84;BR-040/RJ;Norte;Choque - Objeto Fixo;1;1;;;;;1
28/05/2020;19:36:00;2234;sem vítima;71;BR-040/RJ;Sul;Colisão Lateral;1;2;;;;;1
29/05/2020;19:20:00;2341;com vítima;41;BR-040/RJ;Norte;Colisão Lateral;1;0;5;;;;1
31/05/2020;04:18:00;2457;sem vítima;4;BR-040/RJ;Norte;Choque - Objeto Fixo;1;1;;;;;1
31/05/2020;14:43:00;2483;com vítima;795;BR-040/MG;Sul;Colisão Traseira;1;1;;1;;;2
31/05/2020;22:57:00;2512;sem vítima;799;BR-040/MG;Sul;Atropelamento - Animal;1;1;;;;;1
02/06/2020;04:11:00;101;com vítima;87;BR-040/RJ;Sul;Tombamento;1;0;1;;;;1
02/06/2020;09:05:00;122;com vítima;93;BR-040/RJ;Sul;Tombamento;1;0;;1;;;2
03/06/2020;12:18:00;207;sem vítima;104;BR-040/RJ;Norte;Colisão Traseira;1;2;;;;;1
04/06/2020;21:26:00;362;com vítima;96;BR-040/RJ;Sul;Saída de Pista;1;0;2;;;;1
05/06/2020;18:15:00;431;sem vítima;61;BR-040/RJ;Sul;Derrapagem;1;1;;;;;1
06/06/2020;11:24:00;503;sem vítima;93;BR-040/RJ;Norte;Colisão Lateral;1;2;;;;;1
07/06/2020;12:58:00;601;sem vítima;21;BR-040/RJ;Norte;Tombamento;1;1;;;;;1
07/06/2020;15:41:00;605;sem vítima;89;BR-040/RJ;Sul;Choque - Objeto Fixo;1;1;;;;;1
08/06/2020;14:59:00;690;sem vítima;83;BR-040/RJ;Norte;Choque - Objeto Fixo;1;2;;;;;1
09/06/2020;14:40:00;767;com vítima;779;BR-040/MG;Norte;Colisão Traseira;2;1;;1;;;2
12/06/2020;02:53:00;987;sem vítima;810;BR-040/MG;Norte;Choque - Objeto Fixo;1;1;;;;;1
12/06/2020;16:02:00;1046;sem vítima;104;BR-040/RJ;Norte;Colisão Lateral;1;2;;;;;1
14/06/2020;16:59:00;1225;sem vítima;61;BR-040/RJ;Sul;Colisão Lateral;1;2;;;;;1
16/06/2020;06:41:00;1336;com vítima;31;BR-040/RJ;Sul;Colisão Lateral;1;0;2;;;;1
18/06/2020;11:26:00;1520;sem vítima;88;BR-040/RJ;Sul;Choque - Objeto Fixo;1;1;;;;;1
19/06/2020;15:27:00;1632;com vítima;113;BR-040/RJ;Norte;Colisão Lateral;1;1;1;;;;1
22/06/2020;21:07:00;1931;com vítima;96;BR-040/RJ;Norte;Tombamento;1;0;2;;;;1
23/06/2020;14:17:00;1983;com vítima;90;BR-040/RJ;Sul;Colisão Traseira;1;2;;1;;;2
26/06/2020;09:14:00;2251;sem vítima;122;BR-040/RJ;Sul;Colisão Traseira;1;2;;;;;1
27/06/2020;07:17:00;2343;sem vítima;803;BR-040/MG;Norte;Tombamento;1;2;;;;;1
29/06/2020;07:50:00;2527;sem vítima;123;BR-040/RJ;Sul;Colisão Lateral;1;2;;;;;1
29/06/2020;15:42:00;2564;sem vítima;124;BR-040/RJ;Sul;Colisão Traseira;1;2;;;;;1
29/06/2020;19:22:00;2586;sem vítima;124;BR-040/RJ;Norte;Colisão Traseira;1;3;;;;;1
30/06/2020;13:00:00;2638;sem vítima;816;BR-040/MG;Sul;Choque - Objeto Fixo;1;1;;;;;1
03/07/2020;06:35:00;191;sem vítima;803;BR-040/MG;Norte;Colisão Traseira;1;2;;;;;1
03/07/2020;16:40:00;249;com vítima;58;BR-040/RJ;Norte;Atropelamento - Pedestre;1;2;1;;;1;3
03/07/2020;17:07:00;253;com vítima;109;BR-040/RJ;Sul;Colisão Lateral;1;1;;1;;;2
04/07/2020;16:23:00;346;sem vítima;101;BR-040/RJ;Norte;Colisão Lateral;1;2;;;;;1
04/07/2020;17:55:00;359;sem vítima;15;BR-040/RJ;Norte;Engavetamento;2;3;;;;;1
05/07/2020;20:13:00;459;com vítima;96;BR-040/RJ;Sul;Choque - Objeto Fixo;1;1;1;;;;1
06/07/2020;21:42:00;561;com vítima;72;BR-040/RJ;Norte;Choque - Objeto Fixo;1;0;1;;1;;2
07/07/2020;16:13:00;634;com vítima;90;BR-040/RJ;Norte;Colisão Lateral;1;1;1;;;;1
08/07/2020;07:35:00;682;com vítima;113;BR-040/RJ;Sul;Colisão Lateral;1;1;1;;;;1
08/07/2020;14:22:00;729;sem vítima;120;BR-040/RJ;Norte;Colisão Lateral;1;2;;;;;1
08/07/2020;19:15:00;768;sem vítima;116;BR-040/RJ;Norte;Engavetamento;1;3;;;;;1
09/07/2020;08:25:00;810;sem vítima;102;BR-040/RJ;Sul;Colisão Traseira;2;2;;;;;1
13/07/2020;15:40:00;1266;com vítima;21;BR-040/RJ;Norte;Tombamento;1;0;1;;;;1
14/07/2020;07:49:00;1335;com vítima;114;BR-040/RJ;Sul;Colisão Traseira;1;1;1;;;;1
16/07/2020;03:10:00;1502;com vítima;93;BR-040/RJ;Sul;Saída de Pista;1;0;1;1;;;2
17/07/2020;11:53:00;1647;com vítima;104;BR-040/RJ;Norte;Colisão Transversal;1;1;1;;;;1
21/07/2020;04:51:00;2014;com vítima;73;BR-040/RJ;Sul;Colisão Traseira;1;0;2;1;;1;3
21/07/2020;12:09:00;2050;sem vítima;85;BR-040/RJ;Sul;Colisão Lateral;1;2;;;;;1
22/07/2020;05:53:00;2138;sem vítima;114;BR-040/RJ;Norte;Colisão Traseira;1;2;;;;;1
25/07/2020;21:45:00;2540;com vítima;117;BR-040/RJ;Norte;Capotamento;1;1;1;;;;1
27/07/2020;05:47:00;2675;com vítima;115;BR-040/RJ;Norte;Colisão Traseira;1;1;;1;;;2
27/07/2020;09:29:00;2705;sem vítima;123;BR-040/RJ;Sul;Colisão Lateral;1;2;;;;;1
28/07/2020;21:51:00;2880;com vítima;24;BR-040/RJ;Norte;Tombamento;1;1;1;;;;1
29/07/2020;06:21:00;2898;com vítima;97;BR-040/RJ;Sul;Tombamento;1;1;;;;1;3
29/07/2020;07:26:00;2906;sem vítima;120;BR-040/RJ;Norte;Colisão Traseira;1;2;;;;;1
31/07/2020;12:34:00;3139;sem vítima;124;BR-040/RJ;Norte;Colisão Lateral;1;2;;;;;1
01/08/2020;19:17:00;83;AC03 - Acidente sem VITIMA;94;BR-040/RJ;JF;Colisão Lateral;1;2;;;;;1
04/08/2020;12:21:00;360;AC01 - Acidente com VITIMA FATAL;6;BR-040/RJ;JF;Tombamento;1;1;;;;2;3
05/08/2020;16:36:00;485;AC03 - Acidente sem VITIMA;120;BR-040/RJ;JF;Engavetamento;1;3;;;;;1
06/08/2020;16:33:00;597;AC02 - Acidente com VITIMA;85;BR-040/RJ;RJ;Tombamento;1;0;1;;;;1
06/08/2020;21:12:00;624;AC02 - Acidente com VITIMA;21;BR-040/RJ;JF;Tombamento;1;0;1;;;;1
07/08/2020;12:17:00;684;AC02 - Acidente com VITIMA;73;BR-040/RJ;JF;Tombamento;1;1;;1;;;2
07/08/2020;16:37:00;719;AC03 - Acidente sem VITIMA;803;BR-040/MG;JF;Colisão Lateral;1;2;;;;;1
08/08/2020;04:20:00;762;AC01 - Acidente com VITIMA FATAL;124;BR-040/RJ;RJ;Tombamento;1;0;1;;;1;3
09/08/2020;19:59:00;934;AC02 - Acidente com VITIMA;798;BR-040/MG;RJ;Colisão Traseira;1;1;1;;;;1
10/08/2020;18:36:00;1059;AC02 - Acidente com VITIMA;784;BR-040/MG;JF;Colisão Traseira;1;1;4;;;;1