data;horario;n_da_ocorrencia;tipo_de_ocorrencia;km;trecho;sentido;tipo_de_acidente;caminhao;ilesos;levemente_feridos;moderadamente_feridos;gravemente_feridos;mortos;3
16/01/2021;08:18:00;1921;AC03 - Acidente sem VITIMA;91;BR-040/RJ;RJ;Colisão Traseira;1;2;;;;;1
16/01/2021;11:20:00;1943;AC03 - Acidente sem VITIMA;61;BR-040/RJ;JF;Colisão Traseira;1;2;;;;;1
16/01/2021;17:20:00;1972;AC03 - Acidente sem VITIMA;111;BR-040/RJ;JF;Engavetamento;1;3;;;;;1
18/01/2021;16:22:00;2170;AC03 - Acidente sem VITIMA;89;BR-040/RJ;RJ;Choque - Objeto Fixo;1;1;;;;;1
19/01/2021;12:32:00;2263;AC02 - Acidente com VITIMA;21;BR-040/RJ;JF;Saída de Pista;1;0;1;;;;1
19/01/2021;15:33:00;2282;AC02 - Acidente com VITIMA;58;BR-040/RJ;RJ;Colisão Lateral;2;2;1;;;;1
19/01/2021;15:56:00;2286;AC03 - Acidente sem VITIMA;81;BR-040/RJ;RJ;Saída de Pista;1;1;;;;;1
21/01/2021;08:32:00;2436;AC02 - Acidente com VITIMA;119;BR-040/RJ;RJ;Colisão Traseira;1;1;;1;;;2
22/01/2021;15:38:00;2584;AC03 - Acidente sem VITIMA;85;BR-040/RJ;JF;Choque - Objeto Fixo;1;2;;;;;1
22/01/2021;16:54:00;2596;AC02 - Acidente com VITIMA;31;BR-040/RJ;RJ;Tombamento;1;1;1;;;;1
25/01/2021;06:18:00;2846;AC03 - Acidente sem VITIMA;113;BR-040/RJ;RJ;Choque - Objeto Fixo;1;1;;;;;1
25/01/2021;07:54:00;2855;AC03 - Acidente sem VITIMA;82;BR-040/RJ;RJ;Choque - Objeto Fixo;1;3;;;;;1
26/01/2021;03:54:00;2951;AC02 - Acidente com VITIMA;76;BR-040/RJ;RJ;Tombamento;1;0;;1;;;2
26/01/2021;05:42:00;2954;AC03 - Acidente sem VITIMA;92;BR-040/RJ;RJ;Choque - Objeto Fixo;1;1;;;;;1
28/01/2021;17:12:00;3228;AC03 - Acidente sem VITIMA;85;BR-040/RJ;JF;Engavetamento;1;3;;;;;1
29/01/2021;06:42:00;3278;AC03 - Acidente sem VITIMA;108;BR-040/RJ;JF;Colisão Traseira;2;2;;;;;1
30/01/2021;02:57:00;3405;AC02 - Acidente com VITIMA;72;BR-040/RJ;RJ;Tombamento;1;0;1;;;;1
31/01/2021;07:11:00;3540;AC03 - Acidente sem VITIMA;107;BR-040/RJ;JF;Colisão Traseira;1;2;;;;;1
01/02/2021;07:26:00;26;AC02 - Acidente com VITIMA;116;BR-040/RJ;JF;Colisão Traseira;1;1;1;;;;1
01/02/2021;08:12:00;32;AC03 - Acidente sem VITIMA;113;BR-040/RJ;RJ;Colisão Traseira;1;2;;;;;1
01/02/2021;17:30:00;89;AC03 - Acidente sem VITIMA;88;BR-040/RJ;JF;Colisão Lateral;1;2;;;;;1
02/02/2021;12:26:00;171;AC03 - Acidente sem VITIMA;777;BR-040/MG;RJ;Tombamento;1;1;;;;;1
04/02/2021;10:39:00;392;AC02 - Acidente com VITIMA;53;BR-040/RJ;JF;Colisão Traseira;1;1;3;;;;1
05/02/2021;07:37:00;501;AC03 - Acidente sem VITIMA;72;BR-040/RJ;JF;Colisão Lateral;1;2;;;;;1
06/02/2021;13:40:00;712;AC02 - Acidente com VITIMA;2;BR-040/RJ;JF;Choque - Objeto Fixo;1;0;1;;;;1
07/02/2021;05:57:00;782;AC02 - Acidente com VITIMA;108;BR-040/RJ;JF;Tombamento;1;2;1;;;;1
08/02/2021;05:38:00;905;AC03 - Acidente sem VITIMA;113;BR-040/RJ;RJ;Colisão Traseira;1;3;;;;;1
08/02/2021;11:19:00;940;AC03 - Acidente sem VITIMA;112;BR-040/RJ;RJ;Engavetamento;1;4;;;;;1
09/02/2021;08:25:00;1030;AC03 - Acidente sem VITIMA;123;BR-040/RJ;JF;Tombamento;1;1;;;;;1
10/02/2021;02:55:00;1116;AC04 - Atropelamento;101;BR-040/RJ;RJ;Atropelamento - Pedestre;1;1;;;1;;2
10/02/2021;06:26:00;1125;AC03 - Acidente sem VITIMA;109;BR-040/RJ;RJ;Engavetamento;1;3;;;;;1
10/02/2021;18:21:00;1182;AC03 - Acidente sem VITIMA;122;BR-040/RJ;RJ;Colisão Traseira;1;2;;;;;1
12/02/2021;07:45:00;1334;AC02 - Acidente com VITIMA;803;BR-040/MG;RJ;Colisão Traseira;1;1;4;;;;1
12/02/2021;09:39:00;1343;AC03 - Acidente sem VITIMA;113;BR-040/RJ;RJ;Colisão Lateral;1;2;;;;;1
12/02/2021;15:39:00;1389;AC03 - Acidente sem VITIMA;110;BR-040/RJ;JF;Colisão Traseira;2;2;;;;;1
12/02/2021;17:01:00;1398;AC03 - Acidente sem VITIMA;45;BR-040/RJ;JF;Engavetamento;1;2;;;;;1
12/02/2021;20:35:00;1414;AC02 - Acidente com VITIMA;38;BR-040/RJ;JF;Tombamento;1;0;;1;;;2
13/02/2021;14:29:00;1498;AC03 - Acidente sem VITIMA;100;BR-040/RJ;JF;Choque - Objeto Fixo;1;1;;;;;1
16/02/2021;14:41:00;1792;AC02 - Acidente com VITIMA;101;BR-040/RJ;RJ;Colisão Traseira;1;1;2;;;;1
17/02/2021;00:42:00;1860;AC02 - Acidente com VITIMA;780;BR-040/MG;JF;Colisão Lateral;1;1;;;1;;2
19/02/2021;09:03:00;2131;AC02 - Acidente com VITIMA;22;BR-040/RJ;JF;Colisão Traseira;1;0;1;1;;;2
19/02/2021;14:07:00;2167;AC02 - Acidente com VITIMA;57;BR-040/RJ;RJ;Colisão Lateral;1;1;1;;;;1
20/02/2021;13:46:00;2281;AC03 - Acidente sem VITIMA;123;BR-040/RJ;JF;Engavetamento;1;3;;;;;1
22/02/2021;09:07:00;2442;AC03 - Acidente sem VITIMA;123;BR-040/RJ;RJ;Colisão Lateral;1;2;;;;;1
23/02/2021;11:30:00;2561;AC02 - Acidente com VITIMA;81;BR-040/RJ;RJ;Saída de Pista;2;1;1;;;;1
25/02/2021;02:46:00;2765;AC02 - Acidente com VITIMA;67;BR-040/RJ;RJ;Tombamento;1;7;1;;;;1
28/02/2021;20:59:00;3145;AC03 - Acidente sem VITIMA;121;BR-040/RJ;JF;Tombamento;1;1;;;;;1
01/03/2021;02:35:00;3;AC02 - Acidente com VITIMA;91;BR-040/RJ;RJ;Saída de Pista;1;0;;1;;;2
01/03/2021;05:27:00;8;AC02 - Acidente com VITIMA;113;BR-040/RJ;RJ;Colisão Lateral;1;1;1;;;;1
01/03/2021;07:34:00;16;AC03 - Acidente sem VITIMA;111;BR-040/RJ;RJ;Engavetamento;3;3;;;;;1
01/03/2021;13:39:00;46;AC02 - Acidente com VITIMA;123;BR-040/RJ;JF;Capotamento;1;0;;1;;;2
01/03/2021;15:47:00;60;AC03 - Acidente sem VITIMA;108;BR-040/RJ;JF;Engavetamento;2;3;;;;;1
01/03/2021;18:14:00;76;AC02 - Acidente com VITIMA;122;BR-040/RJ;JF;Colisão Traseira;1;1;1;;;;1
02/03/2021;10:35:00;152;AC03 - Acidente sem VITIMA;104;BR-040/RJ;JF;Colisão Lateral;2;2;;;;;1
03/03/2021;15:56:00;291;AC03 - Acidente sem VITIMA;84;BR-040/RJ;JF;Colisão Lateral;1;2;;;;;1
03/03/2021;19:57:00;326;AC03 - Acidente sem VITIMA;93;BR-040/RJ;RJ;Choque - Objeto Fixo;1;1;;;;;1
03/03/2021;21:05:00;331;AC03 - Acidente sem VITIMA;7;BR-040/RJ;RJ;Colisão Frontal;2;2;;;;;1
03/03/2021;21:21:00;332;AC02 - Acidente com VITIMA;84;BR-040/RJ;JF;Capotamento;1;0;1;;;;1
04/03/2021;17:46:00;427;AC02 - Acidente com VITIMA;104;BR-040/RJ;JF;Colisão Lateral;1;1;;;1;;2
05/03/2021;00:26:00;457;AC02 - Acidente com VITIMA;104;BR-040/RJ;RJ;Choque - Objeto Fixo;1;0;1;;;;1
05/03/2021;07:29:00;489;AC02 - Acidente com VITIMA;81;BR-040/RJ;JF;Choque - Objeto Fixo;1;0;1;;;;1
05/03/2021;08:06:00;493;AC01 - Acidente com VITIMA FATAL;108;BR-040/RJ;RJ;Colisão Traseira;2;1;;;;1;3
05/03/2021;15:38:00;539;AC02 - Acidente com VITIMA;60;BR-040/RJ;RJ;Colisão Traseira;1;0;2;;;;1
05/03/2021;17:07:00;552;AC02 - Acidente com VITIMA;824;BR-040/MG;RJ;Capotamento;1;0;;;1;;2
05/03/2021;17:37:00;558;AC02 - Acidente com VITIMA;82;BR-040/RJ;RJ;Tombamento;1;0;1;;;;1
05/03/2021;18:09:00;563;AC02 - Acidente com VITIMA;91;BR-040/RJ;RJ;Choque - Objeto Fixo;1;0;3;;;;1
06/03/2021;06:37:00;605;AC02 - Acidente com VITIMA;43;BR-040/RJ;JF;Choque - Objeto Fixo;1;0;1;;;;1
06/03/2021;06:42:00;607;AC03 - Acidente sem VITIMA;78;BR-040/RJ;RJ;Choque - Objeto Fixo;1;1;;;;;1
06/03/2021;07:00:00;608;AC02 - Acidente com VITIMA;38;BR-040/RJ;JF;Choque - Objeto Fixo;1;0;1;;;;1
06/03/2021;07:11:00;609;AC02 - Acidente com VITIMA;38;BR-040/RJ;JF;Choque - Objeto Fixo;1;0;1;;;;1
06/03/2021;08:23:00;619;AC03 - Acidente sem VITIMA;114;BR-040/RJ;JF;Colisão Lateral;1;2;;;;;1
06/03/2021;08:11:00;620;AC03 - Acidente sem VITIMA;798;BR-040/MG;RJ;Choque - Objeto Fixo;1;1;;;;;1
06/03/2021;16:02:00;665;AC02 - Acidente com VITIMA;47;BR-040/RJ;RJ;Choque - Objeto Fixo;1;0;;1;;;2
06/03/2021;18:12:00;679;AC03 - Acidente sem VITIMA;96;BR-040/RJ;JF;Derrapagem;1;1;;;;;1
06/03/2021;20:56:00;690;AC02 - Acidente com VITIMA;109;BR-040/RJ;JF;Colisão Lateral;1;1;1;;;;1
06/03/2021;22:00:00;700;AC02 - Acidente com VITIMA;118;BR-040/RJ;RJ;Colisão Traseira;2;0;7;;;;1
06/03/2021;23:24:00;703;AC03 - Acidente sem VITIMA;113;BR-040/RJ;JF;Colisão Traseira;2;2;;;;;1
06/03/2021;23:42:00;708;AC03 - Acidente sem VITIMA;119;BR-040/RJ;JF;Colisão Traseira;1;1;;;;;1
07/03/2021;00:05:00;710;AC02 - Acidente com VITIMA;100;BR-040/RJ;JF;Capotamento;1;0;1;;;;1
07/03/2021;00:07:00;711;AC02 - Acidente com VITIMA;113;BR-040/RJ;RJ;Engavetamento;3;0;4;;;;1
07/03/2021;00:23:00;714;AC02 - Acidente com VITIMA;797;BR-040/MG;RJ;Capotamento;1;0;2;1;;;2
07/03/2021;00:24:00;715;AC04 - Atropelamento;787;BR-040/MG;JF;Atropelamento - Pedestre;1;1;1;;;;1
07/03/2021;01:34:00;717;AC03 - Acidente sem VITIMA;113;BR-040/RJ;RJ;Colisão Frontal;2;2;;;;;1
07/03/2021;02:39:00;720;AC03 - Acidente sem VITIMA;113;BR-040/RJ;RJ;Colisão Traseira;1;2;;;;;1
07/03/2021;08:12:00;731;AC03 - Acidente sem VITIMA;93;BR-040/RJ;RJ;Choque - Objeto Fixo;1;1;;;;;1
07/03/2021;09:27:00;735;AC03 - Acidente sem VITIMA;93;BR-040/RJ;RJ;Choque - Objeto Fixo;1;1;;;;;1
07/03/2021;10:18:00;737;AC03 - Acidente sem VITIMA;0;BR-040/RJ;JF;Choque - Objeto Fixo;1;1;;;;;1
07/03/2021;10:39:00;738;AC02 - Acidente com VITIMA;74;BR-040/RJ;JF;Capotamento;1;0;2;;;;1
07/03/2021;10:47:00;742;AC03 - Acidente sem VITIMA;86;BR-040/RJ;JF;Choque - Objeto Fixo;1;1;;;;;1
07/03/2021;11:10:00;744;AC03 - Acidente sem VITIMA;91;BR-040/RJ;JF;Choque - Objeto Fixo;1;1;;;;;1
07/03/2021;11:19:00;745;AC02 - Acidente com VITIMA;78;BR-040/RJ;RJ;Choque - Objeto Fixo;1;0;5;;;;1
07/03/2021;11:24:00;746;AC03 - Acidente sem VITIMA;92;BR-040/RJ;RJ;Choque - Objeto Fixo;1;1;;;;;1
07/03/2021;11:49:00;747;AC03 - Acidente sem VITIMA;91;BR-040/RJ;JF;Choque - Objeto Fixo;1;1;;;;;1
07/03/2021;11:53:00;748;AC03 - Acidente sem VITIMA;82;BR-040/RJ;RJ;Choque - Objeto Fixo;1;1;;;;;1
07/03/2021;12:04:00;749;AC03 - Acidente sem VITIMA;1;BR-040/RJ;JF;Choque - Objeto Fixo;1;1;;;;;1
07/03/2021;12:25:00;750;AC03 - Acidente sem VITIMA;83;BR-040/RJ;RJ;Capotamento;1;1;;;;;1
07/03/2021;12:32:00;751;AC03 - Acidente sem VITIMA;85;BR-040/RJ;JF;Choque - Objeto Fixo;1;1;;;;;1
07/03/2021;12:46:00;753;AC03 - Acidente sem VITIMA;84;BR-040/RJ;JF;Derrapagem;1;1;;;;;1
07/03/2021;13:28:00;756;AC02 - Acidente com VITIMA;96;BR-040/RJ;JF;Tombamento;1;0;1;;;;1
07/03/2021;14:19:00;758;AC02 - Acidente com VITIMA;68;BR-040/RJ;JF;Capotamento;1;0;2;;;;1
07/03/2021;14:44:00;762;AC02 - Acidente com VITIMA;810;BR-040/MG;JF;Colisão Frontal;1;1;1;;;;1
07/03/2021;14:50:00;764;AC02 - Acidente com VITIMA;3;BR-040/RJ;RJ;Saída de Pista;1;0;3;;;;1
07/03/2021;15:06:00;765;AC03 - Acidente sem VITIMA;90;BR-040/RJ;RJ;Saída de Pista;1;1;;;;;1
07/03/2021;15:23:00;767;AC03 - Acidente sem VITIMA;93;BR-040/RJ;RJ;Colisão Lateral;1;1;;;;;1
07/03/2021;15:36:00;769;AC03 - Acidente sem VITIMA;92;BR-040/RJ;RJ;Choque - Objeto Fixo;1;1;;;;;1
07/03/2021;16:02:00;771;AC03 - Acidente sem VITIMA;93;BR-040/RJ;RJ;Choque - Objeto Fixo;1;1;;;;;1
07/03/2021;15:32:00;772;AC03 - Acidente sem VITIMA;93;BR-040/RJ;RJ;Choque - Objeto Fixo;1;1;;;;;1
07/03/2021;16:38:00;775;AC03 - Acidente sem VITIMA;92;BR-040/RJ;RJ;Choque - Objeto Fixo;1;1;;;;;1
07/03/2021;16:53:00;777;AC02 - Acidente com VITIMA;8;BR-040/RJ;JF;Choque - Objeto Fixo;1;0;1;;;;1
07/03/2021;17:18:00;780;AC03 - Acidente sem VITIMA;92;BR-040/RJ;RJ;Choque - Objeto Fixo;1;1;;;;;1
07/03/2021;17:41:00;784;AC03 - Acidente sem VITIMA;78;BR-040/RJ;RJ;Choque - Objeto Fixo;1;1;;;;;1
07/03/2021;18:07:00;790;AC03 - Acidente sem VITIMA;91;BR-040/RJ;JF;Choque - Objeto Fixo;1;1;;;;;1
07/03/2021;18:57:00;797;AC03 - Acidente sem VITIMA;92;BR-040/RJ;RJ;Choque - Objeto Fixo;1;1;;;;;1
07/03/2021;19:55:00;799;AC03 - Acidente sem VITIMA;60;BR-040/RJ;RJ;Capotamento;1;1;;;;;1
07/03/2021;20:00:00;800;AC03 - Acidente sem VITIMA;93;BR-040/RJ;RJ;Choque - Objeto Fixo;1;1;;;;;1
07/03/2021;21:18:00;805;AC03 - Acidente sem VITIMA;105;BR-040/RJ;JF;Colisão Lateral;2;2;;;;;1
07/03/2021;21:49:00;808;AC03 - Acidente sem VITIMA;823;BR-040/MG;RJ;Choque - Objeto Fixo;1;1;;;;;1
08/03/2021;04:10:00;821;AC03 - Acidente sem VITIMA;112;BR-040/RJ;JF;Choque - Objeto Fixo;1;1;;;;;1
08/03/2021;06:03:00;828;AC02 - Acidente com VITIMA;85;BR-040/RJ;JF;Choque - Objeto Fixo;1;0;3;;;;1
08/03/2021;06:40:00;829;AC03 - Acidente sem VITIMA;793;BR-040/MG;JF;Choque - Objeto Fixo;1;1;;;;;1
08/03/2021;09:31:00;844;AC03 - Acidente sem VITIMA;68;BR-040/RJ;JF;Choque - Objeto Fixo;1;1;;;;;1
08/03/2021;09:21:00;846;AC03 - Acidente sem VITIMA;82;BR-040/RJ;RJ;Choque - Objeto Fixo;1;1;;;;;1
08/03/2021;09:10:00;847;AC03 - Acidente sem VITIMA;67;BR-040/RJ;JF;Choque - Objeto Fixo;1;1;;;;;1
08/03/2021;10:41:00;856;AC03 - Acidente sem VITIMA;784;BR-040/MG;RJ;Colisão Lateral;2;2;;;;;1
08/03/2021;15:16:00;876;AC02 - Acidente com VITIMA;91;BR-040/RJ;RJ;Saída de Pista;1;0;3;;;;1
08/03/2021;15:27:00;877;AC02 - Acidente com VITIMA;93;BR-040/RJ;RJ;Capotamento;1;0;4;;;;1
08/03/2021;15:40:00;879;AC03 - Acidente sem VITIMA;84;BR-040/RJ;JF;Colisão Traseira;1;2;;;;;1
08/03/2021;15:55:00;885;AC03 - Acidente sem VITIMA;825;BR-040/MG;JF;Choque - Objeto Fixo;1;1;;;;;1
08/03/2021;17:35:00;896;AC03 - Acidente sem VITIMA;2;BR-040/RJ;RJ;Choque - Objeto Fixo;1;1;;;;;1
08/03/2021;17:59:00;898;AC03 - Acidente sem VITIMA;77;BR-040/RJ;RJ;Choque - Objeto Fixo;1;1;;;;;1
08/03/2021;18:15:00;900;AC03 - Acidente sem VITIMA;1;BR-040/RJ;JF;Saída de Pista;1;1;;;;;1
09/03/2021;07:23:00;952;AC02 - Acidente com VITIMA;123;BR-040/RJ;RJ;Colisão Lateral;1;1;2;;;;1
09/03/2021;10:09:00;971;AC03 - Acidente sem VITIMA;103;BR-040/RJ;RJ;Colisão Traseira;2;2;;;;;1
09/03/2021;14:10:00;986;AC03 - Acidente sem VITIMA;94;BR-040/RJ;RJ;Choque - Objeto Fixo;1;1;;;;;1
09/03/2021;17:13:00;1011;AC03 - Acidente sem VITIMA;6;BR-040/RJ;JF;Choque - Objeto Fixo;1;1;;;;;1
09/03/2021;18:15:00;1017;AC03 - Acidente sem VITIMA;92;BR-040/RJ;JF;Colisão Lateral;1;2;;;;;1
09/03/2021;19:10:00;1019;AC02 - Acidente com VITIMA;62;BR-040/RJ;JF;Atropelamento - Animal;1;0;3;;;;1
10/03/2021;08:06:00;1055;AC03 - Acidente sem VITIMA;805;BR-040/MG;RJ;Atropelamento - Animal;1;1;;;;;1
10/03/2021;10:54:00;1069;AC02 - Acidente com VITIMA;61;BR-040/RJ;RJ;Colisão Frontal;1;1;1;1;;;2
10/03/2021;11:40:00;1073;AC03 - Acidente sem VITIMA;75;BR-040/RJ;JF;Choque - Objeto Fixo;1;1;;;;;1
10/03/2021;17:34:00;1107;AC03 - Acidente sem VITIMA;111;BR-040/RJ;RJ;Colisão Traseira;2;2;;;;;1
10/03/2021;17:35:00;1108;AC03 - Acidente sem VITIMA;111;BR-040/RJ;RJ;Colisão Traseira;2;2;;;;;1
11/03/2021;04:45:00;1146;AC03 - Acidente sem VITIMA;118;BR-040/RJ;JF;Choque - Objeto Fixo;1;1;;;;;1
11/03/2021;06:13:00;1152;AC03 - Acidente sem VITIMA;91;BR-040/RJ;JF;Choque - Objeto Fixo;1;1;;;;;1
11/03/2021;06:39:00;1154;AC03 - Acidente sem VITIMA;75;BR-040/RJ;RJ;Choque - Objeto Fixo;1;1;;;;;1
11/03/2021;10:00:00;1182;AC03 - Acidente sem VITIMA;87;BR-040/RJ;JF;Choque - Objeto Fixo;1;1;;;;;1
11/03/2021;13:47:00;1209;AC03 - Acidente sem VITIMA;80;BR-040/RJ;RJ;Choque - Objeto Fixo;1;1;;;;;1
12/03/2021;13:36:00;1308;AC02 - Acidente com VITIMA;104;BR-040/RJ;JF;Choque - Objeto Fixo;1;0;1;;;;1
12/03/2021;14:18:00;1317;AC02 - Acidente com VITIMA;71;BR-040/RJ;JF;Choque - Objeto Fixo;1;0;1;;;;1
12/03/2021;15:21:00;1327;AC02 - Acidente com VITIMA;94;BR-040/RJ;RJ;Choque - Objeto Fixo;1;0;2;;;;1
12/03/2021;16:33:00;1337;AC03 - Acidente sem VITIMA;804;BR-040/MG;RJ;Choque - Objeto Fixo;1;1;;;;;1
12/03/2021;18:09:00;1350;AC02 - Acidente com VITIMA;118;BR-040/RJ;JF;Queda de Moto;1;1;2;;;;1
12/03/2021;18:57:00;1355;AC03 - Acidente sem VITIMA;821;BR-040/MG;RJ;Choque - Objeto Fixo;1;1;;;;;1
13/03/2021;04:32:00;1383;AC03 - Acidente sem VITIMA;60;BR-040/RJ;JF;Atropelamento - Animal;1;1;;;;;1
13/03/2021;13:17:00;1417;AC03 - Acidente sem VITIMA;99;BR-040/RJ;JF;Choque - Objeto Fixo;1;1;;;;;1
13/03/2021;13:57:00;1421;AC03 - Acidente sem VITIMA;92;BR-040/RJ;RJ;Choque - Objeto Fixo;1;1;;;;;1
13/03/2021;16:43:00;1438;AC03 - Acidente sem VITIMA;77;BR-040/RJ;JF;Choque - Objeto Fixo;1;1;;;;;1
13/03/2021;20:00:00;1451;AC03 - Acidente sem VITIMA;112;BR-040/RJ;JF;Choque - Objeto Fixo;1;1;;;;;1
13/03/2021;20:11:00;1452;AC02 - Acidente com VITIMA;108;BR-040/RJ;JF;Choque - Objeto Fixo;1;0;1;;;;1
13/03/2021;21:32:00;1455;AC03 - Acidente sem VITIMA;109;BR-040/RJ;JF;Colisão Traseira;2;2;;;;;1
14/03/2021;04:48:00;1467;AC03 - Acidente sem VITIMA;110;BR-040/RJ;JF;Choque - Objeto Fixo;1;1;;;;;1
14/03/2021;08:10:00;1475;AC02 - Acidente com VITIMA;3;BR-040/RJ;RJ;Tombamento;1;0;1;;;;1
14/03/2021;12:03:00;1502;AC02 - Acidente com VITIMA;115;BR-040/RJ;RJ;Queda de Moto;1;1;1;;;;1
14/03/2021;16:30:00;1527;AC02 - Acidente com VITIMA;84;BR-040/RJ;RJ;Choque - Objeto Fixo;1;0;4;;;;1
14/03/2021;18:46:00;1545;AC02 - Acidente com VITIMA;120;BR-040/RJ;JF;Colisão Traseira;1;0;2;1;;;2
14/03/2021;19:19:00;1548;AC02 - Acidente com VITIMA;823;BR-040/MG;JF;Capotamento;2;0;4;;;;1
14/03/2021;19:41:00;1551;AC03 - Acidente sem VITIMA;123;BR-040/RJ;JF;Engavetamento;3;3;;;;;1
14/03/2021;20:55:00;1555;AC03 - Acidente sem VITIMA;61;BR-040/RJ;RJ;Choque - Objeto Fixo;1;1;;;;;1
15/03/2021;02:35:00;1575;AC03 - Acidente sem VITIMA;818;BR-040/MG;RJ;Atropelamento - Animal;1;1;;;;;1
15/03/2021;06:03:00;1584;AC03 - Acidente sem VITIMA;105;BR-040/RJ;JF;Colisão Frontal;2;2;;;;;1
15/03/2021;06:50:00;1587;AC03 - Acidente sem VITIMA;121;BR-040/RJ;RJ;Colisão Lateral;1;2;;;;;1
15/03/2021;11:18:00;1609;AC02 - Acidente com VITIMA;123;BR-040/RJ;RJ;Colisão Traseira;2;1;1;;;;1
15/03/2021;18:19:00;1666;AC02 - Acidente com VITIMA;22;BR-040/RJ;RJ;Capotamento;1;0;2;;;;1
18/03/2021;11:34:00;1984;AC02 - Acidente com VITIMA;85;BR-040/RJ;JF;Choque - Objeto Fixo;1;0;1;;;;1
18/03/2021;14:19:00;1994;AC03 - Acidente sem VITIMA;13;BR-040/RJ;JF;Saída de Pista;1;1;;;;;1
19/03/2021;07:16:00;2065;AC03 - Acidente sem VITIMA;113;BR-040/RJ;RJ;Colisão Lateral;1;2;;;;;1
19/03/2021;15:26:00;2116;AC03 - Acidente sem VITIMA;45;BR-040/RJ;JF;Colisão Traseira;1;2;;;;;1
20/03/2021;13:10:00;2226;AC02 - Acidente com VITIMA;97;BR-040/RJ;RJ;Tombamento;2;3;2;;;;1
22/03/2021;09:18:00;2395;AC03 - Acidente sem VITIMA;84;BR-040/RJ;JF;Colisão Traseira;1;2;;;;;1
22/03/2021;09:36:00;2398;AC02 - Acidente com VITIMA;96;BR-040/RJ;JF;Tombamento;1;0;2;;;;1
22/03/2021;11:38:00;2412;AC03 - Acidente sem VITIMA;120;BR-040/RJ;JF;Colisão Lateral;1;2;;;;;1
23/03/2021;02:35:00;2453;AC02 - Acidente com VITIMA;20;BR-040/RJ;RJ;Tombamento;1;1;1;;;;1
23/03/2021;07:05:00;2459;AC02 - Acidente com VITIMA;35;BR-040/RJ;JF;Choque - Objeto Fixo;1;0;1;;;;1
25/03/2021;15:01:00;2698;AC03 - Acidente sem VITIMA;53;BR-040/RJ;JF;Colisão Lateral;1;2;;;;;1
28/03/2021;12:49:00;2997;AC03 - Acidente sem VITIMA;53;BR-040/RJ;JF;Colisão Lateral;1;2;;;;;1
28/03/2021;17:00:00;3016;AC03 - Acidente sem VITIMA;67;BR-040/RJ;RJ;Colisão Traseira;1;2;;;;;1
28/03/2021;19:34:00;3032;AC02 - Acidente com VITIMA;61;BR-040/RJ;RJ;Colisão Traseira;1;1;1;;;;1
30/03/2021;01:39:00;3161;AC02 - Acidente com VITIMA;117;BR-040/RJ;RJ;Colisão Traseira;1;1;1;;;;1
31/03/2021;20:33:00;3398;AC02 - Acidente com VITIMA;89;BR-040/RJ;RJ;Tombamento;1;0;1;1;;;2
01/04/2021;10:29:00;43;AC03 - Acidente sem VITIMA;88;BR-040/RJ;JF;Colisão Lateral;1;2;;;;;1
01/04/2021;14:39:00;66;AC02 - Acidente com VITIMA;70;BR-040/RJ;JF;Tombamento;1;1;1;;;;1
05/04/2021;08:34:00;423;AC03 - Acidente sem VITIMA;124;BR-040/RJ;RJ;Colisão Lateral;1;2;;;;;1
05/04/2021;15:57:00;465;AC02 - Acidente com VITIMA;109;BR-040/RJ;JF;Colisão Traseira;1;1;4;;;;1
08/04/2021;06:30:00;709;AC02 - Acidente com VITIMA;797;BR-040/MG;RJ;Colisão Traseira;1;1;;;1;;2
08/04/2021;06:30:00;717;AC02 - Acidente com VITIMA;797;BR-040/MG;RJ;Colisão Traseira;1;1;;1;;;2
08/04/2021;08:31:00;722;AC03 - Acidente sem VITIMA;73;BR-040/RJ;RJ;Colisão Traseira;2;2;;;;;1
08/04/2021;15:02:00;762;AC03 - Acidente sem VITIMA;96;BR-040/RJ;JF;Choque - Objeto Fixo;1;1;;;;;1
10/04/2021;06:46:00;947;AC03 - Acidente sem VITIMA;108;BR-040/RJ;JF;Colisão Lateral;1;2;;;;;1
10/04/2021;12:05:00;970;AC02 - Acidente com VITIMA;94;BR-040/RJ;RJ;Tombamento;1;0;;1;;;2
12/04/2021;08:59:00;1140;AC02 - Acidente com VITIMA;113;BR-040/RJ;RJ;Colisão Lateral;1;1;1;;;;1
12/04/2021;17:06:00;1191;AC02 - Acidente com VITIMA;122;BR-040/RJ;JF;Colisão Lateral;1;1;2;;;;1
13/04/2021;12:35:00;1288;AC03 - Acidente sem VITIMA;91;BR-040/RJ;RJ;Colisão Lateral;1;2;;;;;1
13/04/2021;18:45:00;1326;AC03 - Acidente sem VITIMA;94;BR-040/RJ;RJ;Derrapagem;1;1;;;;;1
13/04/2021;21:40:00;1339;AC03 - Acidente sem VITIMA;94;BR-040/RJ;RJ;Colisão Traseira;1;2;;;;;1
15/04/2021;11:14:00;1510;AC03 - Acidente sem VITIMA;119;BR-040/RJ;JF;Colisão Traseira;1;2;;;;;1
19/04/2021;01:01:00;1877;AC02 - Acidente com VITIMA;96;BR-040/RJ;JF;Tombamento;1;1;1;;;;1
20/04/2021;17:49:00;2054;AC02 - Acidente com VITIMA;93;BR-040/RJ;RJ;Tombamento;1;0;1;;;;1
21/04/2021;16:49:00;2150;AC02 - Acidente com VITIMA;784;BR-040/MG;JF;Tombamento;1;0;3;;;;1
22/04/2021;04:20:00;2177;AC02 - Acidente com VITIMA;109;BR-040/RJ;JF;Colisão Lateral;1;1;1;;;;1
22/04/2021;07:29:00;2194;AC03 - Acidente sem VITIMA;94;BR-040/RJ;RJ;Tombamento;1;1;;;;;1