data;horario;n_da_ocorrencia;tipo_de_ocorrencia;km;trecho;sentido;tipo_de_acidente;caminhao;ilesos;levemente_feridos;moderadamente_feridos;gravemente_feridos;mortos;3
22/04/2021;23:17:00;2291;AC02 - Acidente com VITIMA;818;BR-040/MG;JF;Colisão Traseira;2;0;1;;1;;2
23/04/2021;10:05:00;2321;AC02 - Acidente com VITIMA;116;BR-040/RJ;RJ;Colisão Lateral;1;1;;1;;;2
23/04/2021;14:16:00;2341;AC03 - Acidente sem VITIMA;114;BR-040/RJ;RJ;Colisão Lateral;1;2;;;;;1
23/04/2021;17:00:00;2364;AC03 - Acidente sem VITIMA;109;BR-040/RJ;JF;Colisão Traseira;1;3;;;;;1
23/04/2021;21:20:00;2383;AC03 - Acidente sem VITIMA;83;BR-040/RJ;RJ;Tombamento;1;1;;;;;1
26/04/2021;07:51:00;2606;AC02 - Acidente com VITIMA;121;BR-040/RJ;RJ;Colisão Lateral;1;1;2;;;;1
28/04/2021;05:40:00;2791;AC03 - Acidente sem VITIMA;810;BR-040/MG;JF;Choque - Objeto Fixo;1;1;;;;;1
01/05/2021;02:37:00;2;AC02 - Acidente com VITIMA;32;BR-040/RJ;JF;Tombamento;1;1;1;;;;1
01/05/2021;23:11:00;83;AC03 - Acidente sem VITIMA;58;BR-040/RJ;JF;Colisão Lateral;1;2;;;;;1
04/05/2021;05:18:00;297;AC02 - Acidente com VITIMA;18;BR-040/RJ;JF;Colisão Lateral;1;0;2;;;;1
04/05/2021;08:45:00;314;AC02 - Acidente com VITIMA;828;BR-040/MG;JF;Tombamento;1;0;;1;;;2
04/05/2021;15:22:00;350;AC02 - Acidente com VITIMA;123;BR-040/RJ;RJ;Engavetamento;1;2;2;;;;1
05/05/2021;05:45:00;393;AC03 - Acidente sem VITIMA;795;BR-040/MG;RJ;Choque - Objeto Fixo;1;1;;;;;1
05/05/2021;08:52:00;409;AC03 - Acidente sem VITIMA;108;BR-040/RJ;JF;Colisão Lateral;1;2;;;;;1
05/05/2021;09:16:00;414;AC02 - Acidente com VITIMA;120;BR-040/RJ;JF;Engavetamento;1;2;1;;;;1
05/05/2021;18:59:00;479;AC03 - Acidente sem VITIMA;107;BR-040/RJ;JF;Engavetamento;1;3;;;;;1
09/05/2021;12:23:00;897;AC02 - Acidente com VITIMA;89;BR-040/RJ;RJ;Tombamento;1;0;1;;;;1
09/05/2021;14:13:00;911;AC03 - Acidente sem VITIMA;812;BR-040/MG;JF;Choque - Objeto Fixo;1;1;;;;;1
10/05/2021;18:00:00;1046;AC03 - Acidente sem VITIMA;124;BR-040/RJ;JF;Colisão Lateral;1;2;;;;;1
11/05/2021;12:16:00;1108;AC03 - Acidente sem VITIMA;81;BR-040/RJ;JF;Colisão Lateral;1;2;;;;;1
12/05/2021;11:09:00;1214;AC02 - Acidente com VITIMA;122;BR-040/RJ;JF;Colisão Lateral;1;1;1;1;;;2
12/05/2021;11:18:00;1217;AC03 - Acidente sem VITIMA;78;BR-040/RJ;JF;Colisão Lateral;1;2;;;;;1
12/05/2021;16:45:00;1252;AC03 - Acidente sem VITIMA;109;BR-040/RJ;RJ;Colisão Lateral;1;2;;;;;1
13/05/2021;07:12:00;1309;AC03 - Acidente sem VITIMA;123;BR-040/RJ;RJ;Choque - Objeto Fixo;1;2;;;;;1
13/05/2021;16:09:00;1369;AC03 - Acidente sem VITIMA;109;BR-040/RJ;JF;Engavetamento;1;4;;;;;1
13/05/2021;20:20:00;1394;AC02 - Acidente com VITIMA;94;BR-040/RJ;RJ;Tombamento;1;0;;1;;;2
13/05/2021;21:10:00;1397;AC02 - Acidente com VITIMA;778;BR-040/MG;RJ;Colisão Transversal;1;1;1;;;;1
14/05/2021;14:07:00;1470;AC02 - Acidente com VITIMA;118;BR-040/RJ;JF;Engavetamento;1;2;1;;;;1
17/05/2021;03:06:00;1720;AC03 - Acidente sem VITIMA;91;BR-040/RJ;JF;Saída de Pista;1;1;;;;;1
17/05/2021;06:55:00;1730;AC03 - Acidente sem VITIMA;122;BR-040/RJ;RJ;Colisão Traseira;1;2;;;;;1
17/05/2021;11:17:00;1767;AC04 - Atropelamento;117;BR-040/RJ;JF;Atropelamento - Pedestre;1;1;1;;;;1
18/05/2021;00:17:00;1838;AC03 - Acidente sem VITIMA;112;BR-040/RJ;RJ;Choque - Objeto Fixo;1;1;;;;;1
18/05/2021;07:12:00;1852;AC02 - Acidente com VITIMA;31;BR-040/RJ;RJ;Tombamento;1;0;2;;;;1
18/05/2021;12:56:00;1889;AC03 - Acidente sem VITIMA;86;BR-040/RJ;JF;Colisão Lateral;1;2;;;;;1
21/05/2021;17:44:00;2282;AC03 - Acidente sem VITIMA;111;BR-040/RJ;JF;Engavetamento;1;4;;;;;1
21/05/2021;18:00:00;2284;AC03 - Acidente sem VITIMA;110;BR-040/RJ;JF;Colisão Lateral;1;2;;;;;1
24/05/2021;07:00:00;2522;AC03 - Acidente sem VITIMA;110;BR-040/RJ;RJ;Colisão Lateral;1;2;;;;;1
24/05/2021;12:50:00;2549;AC02 - Acidente com VITIMA;78;BR-040/RJ;RJ;Tombamento;1;0;3;;;;1
26/05/2021;15:47:00;2789;AC03 - Acidente sem VITIMA;89;BR-040/RJ;JF;Engavetamento;1;3;;;;;1
27/05/2021;10:31:00;2877;AC02 - Acidente com VITIMA;804;BR-040/MG;JF;Colisão Traseira;2;0;2;;;;1
27/05/2021;12:57:00;2888;AC02 - Acidente com VITIMA;816;BR-040/MG;JF;Engavetamento;1;2;1;;;;1
31/05/2021;14:25:00;3430;AC03 - Acidente sem VITIMA;91;BR-040/RJ;JF;Colisão Lateral;1;2;;;;;1
31/05/2021;18:08:00;3457;AC03 - Acidente sem VITIMA;111;BR-040/RJ;RJ;Choque - Objeto Fixo;1;1;;;;;1
01/06/2021;06:46:00;16;AC02 - Acidente com VITIMA;109;BR-040/RJ;RJ;Engavetamento;1;2;2;;;;1
01/06/2021;06:48:00;17;AC02 - Acidente com VITIMA;94;BR-040/RJ;RJ;Colisão Lateral;1;0;2;;;;1
01/06/2021;15:09:00;70;AC02 - Acidente com VITIMA;96;BR-040/RJ;JF;Tombamento;1;1;1;;;;1
02/06/2021;07:57:00;129;AC02 - Acidente com VITIMA;113;BR-040/RJ;RJ;Engavetamento;1;3;1;;;;1
02/06/2021;12:04:00;160;AC02 - Acidente com VITIMA;121;BR-040/RJ;RJ;Engavetamento;1;2;;1;;;2
02/06/2021;15:29:00;180;AC02 - Acidente com VITIMA;113;BR-040/RJ;JF;Engavetamento;1;2;3;;;;1
03/06/2021;08:51:00;267;AC03 - Acidente sem VITIMA;109;BR-040/RJ;JF;Colisão Lateral;1;2;;;;;1
03/06/2021;14:04:00;307;AC03 - Acidente sem VITIMA;102;BR-040/RJ;JF;Colisão Lateral;1;2;;;;;1
03/06/2021;16:07:00;323;AC03 - Acidente sem VITIMA;116;BR-040/RJ;RJ;Colisão Lateral;1;2;;;;;1
04/06/2021;06:54:00;384;AC03 - Acidente sem VITIMA;123;BR-040/RJ;JF;Colisão Lateral;1;2;;;;;1
07/06/2021;05:04:00;725;AC02 - Acidente com VITIMA;92;BR-040/RJ;RJ;Tombamento;1;0;3;1;;;2
09/06/2021;12:49:00;1011;AC03 - Acidente sem VITIMA;42;BR-040/RJ;RJ;Colisão Traseira;1;2;;;;;1
10/06/2021;18:33:00;1167;AC03 - Acidente sem VITIMA;110;BR-040/RJ;JF;Colisão Traseira;1;2;;;;;1
11/06/2021;08:27:00;1226;AC02 - Acidente com VITIMA;110;BR-040/RJ;JF;Colisão Traseira;1;1;;1;;;2
11/06/2021;16:49:00;1288;AC03 - Acidente sem VITIMA;93;BR-040/RJ;RJ;Saída de Pista;1;1;;;;;1
14/06/2021;13:34:00;1628;AC03 - Acidente sem VITIMA;90;BR-040/RJ;RJ;Saída de Pista;1;1;;;;;1
14/06/2021;15:57:00;1649;AC03 - Acidente sem VITIMA;124;BR-040/RJ;JF;Colisão Lateral;1;2;;;;;1
17/06/2021;02:45:00;1938;AC03 - Acidente sem VITIMA;52;BR-040/RJ;RJ;Saída de Pista;1;1;;;;;1
17/06/2021;21:21:00;2041;AC03 - Acidente sem VITIMA;88;BR-040/RJ;RJ;Choque - Objeto Fixo;1;1;;;;;1
20/06/2021;14:54:00;2354;AC02 - Acidente com VITIMA;108;BR-040/RJ;JF;Tombamento;1;1;1;;;;1
20/06/2021;19:11:00;2375;AC02 - Acidente com VITIMA;54;BR-040/RJ;JF;Colisão Traseira;1;0;2;;;;1
21/06/2021;08:31:00;2414;AC03 - Acidente sem VITIMA;77;BR-040/RJ;RJ;Colisão Lateral;1;2;;;;;1
22/06/2021;18:30:00;2605;AC02 - Acidente com VITIMA;77;BR-040/RJ;JF;Colisão Lateral;1;1;3;1;;;2
23/06/2021;08:03:00;2633;AC03 - Acidente sem VITIMA;76;BR-040/RJ;RJ;Colisão Lateral;1;2;;;;;1
23/06/2021;18:56:00;2709;AC02 - Acidente com VITIMA;65;BR-040/RJ;RJ;Tombamento;1;1;;1;;;2
24/06/2021;00:20:00;2722;AC02 - Acidente com VITIMA;805;BR-040/MG;JF;Colisão Traseira;1;0;9;;;;1
24/06/2021;16:31:00;2790;AC02 - Acidente com VITIMA;108;BR-040/RJ;JF;Colisão Transversal;1;0;4;;;;1
25/06/2021;08:19:00;2859;AC03 - Acidente sem VITIMA;120;BR-040/RJ;RJ;Colisão Traseira;1;2;;;;;1
26/06/2021;02:58:00;2961;AC02 - Acidente com VITIMA;816;BR-040/MG;RJ;Colisão Traseira;1;0;2;;;;1
27/06/2021;00:37:00;3077;AC02 - Acidente com VITIMA;53;BR-040/RJ;JF;Choque - Objeto Fixo;1;1;1;;;;1
28/06/2021;07:27:00;3209;AC03 - Acidente sem VITIMA;121;BR-040/RJ;RJ;Colisão Traseira;1;2;;;;;1
30/06/2021;06:27:00;3422;AC03 - Acidente sem VITIMA;93;BR-040/RJ;JF;Colisão Lateral;2;2;;;;;1
01/07/2021;07:29:00;19;AC02 - Acidente com VITIMA;21;BR-040/RJ;JF;Tombamento;1;2;1;;;;1
01/07/2021;15:05:00;63;AC03 - Acidente sem VITIMA;98;BR-040/RJ;RJ;Colisão Traseira;1;2;;;;;1
02/07/2021;09:14:00;131;AC03 - Acidente sem VITIMA;92;BR-040/RJ;RJ;Colisão Lateral;1;2;;;;;1
02/07/2021;16:37:00;203;AC02 - Acidente com VITIMA;101;BR-040/RJ;JF;Engavetamento;1;2;;1;;;2
06/07/2021;11:33:00;630;AC02 - Acidente com VITIMA;123;BR-040/RJ;JF;Colisão Lateral;1;1;2;;;;1
06/07/2021;16:58:00;670;AC03 - Acidente sem VITIMA;119;BR-040/RJ;JF;Engavetamento;1;3;;;;;1
07/07/2021;21:07:00;805;AC02 - Acidente com VITIMA;38;BR-040/RJ;JF;Tombamento;2;0;1;1;;;2
11/07/2021;07:13:00;1205;AC02 - Acidente com VITIMA;822;BR-040/MG;JF;Colisão Traseira;1;1;1;;;;1
11/07/2021;23:49:00;1290;AC02 - Acidente com VITIMA;90;BR-040/RJ;RJ;Colisão Traseira;2;0;2;;;;1
12/07/2021;06:11:00;1299;AC03 - Acidente sem VITIMA;804;BR-040/MG;JF;Colisão Traseira;1;2;;;;;1
12/07/2021;16:27:00;1368;AC03 - Acidente sem VITIMA;109;BR-040/RJ;JF;Colisão Lateral;1;2;;;;;1
13/07/2021;18:18:00;1502;AC03 - Acidente sem VITIMA;795;BR-040/MG;RJ;Colisão Traseira;1;2;;;;;1
14/07/2021;10:11:00;1568;AC02 - Acidente com VITIMA;92;BR-040/RJ;RJ;Tombamento;1;0;2;;;;1
14/07/2021;16:11:00;1607;AC03 - Acidente sem VITIMA;110;BR-040/RJ;JF;Engavetamento;3;3;;;;;1
15/07/2021;21:24:00;1738;AC02 - Acidente com VITIMA;815;BR-040/MG;RJ;Tombamento;1;0;1;;;;1
17/07/2021;13:06:00;1931;AC03 - Acidente sem VITIMA;116;BR-040/RJ;JF;Colisão Lateral;1;3;;;;;1
19/07/2021;16:18:00;2175;AC02 - Acidente com VITIMA;34;BR-040/RJ;JF;Tombamento;1;0;1;;;;1
20/07/2021;06:19:00;2209;AC03 - Acidente sem VITIMA;109;BR-040/RJ;RJ;Colisão Traseira;1;2;;;;;1
21/07/2021;11:10:00;2376;AC03 - Acidente sem VITIMA;122;BR-040/RJ;JF;Colisão Traseira;1;2;;;;;1
21/07/2021;14:35:00;2403;AC02 - Acidente com VITIMA;110;BR-040/RJ;JF;Colisão Traseira;1;1;1;;;;1
22/07/2021;09:30:00;2504;AC03 - Acidente sem VITIMA;123;BR-040/RJ;RJ;Colisão Traseira;1;2;;;;;1
23/07/2021;01:45:00;2608;AC02 - Acidente com VITIMA;64;BR-040/RJ;JF;Choque - Objeto Fixo;1;0;1;;;;1
23/07/2021;20:44:00;2714;AC03 - Acidente sem VITIMA;105;BR-040/RJ;RJ;Colisão Lateral;1;2;;;;;1
26/07/2021;13:54:00;3017;AC02 - Acidente com VITIMA;104;BR-040/RJ;JF;Colisão Lateral;1;0;3;;;;1
26/07/2021;23:45:00;3052;AC03 - Acidente sem VITIMA;810;BR-040/MG;JF;Atropelamento - Animal;1;1;;;;;1
28/07/2021;07:13:00;3177;AC02 - Acidente com VITIMA;85;BR-040/RJ;RJ;Tombamento;1;0;;1;;;2
28/07/2021;17:08:00;3225;AC03 - Acidente sem VITIMA;111;BR-040/RJ;JF;Colisão Traseira;1;2;;;;;1
28/07/2021;18:14:00;3234;AC03 - Acidente sem VITIMA;103;BR-040/RJ;JF;Choque - Objeto Fixo;1;1;;;;;1
29/07/2021;07:03:00;3269;AC02 - Acidente com VITIMA;93;BR-040/RJ;RJ;Tombamento;1;0;;1;;;2
29/07/2021;09:49:00;3280;AC03 - Acidente sem VITIMA;56;BR-040/RJ;RJ;Colisão Traseira;2;2;;;;;1
29/07/2021;13:57:00;3303;AC02 - Acidente com VITIMA;16;BR-040/RJ;RJ;Engavetamento;1;1;5;1;;;2
30/07/2021;05:06:00;3384;AC03 - Acidente sem VITIMA;115;BR-040/RJ;RJ;Engavetamento;1;3;;;;;1
02/08/2021;21:02:00;174;AC02 - Acidente com VITIMA;74;BR-040/RJ;JF;Tombamento;1;0;1;;;;1
02/08/2021;23:48:00;179;AC03 - Acidente sem VITIMA;61;BR-040/RJ;RJ;Colisão Traseira;1;2;;;;;1
04/08/2021;07:37:00;295;AC03 - Acidente sem VITIMA;121;BR-040/RJ;RJ;Colisão Lateral;1;2;;;;;1
04/08/2021;08:15:00;297;AC02 - Acidente com VITIMA;123;BR-040/RJ;RJ;Colisão Lateral;1;1;1;;;;1
04/08/2021;11:33:00;311;AC01 - Acidente com VITIMA FATAL;89;BR-040/RJ;RJ;Choque - Objeto Fixo;1;1;;;;1;3
04/08/2021;13:22:00;323;AC03 - Acidente sem VITIMA;79;BR-040/RJ;RJ;Choque - Objeto Fixo;1;1;;;;;1
04/08/2021;23:00:00;368;AC03 - Acidente sem VITIMA;108;BR-040/RJ;JF;Colisão Lateral;1;3;;;;;1
05/08/2021;01:55:00;374;AC03 - Acidente sem VITIMA;7;BR-040/RJ;JF;Atropelamento - Animal;1;1;;;;;1
05/08/2021;19:24:00;467;AC03 - Acidente sem VITIMA;110;BR-040/RJ;JF;Colisão Lateral;1;2;;;;;1
10/08/2021;04:36:00;967;AC03 - Acidente sem VITIMA;816;BR-040/MG;JF;Atropelamento - Animal;1;1;;;;;1
10/08/2021;04:36:00;969;AC03 - Acidente sem VITIMA;816;BR-040/MG;JF;Atropelamento - Animal;1;1;;;;;1
10/08/2021;07:21:00;978;AC03 - Acidente sem VITIMA;123;BR-040/RJ;RJ;Colisão Lateral;1;2;;;;;1
10/08/2021;12:05:00;1008;AC01 - Acidente com VITIMA FATAL;44;BR-040/RJ;JF;Tombamento;1;0;;;;1;3
16/08/2021;05:55:00;1662;AC02 - Acidente com VITIMA;101;BR-040/RJ;RJ;Colisão Traseira;1;1;1;;;;1
17/08/2021;07:34:00;1810;AC03 - Acidente sem VITIMA;124;BR-040/RJ;RJ;Colisão Lateral;1;2;;;;;1
18/08/2021;01:32:00;1931;AC03 - Acidente sem VITIMA;816;BR-040/MG;JF;Choque - Objeto Fixo;1;1;;;;;1
18/08/2021;22:16:00;2055;AC03 - Acidente sem VITIMA;45;BR-040/RJ;JF;Colisão Lateral;1;2;;;;;1
19/08/2021;15:40:00;2123;AC03 - Acidente sem VITIMA;78;BR-040/RJ;RJ;Saída de Pista;1;1;;;;;1
19/08/2021;17:43:00;2136;AC02 - Acidente com VITIMA;109;BR-040/RJ;RJ;Choque - Objeto Fixo;1;0;;1;;;2
20/08/2021;12:51:00;2221;AC02 - Acidente com VITIMA;119;BR-040/RJ;JF;Colisão Lateral;1;1;1;;;;1
20/08/2021;18:12:00;2267;AC03 - Acidente sem VITIMA;123;BR-040/RJ;JF;Colisão Lateral;1;2;;;;;1
23/08/2021;02:56:00;2542;AC03 - Acidente sem VITIMA;55;BR-040/RJ;RJ;Choque - Objeto Fixo;1;1;;;;;1
23/08/2021;15:23:00;2602;AC02 - Acidente com VITIMA;109;BR-040/RJ;RJ;Colisão Lateral;1;0;4;;;;1
24/08/2021;16:11:00;2734;AC03 - Acidente sem VITIMA;110;BR-040/RJ;JF;Colisão Traseira;1;2;;;;;1
26/08/2021;19:06:00;3025;AC02 - Acidente com VITIMA;108;BR-040/RJ;JF;Tombamento;1;0;2;;;;1
27/08/2021;09:26:00;3087;AC03 - Acidente sem VITIMA;93;BR-040/RJ;RJ;Colisão Traseira;2;2;;;;;1
28/08/2021;17:42:00;3284;AC02 - Acidente com VITIMA;108;BR-040/RJ;RJ;Colisão Lateral;1;1;1;;;;1
30/08/2021;15:19:00;3485;AC03 - Acidente sem VITIMA;110;BR-040/RJ;JF;Colisão Traseira;2;2;;;;;1
30/08/2021;15:23:00;3487;AC02 - Acidente com VITIMA;77;BR-040/RJ;RJ;Colisão Frontal;1;0;3;;1;;2
30/08/2021;20:30:00;3518;AC03 - Acidente sem VITIMA;4;BR-040/RJ;JF;Choque - Objeto Fixo;1;1;;;;;1
31/08/2021;01:27:00;3533;AC03 - Acidente sem VITIMA;61;BR-040/RJ;RJ;Colisão Traseira;1;2;;;;;1
31/08/2021;12:34:00;3582;AC03 - Acidente sem VITIMA;104;BR-040/RJ;JF;Colisão Frontal;1;2;;;;;1
01/09/2021;07:45:00;28;AC03 - Acidente sem VITIMA;122;BR-040/RJ;JF;Colisão Lateral;1;2;;;;;1
01/09/2021;08:21:00;32;AC01 - Acidente com VITIMA FATAL;122;BR-040/RJ;RJ;Colisão Lateral;1;1;1;;;1;3
02/09/2021;01:35:00;131;AC02 - Acidente com VITIMA;45;BR-040/RJ;RJ;Colisão Traseira;1;0;1;1;;;2
02/09/2021;11:03:00;167;AC03 - Acidente sem VITIMA;787;BR-040/MG;RJ;Choque - Objeto Fixo;1;1;;;;;1
02/09/2021;13:40:00;181;AC03 - Acidente sem VITIMA;47;BR-040/RJ;RJ;Choque - Objeto Fixo;1;1;;;;;1
02/09/2021;21:42:00;235;AC03 - Acidente sem VITIMA;27;BR-040/RJ;RJ;Colisão Lateral;1;2;;;;;1
03/09/2021;02:34:00;249;AC02 - Acidente com VITIMA;821;BR-040/MG;JF;Colisão Traseira;2;1;;1;;;2
03/09/2021;09:19:00;275;AC03 - Acidente sem VITIMA;123;BR-040/RJ;RJ;Colisão Lateral;1;2;;;;;1
03/09/2021;19:44:00;352;AC02 - Acidente com VITIMA;39;BR-040/RJ;RJ;Colisão Traseira;1;1;1;;;;1
03/09/2021;23:26:00;374;AC03 - Acidente sem VITIMA;85;BR-040/RJ;JF;Choque - Objeto Fixo;1;2;;;;;1
06/09/2021;06:48:00;666;AC03 - Acidente sem VITIMA;104;BR-040/RJ;JF;Choque - Objeto Fixo;1;1;;;;;1
07/09/2021;00:33:00;769;AC03 - Acidente sem VITIMA;773;BR-040/MG;JF;Saída de Pista;1;1;;;;;1
07/09/2021;16:40:00;844;AC03 - Acidente sem VITIMA;57;BR-040/RJ;JF;Colisão Frontal;1;2;;;;;1
08/09/2021;15:12:00;956;AC02 - Acidente com VITIMA;25;BR-040/RJ;RJ;Tombamento;1;0;;1;;;2
09/09/2021;07:16:00;1040;AC03 - Acidente sem VITIMA;112;BR-040/RJ;RJ;Colisão Traseira;1;2;;;;;1
12/09/2021;17:03:00;1462;AC02 - Acidente com VITIMA;801;BR-040/MG;RJ;Tombamento;1;1;1;;;;1
14/09/2021;11:20:00;1669;AC03 - Acidente sem VITIMA;796;BR-040/MG;RJ;Colisão Traseira;1;2;;;;;1
14/09/2021;16:29:00;1712;AC03 - Acidente sem VITIMA;87;BR-040/RJ;RJ;Tombamento;1;1;;;;;1
15/09/2021;01:59:00;1748;AC02 - Acidente com VITIMA;45;BR-040/RJ;RJ;Colisão Traseira;1;0;2;;;;1
15/09/2021;09:16:00;1767;AC02 - Acidente com VITIMA;109;BR-040/RJ;RJ;Engavetamento;1;2;1;2;;;2
16/09/2021;03:50:00;1863;AC03 - Acidente sem VITIMA;108;BR-040/RJ;JF;Choque - Objeto Fixo;1;2;;;;;1
16/09/2021;15:25:00;1931;AC02 - Acidente com VITIMA;109;BR-040/RJ;RJ;Colisão Traseira;1;0;2;;;;1
16/09/2021;19:28:00;1955;AC03 - Acidente sem VITIMA;121;BR-040/RJ;JF;Colisão Traseira;1;2;;;;;1
16/09/2021;21:35:00;1968;AC02 - Acidente com VITIMA;803;BR-040/MG;JF;Colisão Traseira;1;1;1;1;;;2
17/09/2021;06:53:00;1990;AC02 - Acidente com VITIMA;109;BR-040/RJ;RJ;Colisão Lateral;1;1;1;;;;1
18/09/2021;07:27:00;2132;AC02 - Acidente com VITIMA;110;BR-040/RJ;JF;Colisão Traseira;1;1;2;;;;1
18/09/2021;15:50:00;2199;AC03 - Acidente sem VITIMA;80;BR-040/RJ;JF;Colisão Lateral;1;2;;;;;1
20/09/2021;00:21:00;2351;AC03 - Acidente sem VITIMA;18;BR-040/RJ;RJ;Atropelamento - Animal;1;1;;;;;1
21/09/2021;12:42:00;2523;AC04 - Atropelamento;106;BR-040/RJ;JF;Atropelamento - Pedestre;1;1;;1;;;2
21/09/2021;15:37:00;2544;AC03 - Acidente sem VITIMA;75;BR-040/RJ;RJ;Engavetamento;2;3;;;;;1
21/09/2021;21:40:00;2584;AC02 - Acidente com VITIMA;793;BR-040/MG;JF;Colisão Lateral;1;0;2;;;;1
22/09/2021;16:21:00;2675;AC03 - Acidente sem VITIMA;76;BR-040/RJ;RJ;Choque - Objeto Fixo;1;2;;;;;1
23/09/2021;15:08:00;2785;AC03 - Acidente sem VITIMA;80;BR-040/RJ;JF;Choque - Objeto Fixo;1;1;;;;;1
23/09/2021;18:34:00;2798;AC03 - Acidente sem VITIMA;110;BR-040/RJ;JF;Colisão Traseira;1;2;;;;;1
26/09/2021;08:36:00;3125;AC03 - Acidente sem VITIMA;89;BR-040/RJ;JF;Colisão Traseira;1;2;;;;;1
26/09/2021;11:36:00;3140;AC04 - Atropelamento;26;BR-040/RJ;JF;Colisão Traseira;1;1;;1;;;2
27/09/2021;08:51:00;3262;AC02 - Acidente com VITIMA;109;BR-040/RJ;RJ;Engavetamento;1;3;1;;;;1
27/09/2021;19:23:00;3336;AC03 - Acidente sem VITIMA;816;BR-040/MG;JF;Colisão Lateral;1;2;;;;;1
28/09/2021;05:22:00;3359;AC03 - Acidente sem VITIMA;59;BR-040/RJ;RJ;Saída de Pista;1;1;;;;;1
29/09/2021;14:02:00;3549;AC02 - Acidente com VITIMA;42;BR-040/RJ;RJ;Colisão Traseira;1;1;;1;;;2
29/09/2021;14:54:00;3560;AC03 - Acidente sem VITIMA;121;BR-040/RJ;JF;Colisão Traseira;1;2;;;;;1
30/09/2021;06:55:00;3633;AC03 - Acidente sem VITIMA;62;BR-040/RJ;JF;Colisão Lateral;1;2;;;;;1
30/09/2021;12:14:00;3681;AC03 - Acidente sem VITIMA;123;BR-040/RJ;RJ;Colisão Lateral;1;2;;;;;1
01/10/2021;15:35:00;79;AC02 - Acidente com VITIMA;114;BR-040/RJ;JF;Engavetamento;1;1;;2;;;2
02/10/2021;00:19:00;145;AC03 - Acidente sem VITIMA;7;BR-040/RJ;JF;Colisão Traseira;1;2;;;;;1
02/10/2021;06:53:00;166;AC02 - Acidente com VITIMA;93;BR-040/RJ;RJ;Colisão Lateral;2;3;1;;;;1
04/10/2021;10:30:00;434;AC03 - Acidente sem VITIMA;124;BR-040/RJ;RJ;Colisão Lateral;1;2;;;;;1
05/10/2021;08:11:00;534;AC03 - Acidente sem VITIMA;94;BR-040/RJ;RJ;Choque - Objeto Fixo;1;1;;;;;1
06/10/2021;07:25:00;642;AC02 - Acidente com VITIMA;111;BR-040/RJ;RJ;Colisão Lateral;1;2;;1;;;2
06/10/2021;10:04:00;670;AC03 - Acidente sem VITIMA;59;BR-040/RJ;RJ;Colisão Lateral;1;2;;;;;1
07/10/2021;13:13:00;811;AC02 - Acidente com VITIMA;93;BR-040/RJ;RJ;Choque - Objeto Fixo;1;0;;1;;;2
08/10/2021;13:46:00;947;AC03 - Acidente sem VITIMA;805;BR-040/MG;JF;Colisão Traseira;1;2;;;;;1
08/10/2021;16:39:00;962;AC03 - Acidente sem VITIMA;109;BR-040/RJ;JF;Colisão Lateral;1;2;;;;;1
09/10/2021;03:32:00;1020;AC02 - Acidente com VITIMA;810;BR-040/MG;RJ;Colisão Lateral;1;0;6;;;;1
09/10/2021;04:32:00;1024;AC03 - Acidente sem VITIMA;72;BR-040/RJ;JF;Choque - Objeto Fixo;1;1;;;;;1
09/10/2021;16:02:00;1123;AC03 - Acidente sem VITIMA;88;BR-040/RJ;JF;Engavetamento;1;3;;;;;1
11/10/2021;02:47:00;1297;AC02 - Acidente com VITIMA;90;BR-040/RJ;RJ;Colisão Traseira;2;1;1;1;;;2
11/10/2021;12:55:00;1354;AC03 - Acidente sem VITIMA;124;BR-040/RJ;JF;Colisão Traseira;1;2;;;;;1
11/10/2021;16:10:00;1383;AC02 - Acidente com VITIMA;124;BR-040/RJ;JF;Engavetamento;1;2;1;;;;1
11/10/2021;18:59:00;1394;AC03 - Acidente sem VITIMA;116;BR-040/RJ;JF;Colisão Lateral;1;2;;;;;1
12/10/2021;15:07:00;1476;AC03 - Acidente sem VITIMA;19;BR-040/RJ;RJ;Saída de Pista;1;1;;;;;1
13/10/2021;16:47:00;1617;AC02 - Acidente com VITIMA;111;BR-040/RJ;JF;Colisão Lateral;1;1;1;;;;1
13/10/2021;18:01:00;1622;AC03 - Acidente sem VITIMA;33;BR-040/RJ;JF;Colisão Lateral;1;2;;;;;1
14/10/2021;05:54:00;1668;AC02 - Acidente com VITIMA;79;BR-040/RJ;RJ;Colisão Traseira;2;0;3;;;;1
14/10/2021;07:28:00;1678;AC03 - Acidente sem VITIMA;94;BR-040/RJ;RJ;Choque - Objeto Fixo;2;2;;;;;1
14/10/2021;07:54:00;1686;AC03 - Acidente sem VITIMA;122;BR-040/RJ;RJ;Colisão Lateral;1;2;;;;;1
15/10/2021;02:29:00;1775;AC02 - Acidente com VITIMA;816;BR-040/MG;JF;Colisão Lateral;2;0;2;;;;1
15/10/2021;13:55:00;1845;AC02 - Acidente com VITIMA;125;BR-040/RJ;RJ;Colisão Lateral;1;2;2;;;;1
15/10/2021;22:09:00;1915;AC03 - Acidente sem VITIMA;118;BR-040/RJ;JF;Colisão Traseira;1;2;;;;;1
16/10/2021;04:13:00;1940;AC03 - Acidente sem VITIMA;108;BR-040/RJ;RJ;Colisão Traseira;1;2;;;;;1
16/10/2021;10:26:00;1972;AC03 - Acidente sem VITIMA;22;BR-040/RJ;JF;Colisão Lateral;1;2;;;;;1