data;horario;n_da_ocorrencia;tipo_de_ocorrencia;km;trecho;sentido;tipo_de_acidente;caminhao;ilesos;levemente_feridos;moderadamente_feridos;gravemente_feridos;mortos;3
11/10/2022;06:50:00;1300;AC03 - Acidente sem VITIMA;121;BR-040/RJ;RJ;Colisão Lateral;1;2;;;;;1
11/10/2022;09:08:00;1318;AC03 - Acidente sem VITIMA;90;BR-040/RJ;RJ;Choque - Objeto Fixo;1;1;;;;;1
12/10/2022;06:11:00;1453;AC03 - Acidente sem VITIMA;22;BR-040/RJ;RJ;Tombamento;3;3;;;;;1
13/10/2022;14:14:00;1599;AC03 - Acidente sem VITIMA;86;BR-040/RJ;RJ;Saída de Pista;1;1;;;;;1
14/10/2022;07:15:00;1672;AC02 - Acidente com VITIMA;93;BR-040/RJ;RJ;Tombamento;1;1;;1;;;2
14/10/2022;11:19:00;1705;AC02 - Acidente com VITIMA;121;BR-040/RJ;RJ;Colisão Transversal;1;1;3;2;;;2
15/10/2022;14:17:00;1872;AC02 - Acidente com VITIMA;108;BR-040/RJ;JF;Tombamento;1;0;2;;;;1
17/10/2022;09:06:00;2137;AC02 - Acidente com VITIMA;104;BR-040/RJ;RJ;Queda de Moto;1;1;2;;;;1
18/10/2022;10:53:00;2288;AC02 - Acidente com VITIMA;94;BR-040/RJ;RJ;Tombamento;1;0;3;;;;1
19/10/2022;08:52:00;2394;AC03 - Acidente sem VITIMA;121;BR-040/RJ;RJ;Colisão Traseira;1;2;;;;;1
19/10/2022;13:12:00;2416;AC03 - Acidente sem VITIMA;124;BR-040/RJ;JF;Colisão Lateral;1;2;;;;;1
20/10/2022;00:54:00;2478;AC02 - Acidente com VITIMA;78;BR-040/RJ;RJ;Colisão Traseira;1;0;3;;;;1
21/10/2022;02:44:00;2620;AC03 - Acidente sem VITIMA;49;BR-040/RJ;RJ;Choque - Objeto Fixo;1;1;;;;;1
21/10/2022;08:16:00;2638;AC02 - Acidente com VITIMA;121;BR-040/RJ;RJ;Colisão Traseira;1;2;;1;;;2
21/10/2022;15:00:00;2684;AC02 - Acidente com VITIMA;24;BR-040/RJ;RJ;Tombamento;1;0;;1;;;2
21/10/2022;15:51:00;2697;AC02 - Acidente com VITIMA;83;BR-040/RJ;JF;Colisão Lateral;1;1;1;;;;1
21/10/2022;18:39:00;2729;AC01 - Acidente com VITIMA FATAL;784;BR-040/MG;JF;Colisão Transversal;1;0;2;;;1;3
22/10/2022;05:43:00;2769;AC03 - Acidente sem VITIMA;804;BR-040/MG;RJ;Choque - Objeto Fixo;1;1;;;;;1
24/10/2022;13:15:00;3062;AC02 - Acidente com VITIMA;93;BR-040/RJ;RJ;Tombamento;1;0;1;2;;;2
26/10/2022;14:56:00;3318;AC02 - Acidente com VITIMA;101;BR-040/RJ;JF;Colisão Lateral;1;1;;1;;;2
27/10/2022;14:46:00;3419;AC02 - Acidente com VITIMA;89;BR-040/RJ;RJ;Tombamento;1;0;2;;;;1
27/10/2022;16:49:00;3438;AC03 - Acidente sem VITIMA;113;BR-040/RJ;JF;Colisão Lateral;1;2;;;;;1
27/10/2022;17:08:00;3439;AC02 - Acidente com VITIMA;780;BR-040/MG;RJ;Engavetamento;2;0;3;;;;1
28/10/2022;06:41:00;3513;AC02 - Acidente com VITIMA;24;BR-040/RJ;RJ;Tombamento;1;1;1;;;;1
28/10/2022;14:46:00;3577;AC03 - Acidente sem VITIMA;125;BR-040/RJ;JF;Colisão Lateral;1;2;;;;;1
28/10/2022;16:48:00;3597;AC03 - Acidente sem VITIMA;13;BR-040/RJ;RJ;Choque - Objeto Fixo;1;1;;;;;1
28/10/2022;17:46:00;3614;AC03 - Acidente sem VITIMA;114;BR-040/RJ;JF;Colisão Traseira;1;2;;;;;1
30/10/2022;20:39:00;3905;AC02 - Acidente com VITIMA;796;BR-040/MG;JF;Colisão Traseira;1;0;1;1;;;2
31/10/2022;07:52:00;3956;AC02 - Acidente com VITIMA;121;BR-040/RJ;RJ;Queda de Moto;1;1;1;;;;1
31/10/2022;16:42:00;4015;AC03 - Acidente sem VITIMA;92;BR-040/RJ;RJ;Choque - Objeto Fixo;1;1;;;;;1
01/11/2022;12:57:00;81;AC03 - Acidente sem VITIMA;100;BR-040/RJ;JF;Colisão Traseira;1;2;;;;;1
02/11/2022;12:14:00;204;AC01 - Acidente com VITIMA FATAL;94;BR-040/RJ;RJ;Choque - Objeto Fixo;1;0;;;;1;3
03/11/2022;09:14:00;284;AC03 - Acidente sem VITIMA;94;BR-040/RJ;RJ;Colisão Lateral;1;2;;;;;1
03/11/2022;18:05:00;328;AC02 - Acidente com VITIMA;120;BR-040/RJ;JF;Colisão Lateral;1;1;1;1;;;2
04/11/2022;12:41:00;421;AC03 - Acidente sem VITIMA;802;BR-040/MG;RJ;Colisão Traseira;1;3;;;;;1
04/11/2022;19:29:00;465;AC02 - Acidente com VITIMA;804;BR-040/MG;JF;Colisão Traseira;1;0;1;1;;;2
07/11/2022;20:53:00;831;AC03 - Acidente sem VITIMA;102;BR-040/RJ;JF;Colisão Lateral;1;2;;;;;1
08/11/2022;02:37:00;845;AC02 - Acidente com VITIMA;96;BR-040/RJ;RJ;Tombamento;1;2;;1;;;2
09/11/2022;11:32:00;1012;AC02 - Acidente com VITIMA;119;BR-040/RJ;RJ;Tombamento;1;1;1;;;;1
09/11/2022;12:40:00;1026;AC03 - Acidente sem VITIMA;112;BR-040/RJ;JF;Colisão Lateral;1;2;;;;;1
09/11/2022;15:45:00;1044;AC05 - Atropelamento Fatal;775;BR-040/MG;JF;Atropelamento - Pedestre;1;0;1;;;1;3
09/11/2022;16:15:00;1048;AC03 - Acidente sem VITIMA;82;BR-040/RJ;RJ;Colisão Traseira;1;2;;;;;1
10/11/2022;05:18:00;1110;AC03 - Acidente sem VITIMA;116;BR-040/RJ;RJ;Colisão Traseira;1;2;;;;;1
10/11/2022;06:19:00;1114;AC02 - Acidente com VITIMA;111;BR-040/RJ;RJ;Engavetamento;1;3;3;;;;1
10/11/2022;10:29:00;1142;AC02 - Acidente com VITIMA;112;BR-040/RJ;RJ;Colisão Traseira;1;1;1;;;;1
12/11/2022;19:05:00;1521;AC02 - Acidente com VITIMA;782;BR-040/MG;JF;Atropelamento - Animal;1;0;1;;;;1
14/11/2022;14:26:00;1741;AC02 - Acidente com VITIMA;811;BR-040/MG;JF;Colisão Traseira;1;0;2;;;;1
15/11/2022;01:37:00;1804;AC03 - Acidente sem VITIMA;84;BR-040/RJ;JF;Choque - Objeto Fixo;1;1;;;;;1
15/11/2022;15:47:00;1889;AC03 - Acidente sem VITIMA;787;BR-040/MG;JF;Colisão Lateral;1;2;;;;;1
16/11/2022;17:25:00;2065;AC03 - Acidente sem VITIMA;6;BR-040/RJ;RJ;Colisão Lateral;1;2;;;;;1
18/11/2022;03:43:00;2222;AC02 - Acidente com VITIMA;61;BR-040/RJ;RJ;Capotamento;1;0;1;;;;1
18/11/2022;08:28:00;2249;AC02 - Acidente com VITIMA;122;BR-040/RJ;RJ;Colisão Lateral;1;2;2;;;;1
18/11/2022;13:43:00;2291;AC02 - Acidente com VITIMA;112;BR-040/RJ;JF;Engavetamento;1;1;2;;;;1
18/11/2022;20:55:00;2341;AC03 - Acidente sem VITIMA;96;BR-040/RJ;RJ;Saída de Pista;1;1;;;;;1
19/11/2022;10:23:00;2384;AC05 - Atropelamento Fatal;802;BR-040/MG;RJ;Atropelamento - Pedestre;1;0;;;;1;3
20/11/2022;17:24:00;2507;AC03 - Acidente sem VITIMA;105;BR-040/RJ;JF;Colisão Traseira;1;2;;;;;1
21/11/2022;08:50:00;2573;AC03 - Acidente sem VITIMA;123;BR-040/RJ;JF;Colisão Traseira;1;2;;;;;1
22/11/2022;06:43:00;2697;AC03 - Acidente sem VITIMA;113;BR-040/RJ;RJ;Colisão Lateral;1;2;;;;;1
23/11/2022;21:06:00;2927;AC02 - Acidente com VITIMA;100;BR-040/RJ;JF;Tombamento;1;0;1;;;;1
23/11/2022;22:39:00;2936;AC03 - Acidente sem VITIMA;124;BR-040/RJ;JF;Colisão Lateral;1;2;;;;;1
24/11/2022;06:36:00;2953;AC02 - Acidente com VITIMA;52;BR-040/RJ;JF;Choque - Objeto Fixo;1;0;2;;;;1
24/11/2022;16:23:00;3031;AC03 - Acidente sem VITIMA;111;BR-040/RJ;RJ;Engavetamento;1;3;;;;;1
27/11/2022;18:39:00;3401;AC02 - Acidente com VITIMA;91;BR-040/RJ;RJ;Colisão Traseira;1;1;1;;;;1
28/11/2022;10:40:00;3485;AC02 - Acidente com VITIMA;109;BR-040/RJ;RJ;Colisão Lateral;2;1;3;;;;1
30/11/2022;11:31:00;3721;AC02 - Acidente com VITIMA;67;BR-040/RJ;JF;Tombamento;1;0;1;;;;1
01/12/2022;01:20:00;5;AC03 - Acidente sem VITIMA;18;BR-040/RJ;JF;Atropelamento - Animal;1;1;;;;;1
01/12/2022;09:38:00;39;AC03 - Acidente sem VITIMA;123;BR-040/RJ;RJ;Colisão Lateral;1;2;;;;;1
01/12/2022;18:41:00;100;AC02 - Acidente com VITIMA;111;BR-040/RJ;JF;Colisão Lateral;1;1;1;;;;1
01/12/2022;19:34:00;104;AC03 - Acidente sem VITIMA;123;BR-040/RJ;JF;Colisão Lateral;1;2;;;;;1
02/12/2022;14:09:00;185;AC02 - Acidente com VITIMA;114;BR-040/RJ;JF;Colisão Lateral;1;1;1;;;;1
02/12/2022;14:19:00;186;AC03 - Acidente sem VITIMA;101;BR-040/RJ;JF;Colisão Traseira;1;2;;;;;1
05/12/2022;12:47:00;563;AC03 - Acidente sem VITIMA;87;BR-040/RJ;JF;Choque com objeto na pista;1;2;;;;;1
05/12/2022;17:23:00;601;AC03 - Acidente sem VITIMA;83;BR-040/RJ;JF;Colisão Lateral;1;2;;;;;1
06/12/2022;00:01:00;628;AC03 - Acidente sem VITIMA;37;BR-040/RJ;RJ;Tombamento;1;1;;;;;1
06/12/2022;05:48:00;637;AC03 - Acidente sem VITIMA;109;BR-040/RJ;JF;Tombamento;1;2;;;;;1
06/12/2022;09:22:00;664;AC02 - Acidente com VITIMA;37;BR-040/RJ;JF;Tombamento;1;0;1;;;;1
06/12/2022;14:02:00;706;AC02 - Acidente com VITIMA;4;BR-040/RJ;JF;Colisão Lateral;1;1;1;;;;1
07/12/2022;07:19:00;766;AC03 - Acidente sem VITIMA;109;BR-040/RJ;RJ;Colisão Lateral;1;2;;;;;1
08/12/2022;17:37:00;960;AC02 - Acidente com VITIMA;120;BR-040/RJ;JF;Colisão Transversal;1;1;1;;;;1
09/12/2022;06:45:00;1012;AC03 - Acidente sem VITIMA;89;BR-040/RJ;RJ;Colisão Traseira;1;2;;;;;1
09/12/2022;07:14:00;1018;AC03 - Acidente sem VITIMA;122;BR-040/RJ;JF;Colisão Traseira;1;2;;;;;1
09/12/2022;11:00:00;1053;AC03 - Acidente sem VITIMA;125;BR-040/RJ;JF;Colisão Traseira;2;2;;;;;1
10/12/2022;06:48:00;1171;AC02 - Acidente com VITIMA;124;BR-040/RJ;JF;Colisão Lateral;1;1;;1;;;2
10/12/2022;17:11:00;1243;AC01 - Acidente com VITIMA FATAL;117;BR-040/RJ;RJ;Capotamento;1;0;;;;1;3
11/12/2022;16:58:00;1372;AC02 - Acidente com VITIMA;828;BR-040/MG;RJ;Tombamento;1;0;2;;;;1
12/12/2022;17:33:00;1544;AC02 - Acidente com VITIMA;99;BR-040/RJ;JF;Tombamento;1;0;;1;;;2
13/12/2022;04:01:00;1580;AC02 - Acidente com VITIMA;116;BR-040/RJ;JF;Tombamento;1;0;1;;;;1
13/12/2022;06:48:00;1594;AC02 - Acidente com VITIMA;25;BR-040/RJ;RJ;Choque - Objeto Fixo;1;0;1;;;;1
13/12/2022;19:50:00;1694;AC03 - Acidente sem VITIMA;58;BR-040/RJ;JF;Colisão Traseira;1;2;;;;;1
14/12/2022;07:38:00;1738;AC03 - Acidente sem VITIMA;89;BR-040/RJ;RJ;Saída de Pista;1;1;;;;;1
14/12/2022;17:28:00;1804;AC03 - Acidente sem VITIMA;108;BR-040/RJ;JF;Colisão Lateral;1;2;;;;;1
15/12/2022;14:24:00;1916;AC02 - Acidente com VITIMA;102;BR-040/RJ;JF;Colisão Traseira;1;0;3;;;;1
16/12/2022;04:36:00;1977;AC03 - Acidente sem VITIMA;18;BR-040/RJ;JF;Atropelamento - Animal;1;1;;;;;1
16/12/2022;08:17:00;1997;AC02 - Acidente com VITIMA;118;BR-040/RJ;JF;Queda de Moto;1;1;1;;;;1
16/12/2022;13:36:00;2058;AC02 - Acidente com VITIMA;87;BR-040/RJ;RJ;Tombamento;1;0;;1;1;;2
19/12/2022;06:45:00;2406;AC03 - Acidente sem VITIMA;820;BR-040/MG;JF;Choque - Objeto Fixo;1;2;;;;;1
20/12/2022;14:20:00;2610;AC02 - Acidente com VITIMA;94;BR-040/RJ;RJ;Engavetamento;3;5;14;;;;1
21/12/2022;06:41:00;2679;AC02 - Acidente com VITIMA;108;BR-040/RJ;RJ;Colisão Traseira;1;1;1;;;;1
21/12/2022;12:56:00;2742;AC02 - Acidente com VITIMA;118;BR-040/RJ;RJ;Colisão Traseira;1;1;1;;;;1
22/12/2022;21:48:00;2984;AC02 - Acidente com VITIMA;118;BR-040/RJ;JF;Colisão Frontal;1;0;2;;;;1
23/12/2022;02:02:00;3002;AC02 - Acidente com VITIMA;43;BR-040/RJ;JF;Tombamento;1;1;;2;;;2
23/12/2022;16:56:00;3130;AC02 - Acidente com VITIMA;52;BR-040/RJ;RJ;Colisão Traseira;1;0;1;1;1;;2
24/12/2022;10:53:00;3227;AC03 - Acidente sem VITIMA;111;BR-040/RJ;JF;Colisão Traseira;1;2;;;;;1
26/12/2022;07:51:00;3404;AC02 - Acidente com VITIMA;85;BR-040/RJ;JF;Colisão Traseira;1;1;1;;;;1
27/12/2022;09:47:00;3548;AC02 - Acidente com VITIMA;816;BR-040/MG;RJ;Colisão Traseira;1;1;1;;;;1
27/12/2022;16:43:00;3630;AC03 - Acidente sem VITIMA;793;BR-040/MG;RJ;Colisão Traseira;1;2;;;;;1
30/12/2022;06:13:00;3996;AC02 - Acidente com VITIMA;823;BR-040/MG;RJ;Colisão Traseira;1;0;4;;;;1
30/12/2022;06:39:00;4000;AC03 - Acidente sem VITIMA;93;BR-040/RJ;RJ;Colisão Traseira;1;2;;;;;1
03/01/2023;09:05:00;368;AC03 - Acidente sem VITIMA;120;BR-040/RJ;RJ;Colisão Lateral;1;2;;;;;1
03/01/2023;17:09:00;451;AC02 - Acidente com VITIMA;43;BR-040/RJ;RJ;Saída de Pista;1;0;2;;;;1
04/01/2023;16:53:00;599;AC02 - Acidente com VITIMA;120;BR-040/RJ;JF;Engavetamento;1;4;3;;;;1
05/01/2023;07:34:00;663;AC02 - Acidente com VITIMA;121;BR-040/RJ;JF;Colisão Lateral;1;1;;2;;;2
06/01/2023;09:35:00;812;AC03 - Acidente sem VITIMA;18;BR-040/RJ;JF;Choque - Objeto Fixo;1;1;;;;;1
07/01/2023;01:39:00;913;AC03 - Acidente sem VITIMA;93;BR-040/RJ;RJ;Saída de Pista;1;1;;;;;1
07/01/2023;05:53:00;925;AC03 - Acidente sem VITIMA;113;BR-040/RJ;RJ;Colisão Lateral;1;2;;;;;1
08/01/2023;13:49:00;1106;AC02 - Acidente com VITIMA;90;BR-040/RJ;RJ;Engavetamento;1;1;7;;;;1
09/01/2023;11:48:00;1241;AC02 - Acidente com VITIMA;35;BR-040/RJ;JF;Engavetamento;1;0;13;;;;1
09/01/2023;18:32:00;1288;AC03 - Acidente sem VITIMA;94;BR-040/RJ;RJ;Choque - Objeto Fixo;1;1;;;;;1
10/01/2023;06:13:00;1336;AC03 - Acidente sem VITIMA;783;BR-040/MG;RJ;Colisão Traseira;1;2;;;;;1
11/01/2023;20:18:00;1624;AC02 - Acidente com VITIMA;122;BR-040/RJ;JF;Colisão Traseira;1;1;8;2;;;2
14/01/2023;16:57:00;2017;AC03 - Acidente sem VITIMA;81;BR-040/RJ;JF;Colisão Lateral;1;2;;;;;1
17/01/2023;07:20:00;2396;AC03 - Acidente sem VITIMA;102;BR-040/RJ;RJ;Colisão Traseira;1;2;;;;;1
19/01/2023;12:52:00;2709;AC03 - Acidente sem VITIMA;110;BR-040/RJ;JF;Colisão Lateral;1;2;;;;;1
19/01/2023;13:30:00;2713;AC03 - Acidente sem VITIMA;121;BR-040/RJ;RJ;Colisão Lateral;1;2;;;;;1
19/01/2023;14:15:00;2718;AC02 - Acidente com VITIMA;2;BR-040/RJ;RJ;Tombamento;1;0;;1;;;2
20/01/2023;18:17:00;2908;AC03 - Acidente sem VITIMA;88;BR-040/RJ;RJ;Colisão Traseira;1;2;;;;;1
21/01/2023;00:52:00;2951;AC03 - Acidente sem VITIMA;110;BR-040/RJ;JF;Colisão veiculo parado acostamento;1;2;;;;;1
21/01/2023;05:33:00;2957;AC03 - Acidente sem VITIMA;781;BR-040/MG;RJ;Colisão Traseira;2;2;;;;;1
21/01/2023;15:19:00;3038;AC02 - Acidente com VITIMA;801;BR-040/MG;RJ;Engavetamento;1;0;3;;;;1
21/01/2023;17:39:00;3056;AC03 - Acidente sem VITIMA;77;BR-040/RJ;JF;Tombamento;1;1;;;;;1
24/01/2023;07:04:00;3382;AC03 - Acidente sem VITIMA;805;BR-040/MG;JF;Colisão Traseira;2;2;;;;;1
24/01/2023;22:13:00;3504;AC03 - Acidente sem VITIMA;120;BR-040/RJ;JF;Colisão Traseira;1;2;;;;;1
26/01/2023;05:45:00;3671;AC02 - Acidente com VITIMA;93;BR-040/RJ;RJ;Colisão Traseira;2;0;1;1;;;2
26/01/2023;15:03:00;3745;AC03 - Acidente sem VITIMA;95;BR-040/RJ;JF;Colisão Lateral;1;2;;;;;1
27/01/2023;15:13:00;3896;AC03 - Acidente sem VITIMA;106;BR-040/RJ;RJ;Colisão Traseira;1;2;;;;;1
27/01/2023;18:28:00;3919;AC03 - Acidente sem VITIMA;115;BR-040/RJ;JF;Colisão Traseira;1;2;;;;;1
28/01/2023;01:28:00;3955;AC02 - Acidente com VITIMA;816;BR-040/MG;JF;Colisão Traseira;1;1;;1;;;2
30/01/2023;05:25:00;4235;AC02 - Acidente com VITIMA;111;BR-040/RJ;RJ;Engavetamento;1;2;1;1;;;2
31/01/2023;17:56:00;4461;AC02 - Acidente com VITIMA;93;BR-040/RJ;JF;Saída de Pista;1;1;1;;;;1
01/02/2023;03:03:00;8;AC03 - Acidente sem VITIMA;823;BR-040/MG;JF;Colisão Traseira;1;2;;;;;1
02/02/2023;03:24:00;145;AC03 - Acidente sem VITIMA;94;BR-040/RJ;RJ;Saída de Pista;1;1;;;;;1
02/02/2023;05:29:00;153;AC03 - Acidente sem VITIMA;74;BR-040/RJ;JF;Choque - Objeto Fixo;1;1;;;;;1
03/02/2023;08:04:00;297;AC03 - Acidente sem VITIMA;122;BR-040/RJ;RJ;Colisão Lateral;1;2;;;;;1
03/02/2023;11:48:00;323;AC03 - Acidente sem VITIMA;124;BR-040/RJ;RJ;Colisão Lateral;1;2;;;;;1
03/02/2023;17:50:00;389;AC03 - Acidente sem VITIMA;113;BR-040/RJ;JF;Engavetamento;1;5;;;;;1
04/02/2023;17:50:00;523;AC03 - Acidente sem VITIMA;795;BR-040/MG;RJ;Colisão Traseira;1;2;;;;;1
04/02/2023;19:03:00;531;AC03 - Acidente sem VITIMA;104;BR-040/RJ;JF;Colisão Lateral;1;2;;;;;1
06/02/2023;23:27:00;826;AC03 - Acidente sem VITIMA;787;BR-040/MG;JF;Choque - Objeto Fixo;1;1;;;;;1
09/02/2023;08:32:00;1193;AC02 - Acidente com VITIMA;109;BR-040/RJ;JF;Colisão Lateral;1;1;;1;;;2
10/02/2023;11:20:00;1369;AC03 - Acidente sem VITIMA;123;BR-040/RJ;JF;Colisão Lateral;1;2;;;;;1
13/02/2023;10:30:00;1752;AC03 - Acidente sem VITIMA;83;BR-040/RJ;JF;Choque - Objeto Fixo;1;2;;;;;1
13/02/2023;13:09:00;1792;AC03 - Acidente sem VITIMA;119;BR-040/RJ;JF;Engavetamento;2;3;;;;;1
14/02/2023;11:51:00;1934;AC03 - Acidente sem VITIMA;122;BR-040/RJ;JF;Colisão Lateral;1;2;;;;;1
14/02/2023;13:07:00;1962;AC02 - Acidente com VITIMA;784;BR-040/MG;JF;Colisão Traseira;1;0;6;;;;1
15/02/2023;03:12:00;2055;AC02 - Acidente com VITIMA;32;BR-040/RJ;RJ;Tombamento;1;0;;1;;;2
15/02/2023;11:20:00;2107;AC03 - Acidente sem VITIMA;89;BR-040/RJ;RJ;Choque - Objeto Fixo;1;1;;;;;1
17/02/2023;15:36:00;2527;AC02 - Acidente com VITIMA;122;BR-040/RJ;JF;Colisão Lateral;1;1;2;;;;1
18/02/2023;06:06:00;2637;AC02 - Acidente com VITIMA;113;BR-040/RJ;RJ;Tombamento;3;2;1;;;;1
18/02/2023;20:07:00;2789;AC03 - Acidente sem VITIMA;77;BR-040/RJ;JF;Colisão Lateral;1;2;;;;;1
21/02/2023;05:49:00;3090;AC03 - Acidente sem VITIMA;10;BR-040/RJ;RJ;Colisão Lateral;1;2;;;;;1
21/02/2023;14:26:00;3149;AC03 - Acidente sem VITIMA;99;BR-040/RJ;JF;Tombamento;1;1;;;;;1
23/02/2023;12:46:00;3411;AC03 - Acidente sem VITIMA;115;BR-040/RJ;RJ;Colisão Lateral;1;3;;;;;1
23/02/2023;12:56:00;3414;AC02 - Acidente com VITIMA;114;BR-040/RJ;RJ;Engavetamento;1;2;1;;;;1
27/02/2023;23:24:00;4022;AC02 - Acidente com VITIMA;101;BR-040/RJ;RJ;Colisão Traseira;2;1;1;1;;;2
28/02/2023;19:00:00;4126;AC03 - Acidente sem VITIMA;88;BR-040/RJ;JF;Colisão Lateral;1;2;;;;;1
28/02/2023;22:34:00;4149;AC03 - Acidente sem VITIMA;123;BR-040/RJ;RJ;Colisão Traseira;1;2;;;;;1
01/03/2023;11:28:00;55;AC03 - Acidente sem VITIMA;123;BR-040/RJ;RJ;Colisão Traseira;1;2;;;;;1
02/03/2023;10:39:00;176;AC03 - Acidente sem VITIMA;121;BR-040/RJ;RJ;Choque - Objeto Fixo;1;2;;;1;;2
03/03/2023;08:46:00;309;AC03 - Acidente sem VITIMA;804;BR-040/MG;RJ;Engavetamento;1;5;;;;;1
04/03/2023;01:00:00;437;AC03 - Acidente sem VITIMA;779;BR-040/MG;JF;Atropelamento - Animal;1;1;;;1;;2
04/03/2023;10:00:00;466;AC02 - Acidente com VITIMA;21;BR-040/RJ;JF;Colisão Traseira;1;1;;;;;1
06/03/2023;05:00:00;720;AC01 - Acidente com VITIMA FATAL;92;BR-040/RJ;RJ;Choque com objeto na pista;1;0;;;;;1
06/03/2023;05:22:00;723;AC03 - Acidente sem VITIMA;109;BR-040/RJ;RJ;Engavetamento;1;3;;;;;1
07/03/2023;08:48:00;852;AC02 - Acidente com VITIMA;124;BR-040/RJ;RJ;Colisão Lateral;1;1;;;;;1
07/03/2023;09:04:00;854;AC02 - Acidente com VITIMA;87;BR-040/RJ;RJ;Tombamento;1;0;;;;;1
08/03/2023;08:55:00;975;AC03 - Acidente sem VITIMA;123;BR-040/RJ;RJ;Colisão Traseira;1;3;;;;;1
08/03/2023;15:36:00;1008;AC03 - Acidente sem VITIMA;123;BR-040/RJ;JF;Colisão Traseira;1;2;;;;;1
09/03/2023;08:09:00;1073;AC03 - Acidente sem VITIMA;45;BR-040/RJ;RJ;Colisão Traseira;1;2;;;;;1
10/03/2023;13:31:00;1231;AC03 - Acidente sem VITIMA;90;BR-040/RJ;RJ;Choque - Objeto Fixo;1;2;;;;;1
10/03/2023;15:38:00;1257;AC03 - Acidente sem VITIMA;82;BR-040/RJ;JF;Colisão Traseira;1;2;;;;;1
10/03/2023;16:55:00;1265;AC03 - Acidente sem VITIMA;51;BR-040/RJ;JF;Colisão Lateral;1;2;;;;;1
11/03/2023;13:41:00;1362;AC03 - Acidente sem VITIMA;46;BR-040/RJ;JF;Colisão Traseira;1;2;;;;;1
11/03/2023;14:08:00;1364;AC03 - Acidente sem VITIMA;85;BR-040/RJ;RJ;Colisão Lateral;2;2;1;;;;1
13/03/2023;07:58:00;1576;AC03 - Acidente sem VITIMA;124;BR-040/RJ;RJ;Colisão Lateral;1;2;;;;;1
14/03/2023;06:52:00;1680;AC03 - Acidente sem VITIMA;810;BR-040/MG;JF;Colisão Traseira;1;2;;;;;1
14/03/2023;23:53:00;1788;AC03 - Acidente sem VITIMA;54;BR-040/RJ;RJ;Saída de Pista;1;1;;;;;1
15/03/2023;16:17:00;1887;AC02 - Acidente com VITIMA;10;BR-040/RJ;JF;Saída de Pista;1;0;1;;;;1
15/03/2023;17:43:00;1897;AC03 - Acidente sem VITIMA;107;BR-040/RJ;JF;Engavetamento;1;5;;;;;1
16/03/2023;00:10:00;1928;AC03 - Acidente sem VITIMA;816;BR-040/MG;RJ;Colisão Traseira;1;2;;;;;1
16/03/2023;08:05:00;1957;AC03 - Acidente sem VITIMA;120;BR-040/RJ;RJ;Engavetamento;1;4;;1;;;2
17/03/2023;12:06:00;2123;AC02 - Acidente com VITIMA;117;BR-040/RJ;RJ;Colisão Traseira;1;1;1;1;;;2
17/03/2023;23:53:00;2192;AC02 - Acidente com VITIMA;124;BR-040/RJ;JF;Colisão Traseira;1;1;2;;;;1
18/03/2023;11:36:00;2238;AC01 - Acidente com VITIMA FATAL;119;BR-040/RJ;JF;Colisão Lateral;1;1;;;;;1
19/03/2023;13:29:00;2377;AC03 - Acidente sem VITIMA;93;BR-040/RJ;JF;Colisão Lateral;1;2;;;;;1
21/03/2023;10:46:00;2639;AC02 - Acidente com VITIMA;108;BR-040/RJ;JF;Tombamento;1;0;;;;;1
22/03/2023;07:17:00;2735;AC03 - Acidente sem VITIMA;86;BR-040/RJ;JF;Colisão Lateral;1;2;;;;;1
22/03/2023;08:54:00;2748;AC03 - Acidente sem VITIMA;111;BR-040/RJ;RJ;Colisão Traseira;1;2;1;;;;1
22/03/2023;09:49:00;2754;AC03 - Acidente sem VITIMA;45;BR-040/RJ;RJ;Colisão Traseira;1;2;;;;;1
22/03/2023;12:37:00;2765;AC03 - Acidente sem VITIMA;124;BR-040/RJ;RJ;Colisão Traseira;1;2;;;;;1
24/03/2023;18:45:00;3077;AC02 - Acidente com VITIMA;101;BR-040/RJ;JF;Colisão Lateral;1;1;;;;;1
25/03/2023;07:56:00;3117;AC02 - Acidente com VITIMA;115;BR-040/RJ;JF;Tombamento;1;1;;;;;1
26/03/2023;15:48:00;3265;AC02 - Acidente com VITIMA;109;BR-040/RJ;RJ;Colisão Lateral;1;1;;1;;;2
27/03/2023;08:41:00;3375;AC02 - Acidente com VITIMA;90;BR-040/RJ;JF;Choque - Objeto Fixo;1;0;1;1;;;2
27/03/2023;11:17:00;3395;AC03 - Acidente sem VITIMA;107;BR-040/RJ;JF;Engavetamento;1;4;;;1;;2
28/03/2023;03:57:00;3473;AC02 - Acidente com VITIMA;822;BR-040/MG;JF;Colisão Traseira;2;0;;;;;1
28/03/2023;17:30:00;3563;AC03 - Acidente sem VITIMA;118;BR-040/RJ;JF;Colisão Lateral;1;2;;;;;1
29/03/2023;10:00:00;3643;AC03 - Acidente sem VITIMA;784;BR-040/MG;JF;Colisão Lateral;1;2;;;;;1
30/03/2023;17:05:00;3802;AC03 - Acidente sem VITIMA;117;BR-040/RJ;RJ;Colisão Traseira;2;2;;;;;1
31/03/2023;07:26:00;3869;AC02 - Acidente com VITIMA;787;BR-040/MG;RJ;Colisão Traseira;2;0;;;;;1
31/03/2023;07:50:00;3875;AC02 - Acidente com VITIMA;52;BR-040/RJ;RJ;Colisão Lateral;1;0;;;;;1